{
  "format_version": "1.21.6",
  "credit": "Made with Blockbench",
  "textures": {
    "0": "aether:item/ambrosium_shard_hand",
    "particle": "aether:item/ambrosium_shard_hand"
  },
  "elements": [
    {
      "from": [
        3,
        1,
        8
      ],
      "to": [
        7,
        3,
        12
      ],
      "rotation": {
        "angle": 22.5,
        "axis": "y",
        "origin": [
          3,
          1,
          7
        ]
      },
      "faces": {
        "north": {
          "uv": [
            4,
            0,
            8,
            2
          ],
          "texture": "#0"
        },
        "east": {
          "uv": [
            4,
            2,
            8,
            4
          ],
          "texture": "#0"
        },
        "south": {
          "uv": [
            4,
            4,
            8,
            6
          ],
          "texture": "#0"
        },
        "west": {
          "uv": [
            4,
            6,
            8,
            8
          ],
          "texture": "#0"
        },
        "up": {
          "uv": [
            4,
            4,
            0,
            0
          ],
          "texture": "#0"
        },
        "down": {
          "uv": [
            4,
            4,
            0,
            8
          ],
          "texture": "#0"
        }
      }
    },
    {
      "from": [
        8,
        1,
        5
      ],
      "to": [
        12,
        3,
        9
      ],
      "rotation": {
        "angle": 0,
        "axis": "y",
        "origin": [
          8,
          1,
          4
        ]
      },
      "faces": {
        "north": {
          "uv": [
            4,
            0,
            8,
            2
          ],
          "texture": "#0"
        },
        "east": {
          "uv": [
            4,
            2,
            8,
            4
          ],
          "texture": "#0"
        },
        "south": {
          "uv": [
            4,
            4,
            8,
            6
          ],
          "texture": "#0"
        },
        "west": {
          "uv": [
            4,
            6,
            8,
            8
          ],
          "texture": "#0"
        },
        "up": {
          "uv": [
            4,
            4,
            0,
            0
          ],
          "texture": "#0"
        },
        "down": {
          "uv": [
            4,
            4,
            0,
            8
          ],
          "texture": "#0"
        }
      }
    },
    {
      "from": [
        8,
        3,
        6
      ],
      "to": [
        12,
        5,
        10
      ],
      "rotation": {
        "angle": -22.5,
        "axis": "y",
        "origin": [
          8,
          3,
          5
        ]
      },
      "faces": {
        "north": {
          "uv": [
            4,
            0,
            8,
            2
          ],
          "texture": "#0"
        },
        "east": {
          "uv": [
            4,
            2,
            8,
            4
          ],
          "texture": "#0"
        },
        "south": {
          "uv": [
            4,
            4,
            8,
            6
          ],
          "texture": "#0"
        },
        "west": {
          "uv": [
            4,
            6,
            8,
            8
          ],
          "texture": "#0"
        },
        "up": {
          "uv": [
            4,
            4,
            0,
            0
          ],
          "texture": "#0"
        },
        "down": {
          "uv": [
            4,
            4,
            0,
            8
          ],
          "texture": "#0"
        }
      }
    }
  ],
  "display": {
    "thirdperson_righthand": {
      "translation": [
        0.5,
        3,
        2
      ],
      "scale": [
        0.5,
        0.5,
        0.5
      ]
    },
    "thirdperson_lefthand": {
      "translation": [
        -0.25,
        3,
        2
      ],
      "scale": [
        0.5,
        0.5,
        0.5
      ]
    },
    "firstperson_righthand": {
      "rotation": [
        168.42,
        76.25,
        170.38
      ],
      "translation": [
        0.75,
        7,
        1.25
      ],
      "scale": [
        0.8,
        0.8,
        0.8
      ]
    },
    "firstperson_lefthand": {
      "rotation": [
        168.42,
        76.25,
        170.38
      ],
      "translation": [
        0.75,
        7,
        1.25
      ],
      "scale": [
        0.8,
        0.8,
        0.8
      ]
    }
  },
  "groups": [
    {
      "name": "prismarine_crystals",
      "origin": [
        8,
        0,
        4
      ],
      "color": 0,
      "children": [
        0,
        1,
        2
      ]
    }
  ]
}