{
  "format_version": "1.21.6",
  "credit": "Made with Blockbench",
  "textures": {
    "0": "aether:item/bronze_dungeon_key_hand",
    "particle": "aether:item/bronze_dungeon_key_hand"
  },
  "elements": [
    {
      "from": [
        7,
        -2,
        7
      ],
      "to": [
        9,
        6,
        9
      ],
      "rotation": {
        "angle": 0,
        "axis": "z",
        "origin": [
          8,
          4,
          8
        ]
      },
      "faces": {
        "north": {
          "uv": [
            2.5,
            5,
            3.5,
            9
          ],
          "texture": "#0"
        },
        "east": {
          "uv": [
            3.5,
            5,
            2.5,
            9
          ],
          "texture": "#0"
        },
        "south": {
          "uv": [
            3.5,
            5,
            4.5,
            9
          ],
          "texture": "#0"
        },
        "west": {
          "uv": [
            6,
            2.5,
            7,
            6.5
          ],
          "texture": "#0"
        },
        "up": {
          "uv": [
            5.5,
            7.5,
            4.5,
            6.5
          ],
          "texture": "#0"
        },
        "down": {
          "uv": [
            6.5,
            6.5,
            5.5,
            7.5
          ],
          "texture": "#0"
        }
      }
    },
    {
      "from": [
        5,
        1,
        8
      ],
      "to": [
        7,
        3,
        8
      ],
      "rotation": {
        "angle": 0,
        "axis": "z",
        "origin": [
          8,
          4,
          8
        ]
      },
      "faces": {
        "north": {
          "uv": [
            6.5,
            6.5,
            7.5,
            7.5
          ],
          "texture": "#0"
        },
        "east": {
          "uv": [
            0,
            0,
            0,
            1
          ],
          "texture": "#0"
        },
        "south": {
          "uv": [
            8,
            4.5,
            7,
            3.5
          ],
          "texture": "#0"
        },
        "west": {
          "uv": [
            0,
            0,
            0,
            1
          ],
          "texture": "#0"
        },
        "up": {
          "uv": [
            1,
            0,
            0,
            0
          ],
          "texture": "#0"
        },
        "down": {
          "uv": [
            1,
            0,
            0,
            0
          ],
          "texture": "#0"
        }
      }
    },
    {
      "from": [
        5,
        -2,
        8
      ],
      "to": [
        7,
        0,
        8
      ],
      "rotation": {
        "angle": 0,
        "axis": "z",
        "origin": [
          8,
          4,
          8
        ]
      },
      "faces": {
        "north": {
          "uv": [
            7,
            3.5,
            8,
            4.5
          ],
          "texture": "#0"
        },
        "east": {
          "uv": [
            0,
            0,
            0,
            1
          ],
          "texture": "#0"
        },
        "south": {
          "uv": [
            7,
            3.5,
            8,
            4.5
          ],
          "texture": "#0"
        },
        "west": {
          "uv": [
            0,
            0,
            0,
            1
          ],
          "texture": "#0"
        },
        "up": {
          "uv": [
            1,
            0,
            0,
            0
          ],
          "texture": "#0"
        },
        "down": {
          "uv": [
            1,
            0,
            0,
            0
          ],
          "texture": "#0"
        }
      }
    },
    {
      "from": [
        5.5,
        6,
        5.5
      ],
      "to": [
        10.5,
        11,
        10.5
      ],
      "rotation": {
        "angle": 0,
        "axis": "z",
        "origin": [
          8,
          4,
          8
        ]
      },
      "faces": {
        "north": {
          "uv": [
            0,
            0,
            2.5,
            2.5
          ],
          "texture": "#0"
        },
        "east": {
          "uv": [
            0,
            2.5,
            2.5,
            5
          ],
          "texture": "#0"
        },
        "south": {
          "uv": [
            2.5,
            0,
            5,
            2.5
          ],
          "texture": "#0"
        },
        "west": {
          "uv": [
            2.5,
            2.5,
            0,
            5
          ],
          "texture": "#0"
        },
        "up": {
          "uv": [
            2.5,
            7.5,
            0,
            5
          ],
          "texture": "#0"
        },
        "down": {
          "uv": [
            7.5,
            0,
            5,
            2.5
          ],
          "texture": "#0"
        }
      }
    },
    {
      "from": [
        6,
        5,
        5.5
      ],
      "to": [
        7,
        6,
        10.5
      ],
      "rotation": {
        "angle": 0,
        "axis": "z",
        "origin": [
          8,
          4,
          8
        ]
      },
      "faces": {
        "north": {
          "uv": [
            0,
            8,
            0.5,
            8.5
          ],
          "texture": "#0"
        },
        "east": {
          "uv": [
            7.5,
            0.5,
            10,
            1
          ],
          "texture": "#0"
        },
        "south": {
          "uv": [
            8,
            0,
            8.5,
            0.5
          ],
          "texture": "#0"
        },
        "west": {
          "uv": [
            7.5,
            1,
            10,
            1.5
          ],
          "texture": "#0"
        },
        "up": {
          "uv": [
            1.5,
            10,
            1,
            7.5
          ],
          "texture": "#0"
        },
        "down": {
          "uv": [
            2,
            7.5,
            1.5,
            10
          ],
          "texture": "#0"
        }
      }
    },
    {
      "from": [
        7,
        5,
        8.5
      ],
      "to": [
        9,
        6,
        10.5
      ],
      "rotation": {
        "angle": 0,
        "axis": "z",
        "origin": [
          8,
          4,
          8
        ]
      },
      "faces": {
        "north": {
          "uv": [
            6,
            7.5,
            7,
            8
          ],
          "texture": "#0"
        },
        "east": {
          "uv": [
            7.5,
            6.5,
            8.5,
            7
          ],
          "texture": "#0"
        },
        "south": {
          "uv": [
            7,
            7.5,
            8,
            8
          ],
          "texture": "#0"
        },
        "west": {
          "uv": [
            7.5,
            7,
            8.5,
            7.5
          ],
          "texture": "#0"
        },
        "up": {
          "uv": [
            6,
            8.5,
            5,
            7.5
          ],
          "texture": "#0"
        },
        "down": {
          "uv": [
            8.5,
            5.5,
            7.5,
            6.5
          ],
          "texture": "#0"
        }
      }
    },
    {
      "from": [
        9,
        5,
        5.5
      ],
      "to": [
        10,
        6,
        10.5
      ],
      "rotation": {
        "angle": 0,
        "axis": "z",
        "origin": [
          8,
          4,
          8
        ]
      },
      "faces": {
        "north": {
          "uv": [
            0.5,
            8,
            1,
            8.5
          ],
          "texture": "#0"
        },
        "east": {
          "uv": [
            7.5,
            1.5,
            10,
            2
          ],
          "texture": "#0"
        },
        "south": {
          "uv": [
            8,
            2.5,
            8.5,
            3
          ],
          "texture": "#0"
        },
        "west": {
          "uv": [
            7.5,
            2,
            10,
            2.5
          ],
          "texture": "#0"
        },
        "up": {
          "uv": [
            2.5,
            10,
            2,
            7.5
          ],
          "texture": "#0"
        },
        "down": {
          "uv": [
            5,
            7.5,
            4.5,
            10
          ],
          "texture": "#0"
        }
      }
    },
    {
      "from": [
        6,
        7,
        5.48
      ],
      "to": [
        7,
        8,
        5.48
      ],
      "rotation": {
        "angle": 0,
        "axis": "z",
        "origin": [
          8,
          4,
          8
        ]
      },
      "faces": {
        "north": {
          "uv": [
            4.5,
            5,
            5,
            5.5
          ],
          "texture": "#0"
        },
        "east": {
          "uv": [
            0,
            0,
            0,
            0.5
          ],
          "texture": "#0"
        },
        "south": {
          "uv": [
            4.5,
            5.5,
            5,
            6
          ],
          "texture": "#0"
        },
        "west": {
          "uv": [
            0,
            0,
            0,
            0.5
          ],
          "texture": "#0"
        },
        "up": {
          "uv": [
            0.5,
            0,
            0,
            0
          ],
          "texture": "#0"
        },
        "down": {
          "uv": [
            0.5,
            0,
            0,
            0
          ],
          "texture": "#0"
        }
      }
    },
    {
      "from": [
        6,
        6,
        5.48
      ],
      "to": [
        7,
        7,
        5.48
      ],
      "rotation": {
        "angle": 0,
        "axis": "z",
        "origin": [
          8,
          4,
          8
        ]
      },
      "faces": {
        "north": {
          "uv": [
            7,
            6,
            7.5,
            6.5
          ],
          "texture": "#0"
        },
        "east": {
          "uv": [
            0,
            0,
            0,
            0.5
          ],
          "texture": "#0"
        },
        "south": {
          "uv": [
            0,
            7.5,
            0.5,
            8
          ],
          "texture": "#0"
        },
        "west": {
          "uv": [
            0,
            0,
            0,
            0.5
          ],
          "texture": "#0"
        },
        "up": {
          "uv": [
            0.5,
            0,
            0,
            0
          ],
          "texture": "#0"
        },
        "down": {
          "uv": [
            0,
            0,
            0.5,
            0
          ],
          "texture": "#0"
        }
      }
    },
    {
      "from": [
        9,
        7,
        5.48
      ],
      "to": [
        10,
        8,
        5.48
      ],
      "rotation": {
        "angle": 0,
        "axis": "z",
        "origin": [
          8,
          4,
          8
        ]
      },
      "faces": {
        "north": {
          "uv": [
            4.5,
            6,
            5,
            6.5
          ],
          "texture": "#0"
        },
        "east": {
          "uv": [
            0,
            0,
            0,
            0.5
          ],
          "texture": "#0"
        },
        "south": {
          "uv": [
            7,
            5.5,
            7.5,
            6
          ],
          "texture": "#0"
        },
        "west": {
          "uv": [
            0,
            0,
            0,
            0.5
          ],
          "texture": "#0"
        },
        "up": {
          "uv": [
            0.5,
            0,
            0,
            0
          ],
          "texture": "#0"
        },
        "down": {
          "uv": [
            0.5,
            0,
            0,
            0
          ],
          "texture": "#0"
        }
      }
    },
    {
      "from": [
        9,
        6,
        5.48
      ],
      "to": [
        10,
        7,
        5.48
      ],
      "rotation": {
        "angle": 0,
        "axis": "z",
        "origin": [
          8,
          4,
          8
        ]
      },
      "faces": {
        "north": {
          "uv": [
            7.5,
            0,
            8,
            0.5
          ],
          "texture": "#0"
        },
        "east": {
          "uv": [
            0,
            0,
            0,
            0.5
          ],
          "texture": "#0"
        },
        "south": {
          "uv": [
            0.5,
            7.5,
            1,
            8
          ],
          "texture": "#0"
        },
        "west": {
          "uv": [
            0,
            0,
            0,
            0.5
          ],
          "texture": "#0"
        },
        "up": {
          "uv": [
            0,
            0,
            0.5,
            0
          ],
          "texture": "#0"
        },
        "down": {
          "uv": [
            0,
            0,
            0.5,
            0
          ],
          "texture": "#0"
        }
      }
    }
  ],
  "display": {
    "thirdperson_righthand": {
      "translation": [
        0,
        3,
        1.25
      ],
      "scale": [
        0.75,
        0.75,
        0.75
      ]
    },
    "thirdperson_lefthand": {
      "translation": [
        0,
        3,
        1.25
      ],
      "scale": [
        0.75,
        0.75,
        0.75
      ]
    },
    "firstperson_righthand": {
      "rotation": [
        168.42,
        76.25,
        170.38
      ],
      "translation": [
        0.75,
        7,
        1.25
      ],
      "scale": [
        0.8,
        0.8,
        0.8
      ]
    },
    "firstperson_lefthand": {
      "rotation": [
        168.42,
        76.25,
        170.38
      ],
      "translation": [
        0.75,
        7,
        1.25
      ],
      "scale": [
        0.8,
        0.8,
        0.8
      ]
    }
  },
  "groups": [
    {
      "name": "kay",
      "origin": [
        9,
        6,
        6
      ],
      "color": 0,
      "children": [
        0,
        1,
        2,
        3,
        4,
        5,
        6,
        7,
        8,
        9,
        10
      ]
    }
  ]
}