{
  "credit": "Made with Blockbench",
  "texture_size": [
    32,
    32
  ],
  "textures": {
    "0": "aether:item/golden_amber_hand",
    "particle": "aether:item/golden_amber_hand"
  },
  "elements": [
    {
      "from": [
        5,
        1,
        5
      ],
      "to": [
        11,
        7,
        11
      ],
      "rotation": {
        "angle": 0,
        "axis": "y",
        "origin": [
          11,
          1,
          5
        ]
      },
      "faces": {
        "north": {
          "uv": [
            3,
            3,
            6,
            6
          ],
          "texture": "#0"
        },
        "east": {
          "uv": [
            0,
            0,
            3,
            3
          ],
          "texture": "#0"
        },
        "south": {
          "uv": [
            3,
            3,
            6,
            6
          ],
          "texture": "#0"
        },
        "west": {
          "uv": [
            0,
            0,
            3,
            3
          ],
          "texture": "#0"
        },
        "up": {
          "uv": [
            3,
            9,
            0,
            6
          ],
          "rotation": 90,
          "texture": "#0"
        },
        "down": {
          "uv": [
            9,
            0,
            6,
            3
          ],
          "rotation": 270,
          "texture": "#0"
        }
      }
    }
  ],
  "display": {
    "thirdperson_righthand": {
      "rotation": [
        0,
        138,
        0
      ],
      "translation": [
        0,
        3.75,
        1
      ],
      "scale": [
        0.53,
        0.53,
        0.53
      ]
    },
    "thirdperson_lefthand": {
      "rotation": [
        0,
        138,
        0
      ],
      "translation": [
        0,
        3.75,
        1
      ],
      "scale": [
        0.53,
        0.53,
        0.53
      ]
    },
    "firstperson_righthand": {
      "rotation": [
        -7,
        99,
        2
      ],
      "translation": [
        -0.25,
        5.5,
        2
      ],
      "scale": [
        0.52,
        0.52,
        0.62
      ]
    },
    "firstperson_lefthand": {
      "rotation": [
        -7,
        99,
        2
      ],
      "translation": [
        -0.25,
        5.5,
        2
      ],
      "scale": [
        0.52,
        0.52,
        0.62
      ]
    },
    "ground": {
      "translation": [
        0,
        4,
        0
      ],
      "scale": [
        0.7,
        0.7,
        0.7
      ]
    },
    "gui": {
      "rotation": [
        30,
        -135,
        0
      ],
      "translation": [
        0,
        6.5,
        0
      ],
      "scale": [
        1.5,
        1.5,
        1.5
      ]
    },
    "head": {
      "translation": [
        0,
        7.75,
        0
      ]
    }
  },
  "groups": [
    {
      "name": "snow",
      "origin": [
        8,
        8,
        8
      ],
      "color": 0,
      "children": [
        0
      ]
    }
  ]
}