{
  "format_version": "1.21.6",
  "credit": "Made with Blockbench",
  "texture_size": [
    32,
    32
  ],
  "textures": {
    "2": "aether:item/golden_gummy_swet_hand"
  },
  "elements": [
    {
      "from": [
        5,
        -0.5,
        5
      ],
      "to": [
        11,
        5.5,
        11
      ],
      "rotation": {
        "angle": 0,
        "axis": "y",
        "origin": [
          8,
          -0.5,
          8
        ]
      },
      "faces": {
        "north": {
          "uv": [
            0,
            0,
            3,
            3
          ],
          "texture": "#2"
        },
        "east": {
          "uv": [
            0,
            3,
            3,
            6
          ],
          "texture": "#2"
        },
        "south": {
          "uv": [
            3,
            0,
            6,
            3
          ],
          "texture": "#2"
        },
        "west": {
          "uv": [
            3,
            3,
            6,
            6
          ],
          "texture": "#2"
        },
        "up": {
          "uv": [
            3,
            9,
            0,
            6
          ],
          "texture": "#2"
        },
        "down": {
          "uv": [
            9,
            0,
            6,
            3
          ],
          "texture": "#2"
        }
      }
    },
    {
      "from": [
        8.75,
        3.25,
        4.65
      ],
      "to": [
        9.75,
        4.25,
        4.65
      ],
      "rotation": {
        "angle": 0,
        "axis": "y",
        "origin": [
          8,
          -0.5,
          7.9
        ]
      },
      "faces": {
        "north": {
          "uv": [
            6,
            9,
            6.5,
            9.5
          ],
          "texture": "#2"
        },
        "east": {
          "uv": [
            0,
            0,
            0,
            0.5
          ],
          "texture": "#2"
        },
        "south": {
          "uv": [
            9,
            6,
            9.5,
            6.5
          ],
          "texture": "#2"
        },
        "west": {
          "uv": [
            0,
            0,
            0,
            0.5
          ],
          "texture": "#2"
        },
        "up": {
          "uv": [
            0.5,
            0,
            0,
            0
          ],
          "texture": "#2"
        },
        "down": {
          "uv": [
            0.5,
            0,
            0,
            0
          ],
          "texture": "#2"
        }
      }
    },
    {
      "name": "cube_outline",
      "from": [
        11.2,
        5.7,
        11.2
      ],
      "to": [
        4.8,
        -0.7,
        4.8
      ],
      "rotation": {
        "angle": 0,
        "axis": "y",
        "origin": [
          8,
          -0.5,
          8
        ]
      },
      "faces": {
        "north": {
          "uv": [
            3,
            6,
            6,
            9
          ],
          "texture": "#2"
        },
        "east": {
          "uv": [
            6,
            3,
            9,
            6
          ],
          "texture": "#2"
        },
        "south": {
          "uv": [
            6,
            6,
            9,
            9
          ],
          "texture": "#2"
        },
        "west": {
          "uv": [
            0,
            9,
            3,
            12
          ],
          "texture": "#2"
        },
        "up": {
          "uv": [
            12,
            3,
            9,
            0
          ],
          "texture": "#2"
        },
        "down": {
          "uv": [
            6,
            9,
            3,
            12
          ],
          "texture": "#2"
        }
      }
    }
  ],
  "display": {
    "thirdperson_righthand": {
      "rotation": [
        0,
        -180,
        0
      ],
      "translation": [
        0,
        4.75,
        1.5
      ],
      "scale": [
        0.53,
        0.53,
        0.53
      ]
    },
    "thirdperson_lefthand": {
      "rotation": [
        0,
        -180,
        0
      ],
      "translation": [
        0,
        4.75,
        1.5
      ],
      "scale": [
        0.53,
        0.53,
        0.53
      ]
    },
    "firstperson_righthand": {
      "rotation": [
        168.42,
        76.25,
        170.38
      ],
      "translation": [
        0.75,
        7,
        1.25
      ],
      "scale": [
        0.6,
        0.6,
        0.6
      ]
    },
    "firstperson_lefthand": {
      "rotation": [
        168.42,
        76.25,
        170.38
      ],
      "translation": [
        0.75,
        7,
        1.25
      ],
      "scale": [
        0.6,
        0.6,
        0.6
      ]
    },
    "ground": {
      "translation": [
        0,
        4,
        0
      ],
      "scale": [
        0.7,
        0.7,
        0.7
      ]
    },
    "gui": {
      "rotation": [
        30,
        -135,
        0
      ],
      "translation": [
        0,
        6.5,
        0
      ],
      "scale": [
        1.5,
        1.5,
        1.5
      ]
    },
    "head": {
      "translation": [
        0,
        7.75,
        0
      ]
    }
  },
  "groups": [
    {
      "name": "eye",
      "origin": [
        8,
        8,
        8
      ],
      "color": 0,
      "children": [
        0,
        1,
        2
      ]
    }
  ]
}