{"parent":"item/generated","overrides":[{"predicate":{"eatinganimation:eat":0.35,"eatinganimation:eating":1},"model":"compatdelight:item/holiday_candy_ice_cream_0"},{"predicate":{"eatinganimation:eat":0.7,"eatinganimation:eating":1},"model":"compatdelight:item/holiday_candy_ice_cream_1"},{"predicate":{"eatinganimation:eat":0.9,"eatinganimation:eating":1},"model":"compatdelight:item/holiday_candy_ice_cream_2"}],"textures":{"layer0":"compatdelight:item/borninchaosdelight/holiday_candy_ice_cream"}}