{"parent":"item/generated","overrides":[{"predicate":{"eatinganimation:eat":0.35,"eatinganimation:eating":1},"model":"compatdelight:item/honey_glazed_monster_flesh_0"},{"predicate":{"eatinganimation:eat":0.7,"eatinganimation:eating":1},"model":"compatdelight:item/honey_glazed_monster_flesh_1"},{"predicate":{"eatinganimation:eat":0.9,"eatinganimation:eating":1},"model":"compatdelight:item/honey_glazed_monster_flesh_2"}],"textures":{"layer0":"compatdelight:item/borninchaosdelight/honey_glazed_monster_flesh"}}