{"parent":"item/generated","overrides":[{"predicate":{"eatinganimation:eat":0.35,"eatinganimation:eating":1},"model":"compatdelight:item/monster_flesh_hamburger_0"},{"predicate":{"eatinganimation:eat":0.7,"eatinganimation:eating":1},"model":"compatdelight:item/monster_flesh_hamburger_1"},{"predicate":{"eatinganimation:eat":0.9,"eatinganimation:eating":1},"model":"compatdelight:item/monster_flesh_hamburger_2"}],"textures":{"layer0":"compatdelight:item/borninchaosdelight/monster_flesh_hamburger"}}