{
	"credit": "Created by JamieCubed",
	"parent": "block/block",
	"ambientocclusion": false,
	"textures": {
		"particle": "#texture"
	},
	"elements": [
		{
			"name": "top bar",
			"from": [7, 12, 4],
			"to": [9, 15, 12],
			"faces": {
				"east": {"uv": [12, 7, 4, 10], "texture": "#texture"},
				"west": {"uv": [4, 7, 12, 10], "texture": "#texture"},
				"up": {"uv": [4, 6, 12, 8], "rotation": 90, "texture": "#texture"},
				"down": {"uv": [4, 9, 12, 11], "rotation": 90, "texture": "#texture"}
			}
		},
		{
			"name": "lower bar",
			"from": [7, 6, 4],
			"to": [9, 9, 12],
			"faces": {
				"east": {"uv": [12, 12, 4, 15], "texture": "#texture"},
				"west": {"uv": [4, 12, 12, 15], "texture": "#texture"},
				"up": {"uv": [4, 11, 12, 13], "rotation": 90, "texture": "#texture"},
				"down": {"uv": [4, 14, 12, 16], "rotation": 90, "texture": "#texture"}
			}
		},
		{
			"name": "top bar",
			"from": [7, 12, 16],
			"to": [9, 15, 18],
			"faces": {
				"east": {"uv": [6, 7, 4, 10], "texture": "#texture"},
				"south": {"uv": [9, 7, 11, 10], "texture": "#texture"},
				"west": {"uv": [4, 7, 6, 10], "texture": "#texture"},
				"up": {"uv": [4, 6, 6, 8], "rotation": 90, "texture": "#texture"},
				"down": {"uv": [4, 9, 6, 11], "rotation": 90, "texture": "#texture"}
			}
		},
		{
			"name": "lower bar",
			"from": [7, 6, 16],
			"to": [9, 9, 18],
			"faces": {
				"east": {"uv": [6, 12, 4, 15], "texture": "#texture"},
				"south": {"uv": [11, 12, 13, 15], "texture": "#texture"},
				"west": {"uv": [4, 12, 6, 15], "texture": "#texture"},
				"up": {"uv": [4, 11, 6, 13], "rotation": 90, "texture": "#texture"},
				"down": {"uv": [4, 14, 6, 16], "rotation": 90, "texture": "#texture"}
			}
		},
		{
			"name": "top bar",
			"from": [7, 12, -2],
			"to": [9, 15, 0],
			"faces": {
				"north": {"uv": [9, 7, 11, 10], "texture": "#texture"},
				"east": {"uv": [6, 7, 4, 10], "texture": "#texture"},
				"west": {"uv": [4, 7, 6, 10], "texture": "#texture"},
				"up": {"uv": [4, 6, 6, 8], "rotation": 90, "texture": "#texture"},
				"down": {"uv": [4, 9, 6, 11], "rotation": 90, "texture": "#texture"}
			}
		},
		{
			"name": "lower bar",
			"from": [7, 6, -2],
			"to": [9, 9, 0],
			"faces": {
				"north": {"uv": [12, 12, 14, 15], "texture": "#texture"},
				"east": {"uv": [6, 12, 4, 15], "texture": "#texture"},
				"west": {"uv": [4, 12, 6, 15], "texture": "#texture"},
				"up": {"uv": [4, 11, 6, 13], "rotation": 90, "texture": "#texture"},
				"down": {"uv": [4, 14, 6, 16], "rotation": 90, "texture": "#texture"}
			}
		},
		{
			"name": "Center Post",
			"from": [6, 0, 0],
			"to": [10, 16, 4],
			"rotation": {"angle": 0, "axis": "y", "origin": [8, 8, 8]},
			"faces": {
				"north": {"uv": [0, 0, 4, 16], "texture": "#texture"},
				"east": {"uv": [4, 0, 0, 16], "texture": "#texture"},
				"south": {"uv": [0, 0, 4, 16], "texture": "#texture"},
				"west": {"uv": [4, 0, 0, 16], "texture": "#texture"},
				"up": {"uv": [4, 0, 8, 4], "texture": "#texture"},
				"down": {"uv": [8, 0, 12, 4], "texture": "#texture"}
			}
		},
		{
			"name": "Center Post",
			"from": [6, 0, 12],
			"to": [10, 16, 16],
			"rotation": {"angle": 0, "axis": "y", "origin": [8, 8, 8]},
			"faces": {
				"north": {"uv": [0, 0, 4, 16], "texture": "#texture"},
				"east": {"uv": [4, 0, 0, 16], "texture": "#texture"},
				"south": {"uv": [0, 0, 4, 16], "texture": "#texture"},
				"west": {"uv": [4, 0, 0, 16], "texture": "#texture"},
				"up": {"uv": [4, 0, 8, 4], "texture": "#texture"},
				"down": {"uv": [8, 0, 12, 4], "texture": "#texture"}
			}
		}
	],
	"display": {
		"gui": {
			"rotation": [30, 135, 0],
			"scale": [0.625, 0.625, 0.625]
		},
		"fixed": {
			"rotation": [0, 90, 0],
			"scale": [0.5, 0.5, 0.5]
		}
	}
}