{
	"credit": "Created by JamieCubed",
	"textures": {
		"particle": "#texture"
	},
	"elements": [
		{
			"name": "top bar",
			"from": [7, 12, 0],
			"to": [9, 15, 9],
			"faces": {
				"east": {"uv": [13, 7, 4, 10], "texture": "#texture"},
				"west": {"uv": [4, 7, 13, 10], "texture": "#texture"},
				"up": {"uv": [4, 6, 13, 8], "rotation": 90, "texture": "#texture"},
				"down": {"uv": [4, 9, 13, 11], "rotation": 90, "texture": "#texture"}
			}
		},
		{
			"name": "lower bar",
			"from": [7, 6, 0],
			"to": [9, 9, 9],
			"faces": {
				"east": {"uv": [13, 12, 4, 15], "texture": "#texture"},
				"west": {"uv": [4, 12, 13, 15], "texture": "#texture"},
				"up": {"uv": [4, 11, 13, 13], "rotation": 90, "texture": "#texture"},
				"down": {"uv": [4, 14, 13, 16], "rotation": 90, "texture": "#texture"}
			}
		}
	]
}