{
  "multipart": [
    {
      "apply": {
        "model": "minecraft:block/fences/nether_brick_fence_post"
      }
    },
    {
      "apply": {
        "model": "minecraft:block/fences/nether_brick_fence_side",
        "uvlock": false
      },
      "when": {
        "north": "true"
      }
    },
    {
      "apply": {
        "model": "minecraft:block/fences/nether_brick_fence_side",
        "uvlock": false,
        "y": 90
      },
      "when": {
        "east": "true"
      }
    },
    {
      "apply": {
        "model": "minecraft:block/fences/nether_brick_fence_side",
        "uvlock": false,
        "y": 180
      },
      "when": {
        "south": "true"
      }
    },
    {
      "apply": {
        "model": "minecraft:block/fences/nether_brick_fence_side",
        "uvlock": false,
        "y": 270
      },
      "when": {
        "west": "true"
      }
    }
  ]
}