{
  "format_version": "1.9.0",
  "credit": "Made with Blockbench",
  "texture_size": [
    32,
    32
  ],
  "textures": {
    "0": "nethers_exoticism:item/ramboutan_hand",
    "particle": "nethers_exoticism:item/ramboutan_hand"
  },
  "elements": [
    {
      "from": [
        4,
        -1,
        4
      ],
      "to": [
        12,
        4,
        12
      ],
      "rotation": {
        "angle": 0,
        "axis": "y",
        "origin": [
          10,
          1,
          6.5
        ]
      },
      "faces": {
        "north": {
          "uv": [
            4,
            0,
            8,
            2.5
          ],
          "texture": "#0"
        },
        "east": {
          "uv": [
            4,
            2.5,
            8,
            5
          ],
          "texture": "#0"
        },
        "south": {
          "uv": [
            4,
            5,
            8,
            7.5
          ],
          "texture": "#0"
        },
        "west": {
          "uv": [
            4,
            7.5,
            8,
            10
          ],
          "texture": "#0"
        },
        "up": {
          "uv": [
            4,
            4,
            0,
            0
          ],
          "texture": "#0"
        },
        "down": {
          "uv": [
            4,
            4,
            0,
            8
          ],
          "texture": "#0"
        }
      }
    },
    {
      "from": [
        7,
        4,
        7
      ],
      "to": [
        11,
        6,
        11
      ],
      "rotation": {
        "angle": 0,
        "axis": "y",
        "origin": [
          9,
          4,
          7
        ]
      },
      "faces": {
        "north": {
          "uv": [
            12,
            5,
            14,
            6
          ],
          "texture": "#0"
        },
        "east": {
          "uv": [
            7,
            12,
            9,
            13
          ],
          "texture": "#0"
        },
        "south": {
          "uv": [
            12,
            9,
            14,
            10
          ],
          "texture": "#0"
        },
        "west": {
          "uv": [
            12,
            10,
            14,
            11
          ],
          "texture": "#0"
        },
        "up": {
          "uv": [
            12,
            11,
            10,
            9
          ],
          "texture": "#0"
        },
        "down": {
          "uv": [
            2,
            11,
            0,
            13
          ],
          "texture": "#0"
        }
      }
    },
    {
      "from": [
        10,
        -1,
        2
      ],
      "to": [
        14,
        2,
        8
      ],
      "rotation": {
        "angle": 0,
        "axis": "y",
        "origin": [
          12,
          -1,
          2
        ]
      },
      "faces": {
        "north": {
          "uv": [
            12,
            2,
            14,
            3.5
          ],
          "texture": "#0"
        },
        "east": {
          "uv": [
            10,
            6,
            13,
            7.5
          ],
          "texture": "#0"
        },
        "south": {
          "uv": [
            12,
            3.5,
            14,
            5
          ],
          "texture": "#0"
        },
        "west": {
          "uv": [
            10,
            7.5,
            13,
            9
          ],
          "texture": "#0"
        },
        "up": {
          "uv": [
            10,
            6,
            8,
            3
          ],
          "texture": "#0"
        },
        "down": {
          "uv": [
            10,
            6,
            8,
            9
          ],
          "texture": "#0"
        }
      }
    },
    {
      "from": [
        3,
        -1,
        3
      ],
      "to": [
        7,
        1,
        7
      ],
      "rotation": {
        "angle": 0,
        "axis": "y",
        "origin": [
          4,
          -1,
          3
        ]
      },
      "faces": {
        "north": {
          "uv": [
            12,
            11,
            14,
            12
          ],
          "texture": "#0"
        },
        "east": {
          "uv": [
            12,
            12,
            14,
            13
          ],
          "texture": "#0"
        },
        "south": {
          "uv": [
            0,
            13,
            2,
            14
          ],
          "texture": "#0"
        },
        "west": {
          "uv": [
            13,
            0,
            15,
            1
          ],
          "texture": "#0"
        },
        "up": {
          "uv": [
            13,
            2,
            11,
            0
          ],
          "texture": "#0"
        },
        "down": {
          "uv": [
            12,
            11,
            10,
            13
          ],
          "texture": "#0"
        }
      }
    },
    {
      "from": [
        3,
        -1,
        7
      ],
      "to": [
        7,
        5,
        13
      ],
      "rotation": {
        "angle": 0,
        "axis": "y",
        "origin": [
          2,
          -1,
          9
        ]
      },
      "faces": {
        "north": {
          "uv": [
            8,
            9,
            10,
            12
          ],
          "texture": "#0"
        },
        "east": {
          "uv": [
            0,
            8,
            3,
            11
          ],
          "texture": "#0"
        },
        "south": {
          "uv": [
            3,
            10,
            5,
            13
          ],
          "texture": "#0"
        },
        "west": {
          "uv": [
            8,
            0,
            11,
            3
          ],
          "texture": "#0"
        },
        "up": {
          "uv": [
            12,
            6,
            10,
            3
          ],
          "texture": "#0"
        },
        "down": {
          "uv": [
            7,
            10,
            5,
            13
          ],
          "texture": "#0"
        }
      }
    }
  ],
  "display": {
    "thirdperson_righthand": {
      "translation": [
        0,
        3.5,
        0
      ],
      "scale": [
        0.5,
        0.5,
        0.5
      ]
    },
    "thirdperson_lefthand": {
      "translation": [
        0,
        3.5,
        0
      ],
      "scale": [
        0.5,
        0.5,
        0.5
      ]
    },
    "firstperson_righthand": {
      "rotation": [
        168.42,
        76.25,
        170.38
      ],
      "translation": [
        0.75,
        7,
        1.25
      ],
      "scale": [
        0.7,
        0.7,
        0.7
      ]
    },
    "firstperson_lefthand": {
      "rotation": [
        168.42,
        76.25,
        170.38
      ],
      "translation": [
        0.75,
        7,
        1.25
      ],
      "scale": [
        0.7,
        0.7,
        0.7
      ]
    }
  },
  "groups": [
    {
      "name": "dye",
      "origin": [
        10,
        2,
        6.5
      ],
      "color": 0,
      "children": [
        0,
        1,
        2,
        3,
        4
      ]
    }
  ]
}