{
  "format_version": "1.21.6",
  "credit": "Made with Blockbench",
  "texture_size": [
    32,
    32
  ],
  "textures": {
    "0": "betterend:item/guidebook_hand",
    "particle": "betterend:item/guidebook_hand"
  },
  "elements": [
    {
      "from": [
        4.5,
        -2,
        10
      ],
      "to": [
        11.5,
        8,
        10.5
      ],
      "rotation": {
        "angle": 0,
        "axis": "y",
        "origin": [
          9.5,
          3,
          9
        ]
      },
      "faces": {
        "north": {
          "uv": [
            3.5,
            5,
            0,
            0
          ],
          "rotation": 180,
          "texture": "#0"
        },
        "east": {
          "uv": [
            7,
            9,
            12,
            9.5
          ],
          "rotation": 90,
          "texture": "#0"
        },
        "south": {
          "uv": [
            7,
            0,
            3.5,
            5
          ],
          "texture": "#0"
        },
        "west": {
          "uv": [
            7,
            9.5,
            12,
            10
          ],
          "rotation": 270,
          "texture": "#0"
        },
        "up": {
          "uv": [
            10,
            7.5,
            13.5,
            8
          ],
          "texture": "#0"
        },
        "down": {
          "uv": [
            10,
            7,
            13.5,
            7.5
          ],
          "rotation": 180,
          "texture": "#0"
        }
      }
    },
    {
      "from": [
        5,
        -1.5,
        8
      ],
      "to": [
        11,
        7.5,
        10
      ],
      "rotation": {
        "angle": 0,
        "axis": "y",
        "origin": [
          9.5,
          3,
          9
        ]
      },
      "faces": {
        "north": {
          "uv": [
            5.5,
            10.5,
            8.5,
            15
          ],
          "texture": "#0"
        },
        "east": {
          "uv": [
            4,
            10.5,
            5,
            15
          ],
          "texture": "#0"
        },
        "south": {
          "uv": [
            8.5,
            10.5,
            11.5,
            15
          ],
          "texture": "#0"
        },
        "west": {
          "uv": [
            3,
            10.5,
            4,
            15
          ],
          "texture": "#0"
        },
        "up": {
          "uv": [
            11.5,
            5.5,
            10.5,
            2.5
          ],
          "rotation": 270,
          "texture": "#0"
        },
        "down": {
          "uv": [
            1,
            11,
            0,
            14
          ],
          "rotation": 90,
          "texture": "#0"
        }
      }
    },
    {
      "from": [
        4.5,
        -2,
        7.5
      ],
      "to": [
        11.5,
        8,
        8
      ],
      "rotation": {
        "angle": 0,
        "axis": "y",
        "origin": [
          9.5,
          3,
          9
        ]
      },
      "faces": {
        "north": {
          "uv": [
            3.5,
            10,
            0,
            5
          ],
          "rotation": 180,
          "texture": "#0"
        },
        "east": {
          "uv": [
            0,
            10,
            5,
            10.5
          ],
          "rotation": 90,
          "texture": "#0"
        },
        "south": {
          "uv": [
            7,
            5,
            3.5,
            10
          ],
          "texture": "#0"
        },
        "west": {
          "uv": [
            10,
            0,
            15,
            0.5
          ],
          "rotation": 270,
          "texture": "#0"
        },
        "up": {
          "uv": [
            10,
            8.5,
            13.5,
            9
          ],
          "texture": "#0"
        },
        "down": {
          "uv": [
            10,
            8,
            13.5,
            8.5
          ],
          "rotation": 180,
          "texture": "#0"
        }
      }
    },
    {
      "from": [
        10.5,
        -2,
        8
      ],
      "to": [
        11.5,
        8,
        10
      ],
      "rotation": {
        "angle": 0,
        "axis": "y",
        "origin": [
          9.5,
          3,
          9
        ]
      },
      "faces": {
        "north": {
          "uv": [
            10.5,
            6.5,
            10,
            1.5
          ],
          "rotation": 180,
          "texture": "#0"
        },
        "east": {
          "uv": [
            10,
            0.5,
            15,
            1
          ],
          "rotation": 90,
          "texture": "#0"
        },
        "south": {
          "uv": [
            5.5,
            10,
            5,
            15
          ],
          "texture": "#0"
        },
        "west": {
          "uv": [
            10,
            1,
            15,
            1.5
          ],
          "rotation": 270,
          "texture": "#0"
        },
        "up": {
          "uv": [
            10.5,
            2,
            11,
            2.5
          ],
          "texture": "#0"
        },
        "down": {
          "uv": [
            10.5,
            1.5,
            11,
            2
          ],
          "rotation": 180,
          "texture": "#0"
        }
      }
    }
  ],
  "display": {
    "thirdperson_righthand": {
      "rotation": [
        0,
        -90,
        0
      ],
      "translation": [
        0.75,
        1.5,
        -1
      ],
      "scale": [
        0.7,
        0.7,
        0.7
      ]
    },
    "thirdperson_lefthand": {
      "rotation": [
        0,
        -90,
        0
      ],
      "translation": [
        0.75,
        1.5,
        -1
      ],
      "scale": [
        0.7,
        0.7,
        0.7
      ]
    },
    "firstperson_righthand": {
      "rotation": [
        5.84,
        29.5,
        -24.39
      ],
      "translation": [
        -1.25,
        7,
        1.25
      ]
    },
    "firstperson_lefthand": {
      "rotation": [
        5.84,
        29.5,
        -24.39
      ],
      "translation": [
        -1.25,
        7,
        1.25
      ]
    },
    "gui": {
      "rotation": [
        30,
        -135,
        0
      ],
      "translation": [
        0,
        3,
        0
      ]
    }
  },
  "groups": [
    {
      "name": "book",
      "origin": [
        6,
        2,
        7.5
      ],
      "color": 0,
      "children": [
        0,
        1,
        2,
        3
      ]
    }
  ]
}