{
  "credit": "Made with Blockbench",
  "textures": {
    "0": "betterend:item/thallasium_forged_plate_hand",
    "particle": "betterend:item/thallasium_forged_plate_hand"
  },
  "elements": [
    {
      "from": [
        7.5,
        -0.5,
        8
      ],
      "to": [
        8.5,
        5.5,
        10
      ],
      "rotation": {
        "angle": 0,
        "axis": "z",
        "origin": [
          8,
          2.5,
          9
        ]
      },
      "faces": {
        "north": {
          "uv": [
            0,
            4,
            6,
            5
          ],
          "rotation": 270,
          "texture": "#0"
        },
        "east": {
          "uv": [
            6,
            2,
            0,
            0
          ],
          "rotation": 90,
          "texture": "#0"
        },
        "south": {
          "uv": [
            0,
            5,
            6,
            6
          ],
          "rotation": 90,
          "texture": "#0"
        },
        "west": {
          "uv": [
            6,
            0,
            0,
            2
          ],
          "rotation": 90,
          "texture": "#0"
        },
        "up": {
          "uv": [
            2,
            7,
            4,
            8
          ],
          "rotation": 90,
          "texture": "#0"
        },
        "down": {
          "uv": [
            0,
            7,
            2,
            8
          ],
          "rotation": 90,
          "texture": "#0"
        }
      }
    },
    {
      "from": [
        7.5,
        0.5,
        7
      ],
      "to": [
        8.5,
        4.5,
        8
      ],
      "rotation": {
        "angle": 0,
        "axis": "z",
        "origin": [
          8,
          2.5,
          9
        ]
      },
      "faces": {
        "north": {
          "uv": [
            0,
            6,
            4,
            7
          ],
          "rotation": 270,
          "texture": "#0"
        },
        "east": {
          "uv": [
            10,
            2,
            6,
            1
          ],
          "rotation": 90,
          "texture": "#0"
        },
        "south": {
          "uv": [
            6,
            0,
            10,
            1
          ],
          "rotation": 90,
          "texture": "#0"
        },
        "west": {
          "uv": [
            10,
            2,
            6,
            3
          ],
          "rotation": 90,
          "texture": "#0"
        },
        "up": {
          "uv": [
            5,
            7,
            6,
            8
          ],
          "rotation": 90,
          "texture": "#0"
        },
        "down": {
          "uv": [
            4,
            7,
            5,
            8
          ],
          "rotation": 90,
          "texture": "#0"
        }
      }
    },
    {
      "from": [
        7.5,
        0.5,
        10
      ],
      "to": [
        8.5,
        4.5,
        11
      ],
      "rotation": {
        "angle": 0,
        "axis": "z",
        "origin": [
          8,
          2.5,
          9
        ]
      },
      "faces": {
        "north": {
          "uv": [
            6,
            3,
            10,
            4
          ],
          "rotation": 270,
          "texture": "#0"
        },
        "east": {
          "uv": [
            10,
            5,
            6,
            4
          ],
          "rotation": 90,
          "texture": "#0"
        },
        "south": {
          "uv": [
            4,
            6,
            8,
            7
          ],
          "rotation": 90,
          "texture": "#0"
        },
        "west": {
          "uv": [
            10,
            5,
            6,
            6
          ],
          "rotation": 90,
          "texture": "#0"
        },
        "up": {
          "uv": [
            7,
            7,
            8,
            8
          ],
          "rotation": 90,
          "texture": "#0"
        },
        "down": {
          "uv": [
            6,
            7,
            7,
            8
          ],
          "rotation": 90,
          "texture": "#0"
        }
      }
    }
  ],
  "display": {
    "thirdperson_righthand": {
      "translation": [
        0,
        2.75,
        -0.75
      ],
      "scale": [
        0.5,
        0.5,
        0.5
      ]
    },
    "thirdperson_lefthand": {
      "translation": [
        0,
        2.75,
        -0.75
      ],
      "scale": [
        0.5,
        0.5,
        0.5
      ]
    },
    "firstperson_righthand": {
      "rotation": [
        168.42,
        76.25,
        170.38
      ],
      "translation": [
        0.75,
        7,
        1.25
      ],
      "scale": [
        0.8,
        0.8,
        0.8
      ]
    },
    "firstperson_lefthand": {
      "rotation": [
        168.42,
        76.25,
        170.38
      ],
      "translation": [
        0.75,
        7,
        1.25
      ],
      "scale": [
        0.8,
        0.8,
        0.8
      ]
    }
  },
  "groups": [
    {
      "name": "scute",
      "origin": [
        7,
        0,
        8
      ],
      "color": 0,
      "children": [
        0,
        1,
        2
      ]
    }
  ]
}