{"parent":"item/generated","overrides":[{"model":"born_in_chaos_v1:item/elixirof_insect_protection_0","predicate":{"eatinganimation:eat":0.24,"eatinganimation:eating":1}},{"model":"born_in_chaos_v1:item/elixirof_insect_protection_1","predicate":{"eatinganimation:eat":0.5,"eatinganimation:eating":1}},{"model":"born_in_chaos_v1:item/elixirof_insect_protection_2","predicate":{"eatinganimation:eat":0.7,"eatinganimation:eating":1}}],"textures":{"layer0":"born_in_chaos_v1:item/elixirofinsectprotection"}}