{
  "format_version": "1.21.6",
  "credit": "Made with Blockbench",
  "texture_size": [
    32,
    32
  ],
  "textures": {
    "1": "deeperdarker:item/heart_of_the_deep_hand"
  },
  "elements": [
    {
      "from": [
        5,
        1.25,
        5
      ],
      "to": [
        11,
        7.25,
        11
      ],
      "light_emission": 15,
      "rotation": {
        "angle": 0,
        "axis": "y",
        "origin": [
          8,
          1.25,
          8
        ]
      },
      "faces": {
        "north": {
          "uv": [
            0,
            0,
            3,
            3
          ],
          "texture": "#1"
        },
        "east": {
          "uv": [
            0,
            3,
            3,
            6
          ],
          "texture": "#1"
        },
        "south": {
          "uv": [
            0,
            0,
            3,
            3
          ],
          "texture": "#1"
        },
        "west": {
          "uv": [
            0,
            3,
            3,
            6
          ],
          "texture": "#1"
        },
        "up": {
          "uv": [
            6,
            3,
            3,
            0
          ],
          "texture": "#1"
        },
        "down": {
          "uv": [
            6,
            3,
            3,
            6
          ],
          "texture": "#1"
        }
      }
    },
    {
      "from": [
        5.5,
        1.75,
        5.5
      ],
      "to": [
        10.5,
        6.75,
        10.5
      ],
      "light_emission": 15,
      "rotation": {
        "angle": 0,
        "axis": "y",
        "origin": [
          8,
          1.25,
          8
        ]
      },
      "faces": {
        "north": {
          "uv": [
            0,
            6,
            2.5,
            8.5
          ],
          "texture": "#1"
        },
        "east": {
          "uv": [
            6,
            0,
            8.5,
            2.5
          ],
          "texture": "#1"
        },
        "south": {
          "uv": [
            0,
            6,
            2.5,
            8.5
          ],
          "texture": "#1"
        },
        "west": {
          "uv": [
            6,
            0,
            8.5,
            2.5
          ],
          "texture": "#1"
        },
        "up": {
          "uv": [
            5,
            8.5,
            2.5,
            6
          ],
          "texture": "#1"
        },
        "down": {
          "uv": [
            8.5,
            2.5,
            6,
            5
          ],
          "texture": "#1"
        }
      }
    },
    {
      "from": [
        5,
        2.25,
        5
      ],
      "to": [
        11,
        2.25,
        11
      ],
      "rotation": {
        "angle": 0,
        "axis": "y",
        "origin": [
          9,
          0.25,
          6
        ]
      },
      "faces": {
        "north": {
          "uv": [
            0,
            0,
            3,
            0
          ],
          "texture": "#1"
        },
        "east": {
          "uv": [
            0,
            0,
            3,
            0
          ],
          "texture": "#1"
        },
        "south": {
          "uv": [
            0,
            0,
            3,
            0
          ],
          "texture": "#1"
        },
        "west": {
          "uv": [
            0,
            0,
            3,
            0
          ],
          "texture": "#1"
        },
        "up": {
          "uv": [
            8,
            9,
            5,
            6
          ],
          "texture": "#1"
        },
        "down": {
          "uv": [
            8,
            6,
            5,
            9
          ],
          "texture": "#1"
        }
      }
    }
  ],
  "display": {
    "thirdperson_righthand": {
      "rotation": [
        0,
        138,
        0
      ],
      "translation": [
        0,
        3.75,
        1
      ],
      "scale": [
        0.53,
        0.53,
        0.53
      ]
    },
    "thirdperson_lefthand": {
      "rotation": [
        0,
        138,
        0
      ],
      "translation": [
        0,
        3.75,
        1
      ],
      "scale": [
        0.53,
        0.53,
        0.53
      ]
    },
    "firstperson_righthand": {
      "rotation": [
        168.42,
        76.25,
        170.38
      ],
      "translation": [
        0.75,
        7,
        1.25
      ],
      "scale": [
        0.8,
        0.8,
        0.8
      ]
    },
    "firstperson_lefthand": {
      "rotation": [
        168.42,
        76.25,
        170.38
      ],
      "translation": [
        0.75,
        7,
        1.25
      ],
      "scale": [
        0.8,
        0.8,
        0.8
      ]
    },
    "ground": {
      "translation": [
        0,
        4,
        0
      ],
      "scale": [
        0.7,
        0.7,
        0.7
      ]
    },
    "gui": {
      "rotation": [
        30,
        -45,
        0
      ],
      "translation": [
        0,
        5.25,
        0
      ],
      "scale": [
        1.5,
        1.5,
        1.5
      ]
    },
    "head": {
      "translation": [
        0,
        7.75,
        0
      ]
    }
  },
  "groups": [
    {
      "name": "magma",
      "origin": [
        8,
        8,
        8
      ],
      "color": 0,
      "children": [
        0,
        1,
        2
      ]
    }
  ]
}