{
  "format_version": "1.21.6",
  "credit": "Made with Blockbench",
  "textures": {
    "2": "deeperdarker:item/reinforced_echo_shard_hand",
    "particle": "deeperdarker:item/reinforced_echo_shard_hand"
  },
  "elements": [
    {
      "from": [
        6,
        0,
        6
      ],
      "to": [
        10,
        8,
        10
      ],
      "light_emission": 15,
      "rotation": {
        "angle": 0,
        "axis": "y",
        "origin": [
          8,
          6,
          8
        ]
      },
      "faces": {
        "north": {
          "uv": [
            0,
            0,
            4,
            8
          ],
          "texture": "#2"
        },
        "east": {
          "uv": [
            4,
            0,
            8,
            8
          ],
          "texture": "#2"
        },
        "south": {
          "uv": [
            0,
            0,
            4,
            8
          ],
          "texture": "#2"
        },
        "west": {
          "uv": [
            4,
            0,
            8,
            8
          ],
          "texture": "#2"
        },
        "up": {
          "uv": [
            12,
            4,
            8,
            0
          ],
          "texture": "#2"
        },
        "down": {
          "uv": [
            12,
            4,
            8,
            8
          ],
          "texture": "#2"
        }
      }
    },
    {
      "from": [
        5.5,
        6.5,
        8
      ],
      "to": [
        10.5,
        11.5,
        8
      ],
      "light_emission": 15,
      "rotation": {
        "angle": -45,
        "axis": "y",
        "origin": [
          8,
          6.5,
          8
        ]
      },
      "faces": {
        "north": {
          "uv": [
            0,
            8,
            5,
            13
          ],
          "texture": "#2"
        },
        "east": {
          "uv": [
            0,
            0,
            0,
            5
          ],
          "texture": "#2"
        },
        "south": {
          "uv": [
            5,
            8,
            0,
            13
          ],
          "texture": "#2"
        },
        "west": {
          "uv": [
            0,
            0,
            0,
            5
          ],
          "texture": "#2"
        },
        "up": {
          "uv": [
            5,
            0,
            0,
            0
          ],
          "texture": "#2"
        },
        "down": {
          "uv": [
            0,
            0,
            5,
            0
          ],
          "texture": "#2"
        }
      }
    }
  ],
  "display": {
    "thirdperson_righthand": {
      "translation": [
        0,
        4,
        1.5
      ],
      "scale": [
        0.6,
        0.6,
        0.6
      ]
    },
    "thirdperson_lefthand": {
      "translation": [
        0,
        4,
        1.5
      ],
      "scale": [
        0.6,
        0.6,
        0.6
      ]
    },
    "firstperson_righthand": {
      "rotation": [
        168.42,
        76.25,
        170.38
      ],
      "translation": [
        0.75,
        7,
        1.25
      ],
      "scale": [
        0.7,
        0.7,
        0.7
      ]
    },
    "firstperson_lefthand": {
      "rotation": [
        168.42,
        76.25,
        170.38
      ],
      "translation": [
        0.75,
        7,
        1.25
      ],
      "scale": [
        0.7,
        0.7,
        0.7
      ]
    },
    "gui": {
      "rotation": [
        30,
        45,
        0
      ],
      "translation": [
        0,
        4.25,
        0
      ],
      "scale": [
        1.5,
        1.5,
        1.5
      ]
    }
  },
  "groups": [
    {
      "name": "shard",
      "origin": [
        9.45,
        6,
        6
      ],
      "color": 0,
      "children": [
        0,
        1
      ]
    }
  ]
}