{
  "credit": "auto-generated model by xxa",
  "texture_size": [
    16,
    16
  ],
  "textures": {
    "0": "item/enchanted_enchanted_item_glint_rainbow",
    "particle": "item/enchanted_enchanted_item_glint_rainbow",
    "1": "item/enchanted_enchanted_item_glint_rainbow_glow"
  },
  "elements": [
    {
      "from": [
        0.0,
        0.0,
        7.4
      ],
      "to": [
        16.0,
        16.0,
        8.6
      ],
      "rotation": {
        "origin": [
          8,
          8,
          8
        ],
        "axis": "z",
        "angle": 90
      },
      "faces": {
        "north": {
          "uv": [
            0,
            0,
            16,
            16
          ],
          "texture": "#0"
        },
        "east": {
          "uv": [
            0,
            0,
            16,
            16
          ],
          "texture": "#0"
        },
        "south": {
          "uv": [
            0,
            0,
            16,
            16
          ],
          "texture": "#0"
        },
        "west": {
          "uv": [
            0,
            0,
            16,
            16
          ],
          "texture": "#0"
        },
        "up": {
          "uv": [
            0,
            0,
            16,
            16
          ],
          "texture": "#0"
        },
        "down": {
          "uv": [
            0,
            0,
            16,
            16
          ],
          "texture": "#0"
        }
      }
    },
    {
      "from": [
        16.299999999999997,
        16.35,
        8.7
      ],
      "to": [
        -0.4000000000000057,
        -0.35,
        7.300000000000001
      ],
      "rotation": {
        "origin": [
          8,
          8,
          8
        ],
        "axis": "z",
        "angle": 90
      },
      "faces": {
        "north": {
          "uv": [
            16,
            16,
            0,
            0
          ],
          "texture": "#1"
        },
        "east": {
          "uv": [
            16,
            16,
            0,
            0
          ],
          "texture": "#1"
        },
        "south": {
          "uv": [
            16,
            16,
            0,
            0
          ],
          "texture": "#1"
        },
        "west": {
          "uv": [
            16,
            16,
            0,
            0
          ],
          "texture": "#1"
        },
        "up": {
          "uv": [
            16,
            16,
            0,
            0
          ],
          "texture": "#1"
        },
        "down": {
          "uv": [
            16,
            16,
            0,
            0
          ],
          "texture": "#1"
        }
      }
    }
  ],
  "display": {
    "thirdperson_righthand": {
      "rotation": [
        0,
        -90,
        55
      ],
      "translation": [
        0,
        -1.75,
        2
      ],
      "scale": [
        0.85,
        0.85,
        0.85
      ]
    },
    "thirdperson_lefthand": {
      "rotation": [
        0,
        90,
        -55
      ],
      "translation": [
        0,
        -1.75,
        1.75
      ],
      "scale": [
        0.85,
        0.85,
        0.85
      ]
    },
    "firstperson_righthand": {
      "rotation": [
        0,
        -90,
        25
      ],
      "translation": [
        1.13,
        3.2,
        1.13
      ],
      "scale": [
        0.68,
        0.68,
        0.68
      ]
    },
    "firstperson_lefthand": {
      "rotation": [
        0,
        90,
        -25
      ],
      "translation": [
        1.13,
        3.2,
        1.13
      ],
      "scale": [
        0.68,
        0.68,
        0.68
      ]
    },
    "ground": {
      "translation": [
        0,
        2,
        0
      ],
      "scale": [
        0.5,
        0.5,
        0.5
      ]
    },
    "head": {
      "rotation": [
        0,
        180,
        0
      ],
      "translation": [
        0,
        13,
        7
      ]
    },
    "fixed": {
      "rotation": [
        0,
        180,
        0
      ]
    }
  }
}