{"parent":"item/generated","overrides":[{"model":"eatinganimation:item/cooked_chicken_eating_0","predicate":{"eatinganimation:eat":0.03,"eatinganimation:eating":1.0}},{"model":"eatinganimation:item/bread_eating_0","predicate":{"eatinganimation:eat":0.07,"eatinganimation:eating":1.0}},{"model":"eatinganimation:item/carrot_eating_0","predicate":{"eatinganimation:eat":0.11,"eatinganimation:eating":1.0}},{"model":"eatinganimation:item/cooked_beef_eating_0","predicate":{"eatinganimation:eat":0.15,"eatinganimation:eating":1.0}},{"model":"eatinganimation:item/potato_eating_0","predicate":{"eatinganimation:eat":0.19,"eatinganimation:eating":1.0}},{"model":"eatinganimation:item/cooked_mutton_eating_0","predicate":{"eatinganimation:eat":0.23,"eatinganimation:eating":1.0}},{"model":"eatinganimation:item/golden_apple_eating_0","predicate":{"eatinganimation:eat":0.27,"eatinganimation:eating":1.0}},{"model":"eatinganimation:item/cooked_salmon_eating_0","predicate":{"eatinganimation:eat":0.31,"eatinganimation:eating":1.0}},{"model":"eatinganimation:item/apple_eating_0","predicate":{"eatinganimation:eat":0.35,"eatinganimation:eating":1.0}},{"model":"eatinganimation:item/cooked_chicken_eating_1","predicate":{"eatinganimation:eat":0.38,"eatinganimation:eating":1.0}},{"model":"eatinganimation:item/bread_eating_1","predicate":{"eatinganimation:eat":0.42,"eatinganimation:eating":1.0}},{"model":"eatinganimation:item/carrot_eating_1","predicate":{"eatinganimation:eat":0.46,"eatinganimation:eating":1.0}},{"model":"eatinganimation:item/cooked_beef_eating_1","predicate":{"eatinganimation:eat":0.5,"eatinganimation:eating":1.0}},{"model":"eatinganimation:item/potato_eating_1","predicate":{"eatinganimation:eat":0.54,"eatinganimation:eating":1.0}},{"model":"eatinganimation:item/cooked_mutton_eating_1","predicate":{"eatinganimation:eat":0.58,"eatinganimation:eating":1.0}},{"model":"eatinganimation:item/golden_apple_eating_1","predicate":{"eatinganimation:eat":0.62,"eatinganimation:eating":1.0}},{"model":"eatinganimation:item/cooked_salmon_eating_1","predicate":{"eatinganimation:eat":0.66,"eatinganimation:eating":1.0}},{"model":"eatinganimation:item/apple_eating_1","predicate":{"eatinganimation:eat":0.7,"eatinganimation:eating":1.0}},{"model":"eatinganimation:item/cooked_chicken_eating_2","predicate":{"eatinganimation:eat":0.72,"eatinganimation:eating":1.0}},{"model":"eatinganimation:item/bread_eating_2","predicate":{"eatinganimation:eat":0.75,"eatinganimation:eating":1.0}},{"model":"eatinganimation:item/carrot_eating_2","predicate":{"eatinganimation:eat":0.77,"eatinganimation:eating":1.0}},{"model":"eatinganimation:item/cooked_beef_eating_2","predicate":{"eatinganimation:eat":0.8,"eatinganimation:eating":1.0}},{"model":"eatinganimation:item/potato_eating_2","predicate":{"eatinganimation:eat":0.82,"eatinganimation:eating":1.0}},{"model":"eatinganimation:item/cooked_mutton_eating_2","predicate":{"eatinganimation:eat":0.85,"eatinganimation:eating":1.0}},{"model":"eatinganimation:item/golden_apple_eating_2","predicate":{"eatinganimation:eat":0.87,"eatinganimation:eating":1.0}},{"model":"eatinganimation:item/cooked_salmon_eating_2","predicate":{"eatinganimation:eat":0.9,"eatinganimation:eating":1.0}},{"model":"eatinganimation:item/apple_eating_2","predicate":{"eatinganimation:eat":0.92,"eatinganimation:eating":1.0}},{"model":"artifactsdelight:item/interesting_food_0","predicate":{"eatinganimation:eat":0.95,"eatinganimation:eating":1.0}}],"textures":{"layer0":"artifactsdelight:item/interesting_food"}}