{
  "format_version": "1.21.6",
  "credit": "Made with Blockbench",
  "texture_size": [
    32,
    32
  ],
  "textures": {
    "3": "friendsandfoes:item/totem_of_illusion_hand"
  },
  "elements": [
    {
      "from": [
        5.1,
        1.21927,
        5.30448
      ],
      "to": [
        10.9,
        3.21927,
        7.30448
      ],
      "light_emission": 15,
      "rotation": {
        "angle": 22.5,
        "axis": "x",
        "origin": [
          8,
          0.75,
          8
        ]
      },
      "faces": {
        "north": {
          "uv": [
            9,
            4,
            12,
            5
          ],
          "texture": "#3"
        },
        "east": {
          "uv": [
            8,
            2,
            9,
            3
          ],
          "texture": "#3"
        },
        "south": {
          "uv": [
            11,
            0,
            14,
            1
          ],
          "texture": "#3"
        },
        "west": {
          "uv": [
            8,
            7,
            9,
            8
          ],
          "texture": "#3"
        },
        "up": {
          "uv": [
            14,
            2,
            11,
            1
          ],
          "texture": "#3"
        },
        "down": {
          "uv": [
            6,
            11,
            3,
            12
          ],
          "texture": "#3"
        }
      }
    },
    {
      "from": [
        5,
        4.5,
        5.5
      ],
      "to": [
        11,
        10.5,
        9.5
      ],
      "light_emission": 15,
      "rotation": {
        "angle": 0,
        "axis": "y",
        "origin": [
          8,
          0.75,
          8
        ]
      },
      "faces": {
        "north": {
          "uv": [
            0,
            0,
            3,
            3
          ],
          "texture": "#3"
        },
        "east": {
          "uv": [
            0,
            6,
            2,
            9
          ],
          "texture": "#3"
        },
        "south": {
          "uv": [
            0,
            3,
            3,
            6
          ],
          "texture": "#3"
        },
        "west": {
          "uv": [
            6,
            0,
            8,
            3
          ],
          "texture": "#3"
        },
        "up": {
          "uv": [
            5,
            8,
            2,
            6
          ],
          "texture": "#3"
        },
        "down": {
          "uv": [
            9,
            3,
            6,
            5
          ],
          "texture": "#3"
        }
      }
    },
    {
      "from": [
        7,
        4,
        4.5
      ],
      "to": [
        9,
        7,
        5.5
      ],
      "light_emission": 15,
      "rotation": {
        "angle": 0,
        "axis": "y",
        "origin": [
          8,
          0.75,
          8
        ]
      },
      "faces": {
        "north": {
          "uv": [
            12,
            9,
            13,
            10.5
          ],
          "texture": "#3"
        },
        "east": {
          "uv": [
            1.5,
            9,
            2,
            10.5
          ],
          "texture": "#3"
        },
        "south": {
          "uv": [
            10.5,
            12,
            11.5,
            13.5
          ],
          "texture": "#3"
        },
        "west": {
          "uv": [
            8.5,
            12.5,
            9,
            14
          ],
          "texture": "#3"
        },
        "up": {
          "uv": [
            14,
            13,
            13,
            12.5
          ],
          "texture": "#3"
        },
        "down": {
          "uv": [
            14,
            13,
            13,
            13.5
          ],
          "texture": "#3"
        }
      }
    },
    {
      "from": [
        5,
        0.5,
        6.5
      ],
      "to": [
        11,
        4.5,
        9.5
      ],
      "light_emission": 15,
      "rotation": {
        "angle": 0,
        "axis": "y",
        "origin": [
          8,
          0.75,
          8
        ]
      },
      "faces": {
        "north": {
          "uv": [
            5,
            6,
            8,
            8
          ],
          "texture": "#3"
        },
        "east": {
          "uv": [
            0,
            9,
            1.5,
            11
          ],
          "texture": "#3"
        },
        "south": {
          "uv": [
            8,
            0,
            11,
            2
          ],
          "texture": "#3"
        },
        "west": {
          "uv": [
            11,
            5,
            12.5,
            7
          ],
          "texture": "#3"
        },
        "up": {
          "uv": [
            12,
            10.5,
            9,
            9
          ],
          "texture": "#3"
        },
        "down": {
          "uv": [
            9,
            10,
            6,
            11.5
          ],
          "texture": "#3"
        }
      }
    },
    {
      "from": [
        11.44081,
        1.37292,
        7.5
      ],
      "to": [
        14.44081,
        3.37292,
        8.5
      ],
      "light_emission": 15,
      "rotation": {
        "angle": 22.5,
        "axis": "z",
        "origin": [
          8,
          0.65,
          8
        ]
      },
      "faces": {
        "north": {
          "uv": [
            6,
            5,
            7.5,
            6
          ],
          "texture": "#3"
        },
        "east": {
          "uv": [
            7.5,
            5,
            8,
            6
          ],
          "texture": "#3"
        },
        "south": {
          "uv": [
            12,
            4,
            13.5,
            5
          ],
          "texture": "#3"
        },
        "west": {
          "uv": [
            0,
            13.5,
            0.5,
            14.5
          ],
          "texture": "#3"
        },
        "up": {
          "uv": [
            13.5,
            12,
            12,
            11.5
          ],
          "texture": "#3"
        },
        "down": {
          "uv": [
            4.5,
            13,
            3,
            13.5
          ],
          "texture": "#3"
        }
      }
    },
    {
      "from": [
        11.01986,
        0.35665,
        7.5
      ],
      "to": [
        13.01986,
        1.35665,
        8.5
      ],
      "light_emission": 15,
      "rotation": {
        "angle": 22.5,
        "axis": "z",
        "origin": [
          8,
          0.65,
          8
        ]
      },
      "faces": {
        "north": {
          "uv": [
            0.5,
            13.5,
            1.5,
            14
          ],
          "texture": "#3"
        },
        "east": {
          "uv": [
            1.5,
            10.5,
            2,
            11
          ],
          "texture": "#3"
        },
        "south": {
          "uv": [
            1.5,
            13.5,
            2.5,
            14
          ],
          "texture": "#3"
        },
        "west": {
          "uv": [
            11.5,
            13.5,
            12,
            14
          ],
          "texture": "#3"
        },
        "up": {
          "uv": [
            3.5,
            14,
            2.5,
            13.5
          ],
          "texture": "#3"
        },
        "down": {
          "uv": [
            4.5,
            13.5,
            3.5,
            14
          ],
          "texture": "#3"
        }
      }
    },
    {
      "from": [
        2.98014,
        0.35665,
        7.5
      ],
      "to": [
        4.98014,
        1.35665,
        8.5
      ],
      "light_emission": 15,
      "rotation": {
        "angle": -22.5,
        "axis": "z",
        "origin": [
          8,
          0.65,
          8
        ]
      },
      "faces": {
        "north": {
          "uv": [
            13.5,
            4,
            14.5,
            4.5
          ],
          "texture": "#3"
        },
        "east": {
          "uv": [
            12,
            13.5,
            12.5,
            14
          ],
          "texture": "#3"
        },
        "south": {
          "uv": [
            4.5,
            13.5,
            5.5,
            14
          ],
          "texture": "#3"
        },
        "west": {
          "uv": [
            12.5,
            13.5,
            13,
            14
          ],
          "texture": "#3"
        },
        "up": {
          "uv": [
            14.5,
            5,
            13.5,
            4.5
          ],
          "texture": "#3"
        },
        "down": {
          "uv": [
            13.5,
            4.5,
            14.5,
            5
          ],
          "texture": "#3"
        }
      }
    },
    {
      "from": [
        1.55919,
        1.37292,
        7.5
      ],
      "to": [
        4.55919,
        3.37292,
        8.5
      ],
      "light_emission": 15,
      "rotation": {
        "angle": -22.5,
        "axis": "z",
        "origin": [
          8,
          0.65,
          8
        ]
      },
      "faces": {
        "north": {
          "uv": [
            12,
            10.5,
            13.5,
            11.5
          ],
          "texture": "#3"
        },
        "east": {
          "uv": [
            0,
            13.5,
            0.5,
            14.5
          ],
          "texture": "#3"
        },
        "south": {
          "uv": [
            11.5,
            12,
            13,
            13
          ],
          "texture": "#3"
        },
        "west": {
          "uv": [
            5.5,
            13.5,
            6,
            14.5
          ],
          "texture": "#3"
        },
        "up": {
          "uv": [
            6,
            13.5,
            4.5,
            13
          ],
          "texture": "#3"
        },
        "down": {
          "uv": [
            14.5,
            9,
            13,
            9.5
          ],
          "texture": "#3"
        }
      }
    },
    {
      "name": "cube_outline",
      "from": [
        11.1,
        3.41927,
        7.50448
      ],
      "to": [
        4.9,
        1.01927,
        5.10448
      ],
      "rotation": {
        "angle": 22.5,
        "axis": "x",
        "origin": [
          8,
          0.75,
          8
        ]
      },
      "faces": {
        "north": {
          "uv": [
            6,
            11.5,
            9,
            12.5
          ],
          "texture": "#3"
        },
        "east": {
          "uv": [
            12.5,
            6,
            13.5,
            7
          ],
          "texture": "#3"
        },
        "south": {
          "uv": [
            12,
            2,
            15,
            3
          ],
          "texture": "#3"
        },
        "west": {
          "uv": [
            7.5,
            12.5,
            8.5,
            13.5
          ],
          "texture": "#3"
        },
        "up": {
          "uv": [
            6,
            13,
            3,
            12
          ],
          "texture": "#3"
        },
        "down": {
          "uv": [
            15,
            3,
            12,
            4
          ],
          "texture": "#3"
        }
      }
    },
    {
      "name": "cube_outline",
      "from": [
        11.2,
        10.7,
        9.7
      ],
      "to": [
        4.8,
        4.3,
        5.3
      ],
      "rotation": {
        "angle": 0,
        "axis": "y",
        "origin": [
          8,
          0.75,
          8
        ]
      },
      "faces": {
        "north": {
          "uv": [
            3,
            0,
            6,
            3
          ],
          "texture": "#3"
        },
        "east": {
          "uv": [
            2,
            8,
            4,
            11
          ],
          "texture": "#3"
        },
        "south": {
          "uv": [
            3,
            3,
            6,
            6
          ],
          "texture": "#3"
        },
        "west": {
          "uv": [
            4,
            8,
            6,
            11
          ],
          "texture": "#3"
        },
        "up": {
          "uv": [
            11,
            7,
            9,
            5
          ],
          "texture": "#3"
        },
        "down": {
          "uv": [
            9,
            8,
            6,
            10
          ],
          "texture": "#3"
        }
      }
    },
    {
      "name": "cube_outline",
      "from": [
        11.2,
        4.7,
        9.7
      ],
      "to": [
        4.8,
        0.3,
        6.3
      ],
      "rotation": {
        "angle": 0,
        "axis": "y",
        "origin": [
          8,
          0.75,
          8
        ]
      },
      "faces": {
        "north": {
          "uv": [
            9,
            2,
            12,
            4
          ],
          "texture": "#3"
        },
        "east": {
          "uv": [
            12,
            7,
            13.5,
            9
          ],
          "texture": "#3"
        },
        "south": {
          "uv": [
            9,
            7,
            12,
            9
          ],
          "texture": "#3"
        },
        "west": {
          "uv": [
            9,
            12,
            10.5,
            14
          ],
          "texture": "#3"
        },
        "up": {
          "uv": [
            12,
            12,
            9,
            10.5
          ],
          "texture": "#3"
        },
        "down": {
          "uv": [
            3,
            11,
            0,
            12.5
          ],
          "texture": "#3"
        }
      }
    },
    {
      "name": "cube_outline",
      "from": [
        14.64081,
        3.57292,
        8.7
      ],
      "to": [
        11.24081,
        1.17292,
        7.3
      ],
      "rotation": {
        "angle": 22.5,
        "axis": "z",
        "origin": [
          8,
          0.65,
          8
        ]
      },
      "faces": {
        "north": {
          "uv": [
            0,
            12.5,
            1.5,
            13.5
          ],
          "texture": "#3"
        },
        "east": {
          "uv": [
            6,
            13.5,
            6.5,
            14.5
          ],
          "texture": "#3"
        },
        "south": {
          "uv": [
            1.5,
            12.5,
            3,
            13.5
          ],
          "texture": "#3"
        },
        "west": {
          "uv": [
            13.5,
            6,
            14,
            7
          ],
          "texture": "#3"
        },
        "up": {
          "uv": [
            14.5,
            10,
            13.375,
            9.5
          ],
          "texture": "#3"
        },
        "down": {
          "uv": [
            14.5,
            10,
            13,
            10.5
          ],
          "texture": "#3"
        }
      }
    },
    {
      "name": "cube_outline",
      "from": [
        13.21986,
        1.55665,
        8.7
      ],
      "to": [
        10.81986,
        0.15665,
        7.3
      ],
      "rotation": {
        "angle": 22.5,
        "axis": "z",
        "origin": [
          8,
          0.65,
          8
        ]
      },
      "faces": {
        "north": {
          "uv": [
            6.5,
            13.5,
            7.5,
            14
          ],
          "texture": "#3"
        },
        "east": {
          "uv": [
            13,
            13.5,
            13.5,
            14
          ],
          "texture": "#3"
        },
        "south": {
          "uv": [
            13.5,
            7,
            14.5,
            7.5
          ],
          "texture": "#3"
        },
        "west": {
          "uv": [
            13.5,
            13.625,
            14,
            14.125
          ],
          "texture": "#3"
        },
        "up": {
          "uv": [
            8.5,
            14,
            7.5,
            13.5
          ],
          "texture": "#3"
        },
        "down": {
          "uv": [
            14.5,
            7.5,
            13.5,
            8
          ],
          "texture": "#3"
        }
      }
    },
    {
      "name": "cube_outline",
      "from": [
        5.18014,
        1.55665,
        8.7
      ],
      "to": [
        2.78014,
        0.15665,
        7.3
      ],
      "rotation": {
        "angle": -22.5,
        "axis": "z",
        "origin": [
          8,
          0.65,
          8
        ]
      },
      "faces": {
        "north": {
          "uv": [
            13.5,
            8,
            14.5,
            8.5
          ],
          "texture": "#3"
        },
        "east": {
          "uv": [
            14,
            0.125,
            14.5,
            0.625
          ],
          "texture": "#3"
        },
        "south": {
          "uv": [
            13.5,
            8.5,
            14.5,
            9
          ],
          "texture": "#3"
        },
        "west": {
          "uv": [
            0.5,
            14,
            1,
            14.5
          ],
          "texture": "#3"
        },
        "up": {
          "uv": [
            11.5,
            14,
            10.5,
            13.5
          ],
          "texture": "#3"
        },
        "down": {
          "uv": [
            14.5,
            10.5,
            13.5,
            11
          ],
          "texture": "#3"
        }
      }
    },
    {
      "name": "cube_outline",
      "from": [
        4.75919,
        3.57292,
        8.7
      ],
      "to": [
        1.35919,
        1.17292,
        7.3
      ],
      "rotation": {
        "angle": -22.5,
        "axis": "z",
        "origin": [
          8,
          0.65,
          8
        ]
      },
      "faces": {
        "north": {
          "uv": [
            12.5,
            5,
            14,
            6
          ],
          "texture": "#3"
        },
        "east": {
          "uv": [
            13.5,
            11,
            14,
            12
          ],
          "texture": "#3"
        },
        "south": {
          "uv": [
            6,
            12.5,
            7.5,
            13.5
          ],
          "texture": "#3"
        },
        "west": {
          "uv": [
            6,
            13.5,
            6.5,
            14.5
          ],
          "texture": "#3"
        },
        "up": {
          "uv": [
            12.625,
            13.5,
            11.5,
            13
          ],
          "texture": "#3"
        },
        "down": {
          "uv": [
            14.5,
            12,
            13,
            12.5
          ],
          "texture": "#3"
        }
      }
    }
  ],
  "display": {
    "thirdperson_righthand": {
      "rotation": [
        0,
        -180,
        0
      ],
      "translation": [
        0,
        3.5,
        1
      ],
      "scale": [
        0.55,
        0.55,
        0.55
      ]
    },
    "thirdperson_lefthand": {
      "rotation": [
        0,
        -180,
        0
      ],
      "translation": [
        0,
        3.5,
        1
      ],
      "scale": [
        0.55,
        0.55,
        0.55
      ]
    },
    "firstperson_righthand": {
      "rotation": [
        61.29,
        86.9,
        -82.1
      ],
      "translation": [
        0.25,
        7,
        0.75
      ],
      "scale": [
        0.6,
        0.6,
        0.6
      ]
    },
    "firstperson_lefthand": {
      "rotation": [
        61.29,
        86.9,
        -82.1
      ],
      "translation": [
        0.25,
        7,
        0.75
      ],
      "scale": [
        0.6,
        0.6,
        0.6
      ]
    },
    "ground": {
      "translation": [
        0,
        4.75,
        0
      ]
    },
    "gui": {
      "rotation": [
        30,
        -135,
        0
      ],
      "translation": [
        0,
        1.75,
        0
      ]
    }
  },
  "groups": [
    {
      "name": "totem",
      "origin": [
        7,
        0,
        7
      ],
      "color": 0,
      "children": [
        0,
        1,
        2,
        3,
        {
          "name": "group",
          "origin": [
            8,
            3,
            4.25
          ],
          "color": 0,
          "children": [
            4,
            5,
            6,
            7
          ]
        },
        {
          "name": "outline",
          "origin": [
            7,
            0,
            7
          ],
          "color": 0,
          "children": [
            8,
            9,
            10,
            11,
            12,
            13,
            14
          ]
        }
      ]
    }
  ]
}