{
	"format_version": "1.21.6",
	"credit": "Made with Blockbench",
	"texture_size": [64, 64],
	"textures": {
		"3": "item/koncha"
	},
	"elements": [
		{
			"from": [4.5, -2, 10],
			"to": [11.5, 8, 10.5],
			"rotation": {"angle": 0, "axis": "y", "origin": [9.5, 3, 9]},
			"faces": {
				"north": {"uv": [0, 0, 1.75, 2.5], "texture": "#3"},
				"east": {"uv": [0, 8, 0.25, 10.5], "texture": "#3"},
				"south": {"uv": [1.75, 0, 3.5, 2.5], "texture": "#3"},
				"west": {"uv": [0.25, 8, 0.5, 10.5], "texture": "#3"},
				"up": {"uv": [9.25, 8.25, 7.5, 8], "texture": "#3"},
				"down": {"uv": [9.25, 8.25, 7.5, 8.5], "texture": "#3"}
			}
		},
		{
			"from": [5, -1.5, 8],
			"to": [11, 7.5, 10],
			"rotation": {"angle": 0, "axis": "y", "origin": [9.5, 3, 9]},
			"faces": {
				"north": {"uv": [3.5, 5, 5, 7.25], "texture": "#3"},
				"east": {"uv": [4.5, 7.25, 5, 9.5], "texture": "#3"},
				"south": {"uv": [5, 5, 6.5, 7.25], "texture": "#3"},
				"west": {"uv": [5, 7.25, 5.5, 9.5], "texture": "#3"},
				"up": {"uv": [3.5, 8, 2, 7.5], "texture": "#3"},
				"down": {"uv": [9.25, 1, 7.75, 1.5], "texture": "#3"}
			}
		},
		{
			"from": [4.5, -2, 7.5],
			"to": [11.5, 8, 8],
			"rotation": {"angle": 0, "axis": "y", "origin": [9.5, 3, 9]},
			"faces": {
				"north": {"uv": [0, 2.5, 1.75, 5], "texture": "#3"},
				"east": {"uv": [0.5, 8, 0.75, 10.5], "texture": "#3"},
				"south": {"uv": [1.75, 2.5, 3.5, 5], "texture": "#3"},
				"west": {"uv": [0.75, 8, 1, 10.5], "texture": "#3"},
				"up": {"uv": [10.25, 4.75, 8.5, 4.5], "texture": "#3"},
				"down": {"uv": [10.25, 4.75, 8.5, 5], "texture": "#3"}
			}
		},
		{
			"from": [10.5, -2, 8],
			"to": [11.5, 8, 10],
			"rotation": {"angle": 0, "axis": "y", "origin": [9.5, 3, 9]},
			"faces": {
				"north": {"uv": [1, 8, 1.25, 10.5], "texture": "#3"},
				"east": {"uv": [6.75, 1, 7.25, 3.5], "texture": "#3"},
				"south": {"uv": [1.25, 8, 1.5, 10.5], "texture": "#3"},
				"west": {"uv": [7.25, 1, 7.75, 3.5], "texture": "#3"},
				"up": {"uv": [6.5, 5, 6.25, 4.5], "texture": "#3"},
				"down": {"uv": [9, 0.5, 8.75, 1], "texture": "#3"}
			}
		},
		{
			"from": [3.5, 2.1, 8],
			"to": [5.5, 4.1, 10],
			"rotation": {"angle": 0, "axis": "y", "origin": [3.5, 2.1, 8]},
			"faces": {
				"north": {"uv": [3, 8, 3.5, 8.5], "texture": "#3"},
				"east": {"uv": [3, 8.5, 3.5, 9], "texture": "#3"},
				"south": {"uv": [8.5, 6, 9, 6.5], "texture": "#3"},
				"west": {"uv": [6.5, 8.5, 7, 9], "texture": "#3"},
				"up": {"uv": [9, 7, 8.5, 6.5], "texture": "#3"},
				"down": {"uv": [7.5, 8.5, 7, 9], "texture": "#3"}
			}
		},
		{
			"from": [4, 2, 7],
			"to": [12, 4, 11],
			"rotation": {"angle": 0, "axis": "y", "origin": [5, 2, 8]},
			"faces": {
				"north": {"uv": [6.75, 3.5, 8.75, 4], "texture": "#3"},
				"east": {"uv": [5.25, 4.5, 6.25, 5], "texture": "#3"},
				"south": {"uv": [6.75, 4, 8.75, 4.5], "texture": "#3"},
				"west": {"uv": [7.75, 2.5, 8.75, 3], "texture": "#3"},
				"up": {"uv": [8.5, 5.5, 6.5, 4.5], "texture": "#3"},
				"down": {"uv": [8.5, 5.5, 6.5, 6.5], "texture": "#3"}
			}
		},
		{
			"name": "cube_outline",
			"from": [11.7, 8.2, 10.7],
			"to": [4.3, -2.2, 9.8],
			"rotation": {"angle": 0, "axis": "y", "origin": [9.5, 3, 9]},
			"faces": {
				"north": {"uv": [3.5, 0, 5.25, 2.5], "texture": "#3"},
				"east": {"uv": [1.5, 8, 1.75, 10.5], "texture": "#3"},
				"south": {"uv": [3.5, 9.75, 5.25, 12.25], "texture": "#3"},
				"west": {"uv": [1.75, 8, 2, 10.5], "texture": "#3"},
				"up": {"uv": [10.25, 5.25, 8.5, 5], "texture": "#3"},
				"down": {"uv": [10.25, 5.25, 8.5, 5.5], "texture": "#3"}
			}
		},
		{
			"name": "cube_outline",
			"from": [11.2, 7.7, 10.2],
			"to": [4.8, -1.7, 7.8],
			"rotation": {"angle": 0, "axis": "y", "origin": [9.5, 3, 9]},
			"faces": {
				"north": {"uv": [5.25, 0, 6.75, 2.25], "texture": "#3"},
				"east": {"uv": [5.5, 7.25, 6, 9.5], "texture": "#3"},
				"south": {"uv": [5.25, 2.25, 6.75, 4.5], "texture": "#3"},
				"west": {"uv": [6, 7.25, 6.5, 9.5], "texture": "#3"},
				"up": {"uv": [3, 10.5, 1.5, 10], "texture": "#3"},
				"down": {"uv": [3.15, 10.1875, 1.9, 10.6875], "texture": "#3"}
			}
		},
		{
			"name": "cube_outline",
			"from": [11.7, 8.2, 8.2],
			"to": [4.3, -2.2, 7.3],
			"rotation": {"angle": 0, "axis": "y", "origin": [9.5, 3, 9]},
			"faces": {
				"north": {"uv": [1.8125, 12.8125, 3.3125, 10.3125], "texture": "#3"},
				"east": {"uv": [2, 8, 2.25, 10.5], "texture": "#3"},
				"south": {"uv": [1.75, 5, 3.5, 7.5], "texture": "#3"},
				"west": {"uv": [2.25, 8, 2.5, 10.5], "texture": "#3"},
				"up": {"uv": [10.25, 5.75, 8.5, 5.5], "texture": "#3"},
				"down": {"uv": [10.25, 5.75, 8.5, 6], "texture": "#3"}
			}
		},
		{
			"name": "cube_outline",
			"from": [11.7, 8.2, 10.2],
			"to": [10.3, -2.2, 7.8],
			"rotation": {"angle": 0, "axis": "y", "origin": [9.5, 3, 9]},
			"faces": {
				"north": {"uv": [9.5, 0, 9.75, 2.5], "texture": "#3"},
				"east": {"uv": [3.5, 7.25, 4, 9.75], "texture": "#3"},
				"south": {"uv": [9.5, 0, 9.75, 2.5], "texture": "#3"},
				"west": {"uv": [4, 7.25, 4.5, 9.75], "texture": "#3"},
				"up": {"uv": [9, 3, 8.75, 2.5], "texture": "#3"},
				"down": {"uv": [9, 3, 8.75, 3.5], "texture": "#3"}
			}
		},
		{
			"name": "cube_outline",
			"from": [5.7, 4.3, 10.2],
			"to": [3.3, 1.9, 7.8],
			"rotation": {"angle": 0, "axis": "y", "origin": [3.5, 2.1, 8]},
			"faces": {
				"north": {"uv": [9, 6.25, 9.5, 6.75], "texture": "#3"},
				"east": {"uv": [7.5, 8.5, 8, 9], "texture": "#3"},
				"south": {"uv": [9, 6, 9.5, 6.5], "texture": "#3"},
				"west": {"uv": [8, 8.5, 8.5, 9], "texture": "#3"},
				"up": {"uv": [9.5, 9, 9, 8.5], "texture": "#3"},
				"down": {"uv": [10, 0, 9.5, 0.5], "texture": "#3"}
			}
		},
		{
			"name": "cube_outline",
			"from": [12.2, 4.3, 11.2],
			"to": [3.8, 1.7, 6.8],
			"rotation": {"angle": 0, "axis": "y", "origin": [5, 2.1, 8]},
			"faces": {
				"north": {"uv": [3, 9.75, 5, 10.25], "texture": "#3"},
				"east": {"uv": [7.75, 3, 8.75, 3.5], "texture": "#3"},
				"south": {"uv": [6.5, 9, 8.5, 9.5], "texture": "#3"},
				"west": {"uv": [6.5, 8, 7.5, 8.5], "texture": "#3"},
				"up": {"uv": [11, 7.5, 9, 6.5], "texture": "#3"},
				"down": {"uv": [11.25, 0, 9.25, 1], "texture": "#3"}
			}
		}
	],
	"display": {
		"thirdperson_righthand": {
			"rotation": [0, -90, 0],
			"translation": [0.75, 1.5, -1],
			"scale": [0.7, 0.7, 0.7]
		},
		"thirdperson_lefthand": {
			"rotation": [0, -90, 0],
			"translation": [0.75, 1.5, -1],
			"scale": [0.7, 0.7, 0.7]
		},
		"firstperson_righthand": {
			"rotation": [5.84, 29.5, -24.39],
			"translation": [-1.25, 7, 1.25]
		},
		"firstperson_lefthand": {
			"rotation": [5.84, 29.5, -24.39],
			"translation": [-1.25, 7, 1.25]
		},
		"gui": {
			"rotation": [30, -135, 0],
			"translation": [0, 3, 0]
		}
	},
	"groups": [
		{
			"name": "book",
			"origin": [6, 2, 7.5],
			"color": 0,
			"children": [0, 1, 2, 3, 4, 5]
		},
		6,
		7,
		8,
		9,
		10,
		11
	]
}