{
	"format_version": "1.21.6",
	"credit": "Made with Blockbench",
	"texture_size": [32, 32],
	"textures": {
		"1": "item/netherite_scrap_hand"
	},
	"elements": [
		{
			"from": [5, -0.5, 7.5],
			"to": [12, 8.5, 9.5],
			"light_emission": 15,
			"rotation": {"angle": 22.5, "axis": "z", "origin": [7.5, 3.5, 7.5]},
			"faces": {
				"north": {"uv": [0, 0, 3.5, 4.5], "rotation": 180, "texture": "#1"},
				"east": {"uv": [3.5, 0, 4.5, 4.5], "rotation": 180, "texture": "#1"},
				"south": {"uv": [9, 0, 5.5, 4.5], "rotation": 180, "texture": "#1"},
				"west": {"uv": [0, 4.5, 1, 9], "rotation": 180, "texture": "#1"},
				"up": {"uv": [2, 4.5, 1, 8], "rotation": 270, "texture": "#1"},
				"down": {"uv": [5.5, 3.5, 4.5, 0], "rotation": 90, "texture": "#1"}
			}
		},
		{
			"from": [3.26746, -2.84462, 5.5],
			"to": [10.26746, 6.15538, 7.5],
			"light_emission": 15,
			"rotation": {"angle": 0, "axis": "z", "origin": [7.5, 2.5, 7.5]},
			"faces": {
				"north": {"uv": [0, 0, 3.5, 4.5], "rotation": 180, "texture": "#1"},
				"east": {"uv": [3.5, 0, 4.5, 4.5], "rotation": 180, "texture": "#1"},
				"south": {"uv": [9, 0, 5.5, 4.5], "rotation": 180, "texture": "#1"},
				"west": {"uv": [0, 4.5, 1, 9], "rotation": 180, "texture": "#1"},
				"up": {"uv": [2, 4.5, 1, 8], "rotation": 270, "texture": "#1"},
				"down": {"uv": [5.5, 3.5, 4.5, 0], "rotation": 90, "texture": "#1"}
			}
		}
	],
	"display": {
		"thirdperson_righthand": {
			"rotation": [0, -90, 0],
			"translation": [-0.25, 2, 0.25],
			"scale": [0.6, 0.6, 0.6]
		},
		"thirdperson_lefthand": {
			"rotation": [0, -90, 0],
			"translation": [-0.25, 2, 0.25],
			"scale": [0.6, 0.6, 0.6]
		},
		"firstperson_righthand": {
			"rotation": [5.84, 29.5, -24.39],
			"translation": [-1.25, 7, 1.25]
		},
		"firstperson_lefthand": {
			"rotation": [5.84, 29.5, -24.39],
			"translation": [-1.25, 7, 1.25]
		}
	},
	"groups": [
		{
			"name": "scrap",
			"origin": [5, 3, 6],
			"color": 0,
			"children": [0, 1]
		}
	]
}