{
	"format_version": "1.21.6",
	"credit": "Made with Blockbench",
	"texture_size": [32, 32],
	"textures": {
		"3": "item/nether_quartz_hand"
	},
	"elements": [
		{
			"from": [8, 1, 4],
			"to": [10, 4, 6],
			"rotation": {"angle": 0, "axis": "y", "origin": [7, 1, 2]},
			"faces": {
				"north": {"uv": [8, 7.5, 9, 9], "texture": "#3"},
				"east": {"uv": [8.5, 0, 9.5, 1.5], "texture": "#3"},
				"south": {"uv": [7, 8.5, 8, 10], "texture": "#3"},
				"west": {"uv": [9, 1.5, 10, 3], "texture": "#3"},
				"up": {"uv": [3, 11.5, 2, 10.5], "texture": "#3"},
				"down": {"uv": [4, 10.5, 3, 11.5], "texture": "#3"}
			}
		},
		{
			"from": [6, 1, 6],
			"to": [8, 4, 8],
			"rotation": {"angle": 0, "axis": "y", "origin": [5, 1, 4]},
			"faces": {
				"north": {"uv": [8, 7.5, 9, 9], "texture": "#3"},
				"east": {"uv": [8.5, 0, 9.5, 1.5], "texture": "#3"},
				"south": {"uv": [7, 8.5, 8, 10], "texture": "#3"},
				"west": {"uv": [9, 1.5, 10, 3], "texture": "#3"},
				"up": {"uv": [3, 11.5, 2, 10.5], "texture": "#3"},
				"down": {"uv": [4, 10.5, 3, 11.5], "texture": "#3"}
			}
		},
		{
			"from": [6, 1, 4],
			"to": [8, 3, 6],
			"rotation": {"angle": 0, "axis": "y", "origin": [5, 1, 2]},
			"faces": {
				"north": {"uv": [8, 10.5, 9, 11.5], "texture": "#3"},
				"east": {"uv": [9, 10.5, 10, 11.5], "texture": "#3"},
				"south": {"uv": [10, 10.5, 11, 11.5], "texture": "#3"},
				"west": {"uv": [0, 11, 1, 12], "texture": "#3"},
				"up": {"uv": [2, 12, 1, 11], "texture": "#3"},
				"down": {"uv": [12, 1.5, 11, 2.5], "texture": "#3"}
			}
		},
		{
			"from": [8, 1, 6],
			"to": [10, 3, 8],
			"rotation": {"angle": 0, "axis": "y", "origin": [7, 1, 4]},
			"faces": {
				"north": {"uv": [11, 2.5, 12, 3.5], "texture": "#3"},
				"east": {"uv": [11, 3.5, 12, 4.5], "texture": "#3"},
				"south": {"uv": [4, 11, 5, 12], "texture": "#3"},
				"west": {"uv": [11, 4.5, 12, 5.5], "texture": "#3"},
				"up": {"uv": [6, 12, 5, 11], "texture": "#3"},
				"down": {"uv": [12, 5.5, 11, 6.5], "texture": "#3"}
			}
		},
		{
			"from": [5.6, 1, 5],
			"to": [7.6, 8, 7],
			"rotation": {"angle": 22.5, "axis": "z", "origin": [5.6, 2, 5]},
			"faces": {
				"north": {"uv": [0, 2.5, 1, 6], "texture": "#3"},
				"east": {"uv": [2.5, 0, 3.5, 3.5], "texture": "#3"},
				"south": {"uv": [1, 2.5, 2, 6], "texture": "#3"},
				"west": {"uv": [3.5, 0, 4.5, 3.5], "texture": "#3"},
				"up": {"uv": [7, 12, 6, 11], "texture": "#3"},
				"down": {"uv": [12, 6.5, 11, 7.5], "texture": "#3"}
			}
		},
		{
			"from": [7, 3, 5.01],
			"to": [9, 10, 7.01],
			"rotation": {"angle": 0, "axis": "z", "origin": [7, 4, 5]},
			"faces": {
				"north": {"uv": [2, 3.5, 3, 7], "texture": "#3"},
				"east": {"uv": [3, 3.5, 4, 7], "texture": "#3"},
				"south": {"uv": [4, 3.5, 5, 7], "texture": "#3"},
				"west": {"uv": [4.5, 0, 5.5, 3.5], "texture": "#3"},
				"up": {"uv": [12, 8.5, 11, 7.5], "texture": "#3"},
				"down": {"uv": [12, 8.5, 11, 9.5], "texture": "#3"}
			}
		},
		{
			"from": [7, 1.5, 3.25],
			"to": [9, 4.5, 5.25],
			"rotation": {"angle": -45, "axis": "x", "origin": [7, 2.5, 3.25]},
			"faces": {
				"north": {"uv": [9, 3, 10, 4.5], "texture": "#3"},
				"east": {"uv": [9, 4.5, 10, 6], "texture": "#3"},
				"south": {"uv": [9, 6, 10, 7.5], "texture": "#3"},
				"west": {"uv": [9, 7.5, 10, 9], "texture": "#3"},
				"up": {"uv": [12, 10.5, 11, 9.5], "texture": "#3"},
				"down": {"uv": [12, 10.5, 11, 11.5], "texture": "#3"}
			}
		},
		{
			"from": [8.25, 1.75, 5],
			"to": [10.25, 6.75, 7],
			"rotation": {"angle": -22.5, "axis": "z", "origin": [8.25, 1.75, 5]},
			"faces": {
				"north": {"uv": [7, 3.5, 8, 6], "texture": "#3"},
				"east": {"uv": [4, 7, 5, 9.5], "texture": "#3"},
				"south": {"uv": [5, 7, 6, 9.5], "texture": "#3"},
				"west": {"uv": [6, 7, 7, 9.5], "texture": "#3"},
				"up": {"uv": [12.5, 1, 11.5, 0], "texture": "#3"},
				"down": {"uv": [3, 11.5, 2, 12.5], "texture": "#3"}
			}
		},
		{
			"from": [7, 2.4, 6.5],
			"to": [9, 5.4, 8.5],
			"rotation": {"angle": 45, "axis": "x", "origin": [7, 2.4, 6.5]},
			"faces": {
				"north": {"uv": [8, 9, 9, 10.5], "texture": "#3"},
				"east": {"uv": [9, 9, 10, 10.5], "texture": "#3"},
				"south": {"uv": [0, 9.5, 1, 11], "texture": "#3"},
				"west": {"uv": [9.5, 0, 10.5, 1.5], "texture": "#3"},
				"up": {"uv": [4, 12.5, 3, 11.5], "texture": "#3"},
				"down": {"uv": [8, 11.5, 7, 12.5], "texture": "#3"}
			}
		},
		{
			"from": [5.5, -2.5, 3.5],
			"to": [10.5, 2.5, 8.5],
			"rotation": {"angle": 0, "axis": "y", "origin": [8.5, -2.5, 4.5]},
			"faces": {
				"north": {"uv": [0, 0, 2.5, 2.5], "texture": "#3"},
				"east": {"uv": [0, 0, 2.5, 2.5], "texture": "#3"},
				"south": {"uv": [0, 0, 2.5, 2.5], "texture": "#3"},
				"west": {"uv": [0, 0, 2.5, 2.5], "texture": "#3"},
				"up": {"uv": [2.5, 0, 0, 2.5], "texture": "#3"},
				"down": {"uv": [0, 0, 2.5, 2.5], "texture": "#3"}
			}
		},
		{
			"name": "cube_outline",
			"from": [10.45, 6.95, 7.2],
			"to": [8.05, 1.55, 4.8],
			"light_emission": 15,
			"rotation": {"angle": -22.5, "axis": "z", "origin": [8.25, 1.75, 5]},
			"faces": {
				"north": {"uv": [7, 6, 8, 8.5], "texture": "#3"},
				"east": {"uv": [7.5, 0, 8.5, 2.5], "texture": "#3"},
				"south": {"uv": [8, 2.5, 9, 5], "texture": "#3"},
				"west": {"uv": [8, 5, 9, 7.5], "texture": "#3"},
				"up": {"uv": [9, 12.5, 8, 11.5], "texture": "#3"},
				"down": {"uv": [10, 11.5, 9, 12.5], "texture": "#3"}
			}
		},
		{
			"name": "cube_outline",
			"from": [10.2, 4.2, 6.2],
			"to": [7.8, 0.8, 3.8],
			"light_emission": 15,
			"rotation": {"angle": 0, "axis": "y", "origin": [7, 1, 2]},
			"faces": {
				"north": {"uv": [1, 9.5, 2, 11], "texture": "#3"},
				"east": {"uv": [4, 9.5, 5, 11], "texture": "#3"},
				"south": {"uv": [5, 9.5, 6, 11], "texture": "#3"},
				"west": {"uv": [6, 9.5, 7, 11], "texture": "#3"},
				"up": {"uv": [11, 12.5, 10, 11.5], "texture": "#3"},
				"down": {"uv": [12, 11.5, 11, 12.5], "texture": "#3"}
			}
		},
		{
			"name": "cube_outline",
			"from": [8.2, 4.2, 8.2],
			"to": [5.8, 0.8, 5.8],
			"light_emission": 15,
			"rotation": {"angle": 0, "axis": "y", "origin": [5, 1, 4]},
			"faces": {
				"north": {"uv": [1, 9.5, 2, 11], "texture": "#3"},
				"east": {"uv": [4, 9.5, 5, 11], "texture": "#3"},
				"south": {"uv": [5, 9.5, 6, 11], "texture": "#3"},
				"west": {"uv": [6, 9.5, 7, 11], "texture": "#3"},
				"up": {"uv": [10, 11.5, 11, 12.5], "texture": "#3"},
				"down": {"uv": [11, 11.5, 12, 12.5], "texture": "#3"}
			}
		},
		{
			"name": "cube_outline",
			"from": [8.2, 3.2, 6.2],
			"to": [5.8, 0.8, 3.8],
			"light_emission": 15,
			"rotation": {"angle": 0, "axis": "y", "origin": [5, 1, 2]},
			"faces": {
				"north": {"uv": [0, 12, 1, 13], "texture": "#3"},
				"east": {"uv": [1, 12, 2, 13], "texture": "#3"},
				"south": {"uv": [12, 1, 13, 2], "texture": "#3"},
				"west": {"uv": [12, 2, 13, 3], "texture": "#3"},
				"up": {"uv": [13, 4, 12, 3], "texture": "#3"},
				"down": {"uv": [5, 12, 4, 13], "texture": "#3"}
			}
		},
		{
			"name": "cube_outline",
			"from": [10.2, 3.2, 8.2],
			"to": [7.8, 0.8, 5.8],
			"light_emission": 15,
			"rotation": {"angle": 0, "axis": "y", "origin": [7, 1, 4]},
			"faces": {
				"north": {"uv": [12, 4, 13, 5], "texture": "#3"},
				"east": {"uv": [5, 12, 6, 13], "texture": "#3"},
				"south": {"uv": [12, 5, 13, 6], "texture": "#3"},
				"west": {"uv": [6, 12, 7, 13], "texture": "#3"},
				"up": {"uv": [13, 7, 12, 6], "texture": "#3"},
				"down": {"uv": [13, 7, 12, 8], "texture": "#3"}
			}
		},
		{
			"name": "cube_outline",
			"from": [7.8, 8.2, 7.2],
			"to": [5.4, 0.8, 4.8],
			"light_emission": 15,
			"rotation": {"angle": 22.5, "axis": "z", "origin": [5.6, 2, 5]},
			"faces": {
				"north": {"uv": [5, 3.5, 6, 7], "texture": "#3"},
				"east": {"uv": [5.5, 0, 6.5, 3.5], "texture": "#3"},
				"south": {"uv": [0, 6, 1, 9.5], "texture": "#3"},
				"west": {"uv": [1, 6, 2, 9.5], "texture": "#3"},
				"up": {"uv": [13, 9, 12, 8], "texture": "#3"},
				"down": {"uv": [13, 9, 12, 10], "texture": "#3"}
			}
		},
		{
			"name": "cube_outline",
			"from": [9.2, 10.2, 7.21],
			"to": [6.8, 2.8, 4.81],
			"light_emission": 15,
			"rotation": {"angle": 0, "axis": "y", "origin": [7, 4, 5]},
			"faces": {
				"north": {"uv": [6, 3.5, 7, 7], "texture": "#3"},
				"east": {"uv": [6.5, 0, 7.5, 3.5], "texture": "#3"},
				"south": {"uv": [2, 7, 3, 10.5], "texture": "#3"},
				"west": {"uv": [3, 7, 4, 10.5], "texture": "#3"},
				"up": {"uv": [13, 11, 12, 10], "texture": "#3"},
				"down": {"uv": [13, 11, 12, 12], "texture": "#3"}
			}
		},
		{
			"name": "cube_outline",
			"from": [9.2, 5.6, 8.7],
			"to": [6.8, 2.2, 6.3],
			"light_emission": 15,
			"rotation": {"angle": 45, "axis": "x", "origin": [7, 2.4, 6.5]},
			"faces": {
				"north": {"uv": [10, 1.5, 11, 3], "texture": "#3"},
				"east": {"uv": [10, 3, 11, 4.5], "texture": "#3"},
				"south": {"uv": [10, 4.5, 11, 6], "texture": "#3"},
				"west": {"uv": [10, 6, 11, 7.5], "texture": "#3"},
				"up": {"uv": [13, 13, 12, 12], "texture": "#3"},
				"down": {"uv": [13.5, 0, 12.5, 1], "texture": "#3"}
			}
		},
		{
			"name": "cube_outline",
			"from": [9.2, 4.7, 5.45],
			"to": [6.8, 1.3, 3.05],
			"light_emission": 15,
			"rotation": {"angle": -45, "axis": "x", "origin": [7, 2.5, 3.25]},
			"faces": {
				"north": {"uv": [7, 10, 8, 11.5], "texture": "#3"},
				"east": {"uv": [10, 7.5, 11, 9], "texture": "#3"},
				"south": {"uv": [10, 9, 11, 10.5], "texture": "#3"},
				"west": {"uv": [10.5, 0, 11.5, 1.5], "texture": "#3"},
				"up": {"uv": [3, 13.5, 2, 12.5], "texture": "#3"},
				"down": {"uv": [4, 12.5, 3, 13.5], "texture": "#3"}
			}
		}
	],
	"display": {
		"thirdperson_righthand": {
			"translation": [0, 4.5, 1.5],
			"scale": [0.75, 0.75, 0.75]
		},
		"thirdperson_lefthand": {
			"translation": [0, 4.5, 1.5],
			"scale": [0.75, 0.75, 0.75]
		},
		"firstperson_righthand": {
			"rotation": [168.42, 76.25, 170.38],
			"translation": [0.75, 7, 1.25],
			"scale": [0.9, 0.9, 0.9]
		},
		"firstperson_lefthand": {
			"rotation": [168.42, 76.25, 170.38],
			"translation": [0.75, 7, 1.25],
			"scale": [0.9, 0.9, 0.9]
		}
	},
	"groups": [
		{
			"name": "quartz",
			"origin": [8.5, 6, 1.5],
			"color": 0,
			"children": [0, 1, 2, 3, 4, 5, 6, 7, 8, 9, 10, 11, 12, 13, 14, 15, 16, 17, 18]
		}
	]
}