{
  "parent": "item/handheld",
  "textures": {
    "layer0": "minecraft:item/recovery_compass_16"
  },
  "overrides": [
    { "predicate": { "pommel:is_held": 0.0, "angle": 0.000000 }, "model": "minecraft:item/recovery_compass" },
    { "predicate": { "pommel:is_held": 0.0, "angle": 0.015625 }, "model": "minecraft:item/recovery_compass_17" },
    { "predicate": { "pommel:is_held": 0.0, "angle": 0.046875 }, "model": "minecraft:item/recovery_compass_18" },
    { "predicate": { "pommel:is_held": 0.0, "angle": 0.078125 }, "model": "minecraft:item/recovery_compass_19" },
    { "predicate": { "pommel:is_held": 0.0, "angle": 0.109375 }, "model": "minecraft:item/recovery_compass_20" },
    { "predicate": { "pommel:is_held": 0.0, "angle": 0.140625 }, "model": "minecraft:item/recovery_compass_21" },
    { "predicate": { "pommel:is_held": 0.0, "angle": 0.171875 }, "model": "minecraft:item/recovery_compass_22" },
    { "predicate": { "pommel:is_held": 0.0, "angle": 0.203125 }, "model": "minecraft:item/recovery_compass_23" },
    { "predicate": { "pommel:is_held": 0.0, "angle": 0.234375 }, "model": "minecraft:item/recovery_compass_24" },
    { "predicate": { "pommel:is_held": 0.0, "angle": 0.265625 }, "model": "minecraft:item/recovery_compass_25" },
    { "predicate": { "pommel:is_held": 0.0, "angle": 0.296875 }, "model": "minecraft:item/recovery_compass_26" },
    { "predicate": { "pommel:is_held": 0.0, "angle": 0.328125 }, "model": "minecraft:item/recovery_compass_27" },
    { "predicate": { "pommel:is_held": 0.0, "angle": 0.359375 }, "model": "minecraft:item/recovery_compass_28" },
    { "predicate": { "pommel:is_held": 0.0, "angle": 0.390625 }, "model": "minecraft:item/recovery_compass_29" },
    { "predicate": { "pommel:is_held": 0.0, "angle": 0.421875 }, "model": "minecraft:item/recovery_compass_30" },
    { "predicate": { "pommel:is_held": 0.0, "angle": 0.453125 }, "model": "minecraft:item/recovery_compass_31" },
    { "predicate": { "pommel:is_held": 0.0, "angle": 0.484375 }, "model": "minecraft:item/recovery_compass_00" },
    { "predicate": { "pommel:is_held": 0.0, "angle": 0.515625 }, "model": "minecraft:item/recovery_compass_01" },
    { "predicate": { "pommel:is_held": 0.0, "angle": 0.546875 }, "model": "minecraft:item/recovery_compass_02" },
    { "predicate": { "pommel:is_held": 0.0, "angle": 0.578125 }, "model": "minecraft:item/recovery_compass_03" },
    { "predicate": { "pommel:is_held": 0.0, "angle": 0.609375 }, "model": "minecraft:item/recovery_compass_04" },
    { "predicate": { "pommel:is_held": 0.0, "angle": 0.640625 }, "model": "minecraft:item/recovery_compass_05" },
    { "predicate": { "pommel:is_held": 0.0, "angle": 0.671875 }, "model": "minecraft:item/recovery_compass_06" },
    { "predicate": { "pommel:is_held": 0.0, "angle": 0.703125 }, "model": "minecraft:item/recovery_compass_07" },
    { "predicate": { "pommel:is_held": 0.0, "angle": 0.734375 }, "model": "minecraft:item/recovery_compass_08" },
    { "predicate": { "pommel:is_held": 0.0, "angle": 0.765625 }, "model": "minecraft:item/recovery_compass_09" },
    { "predicate": { "pommel:is_held": 0.0, "angle": 0.796875 }, "model": "minecraft:item/recovery_compass_10" },
    { "predicate": { "pommel:is_held": 0.0, "angle": 0.828125 }, "model": "minecraft:item/recovery_compass_11" },
    { "predicate": { "pommel:is_held": 0.0, "angle": 0.859375 }, "model": "minecraft:item/recovery_compass_12" },
    { "predicate": { "pommel:is_held": 0.0, "angle": 0.890625 }, "model": "minecraft:item/recovery_compass_13" },
    { "predicate": { "pommel:is_held": 0.0, "angle": 0.921875 }, "model": "minecraft:item/recovery_compass_14" },
    { "predicate": { "pommel:is_held": 0.0, "angle": 0.953125 }, "model": "minecraft:item/recovery_compass_15" },
    { "predicate": { "pommel:is_held": 0.0, "angle": 0.984375 }, "model": "minecraft:item/recovery_compass" },
    { "predicate": { "pommel:is_held": 1.0, "angle": 0.000000 }, "model": "minecraft:item/recovery_compass_16_hand" },
    { "predicate": { "pommel:is_held": 1.0, "angle": 0.015625 }, "model": "minecraft:item/recovery_compass_17_hand" },
    { "predicate": { "pommel:is_held": 1.0, "angle": 0.046875 }, "model": "minecraft:item/recovery_compass_18_hand" },
    { "predicate": { "pommel:is_held": 1.0, "angle": 0.078125 }, "model": "minecraft:item/recovery_compass_19_hand" },
    { "predicate": { "pommel:is_held": 1.0, "angle": 0.109375 }, "model": "minecraft:item/recovery_compass_20_hand" },
    { "predicate": { "pommel:is_held": 1.0, "angle": 0.140625 }, "model": "minecraft:item/recovery_compass_21_hand" },
    { "predicate": { "pommel:is_held": 1.0, "angle": 0.171875 }, "model": "minecraft:item/recovery_compass_22_hand" },
    { "predicate": { "pommel:is_held": 1.0, "angle": 0.203125 }, "model": "minecraft:item/recovery_compass_23_hand" },
    { "predicate": { "pommel:is_held": 1.0, "angle": 0.234375 }, "model": "minecraft:item/recovery_compass_24_hand" },
    { "predicate": { "pommel:is_held": 1.0, "angle": 0.265625 }, "model": "minecraft:item/recovery_compass_25_hand" },
    { "predicate": { "pommel:is_held": 1.0, "angle": 0.296875 }, "model": "minecraft:item/recovery_compass_26_hand" },
    { "predicate": { "pommel:is_held": 1.0, "angle": 0.328125 }, "model": "minecraft:item/recovery_compass_27_hand" },
    { "predicate": { "pommel:is_held": 1.0, "angle": 0.359375 }, "model": "minecraft:item/recovery_compass_28_hand" },
    { "predicate": { "pommel:is_held": 1.0, "angle": 0.390625 }, "model": "minecraft:item/recovery_compass_29_hand" },
    { "predicate": { "pommel:is_held": 1.0, "angle": 0.421875 }, "model": "minecraft:item/recovery_compass_30_hand" },
    { "predicate": { "pommel:is_held": 1.0, "angle": 0.453125 }, "model": "minecraft:item/recovery_compass_31_hand" },
    { "predicate": { "pommel:is_held": 1.0, "angle": 0.484375 }, "model": "minecraft:item/recovery_compass_00_hand" },
    { "predicate": { "pommel:is_held": 1.0, "angle": 0.515625 }, "model": "minecraft:item/recovery_compass_01_hand" },
    { "predicate": { "pommel:is_held": 1.0, "angle": 0.546875 }, "model": "minecraft:item/recovery_compass_02_hand" },
    { "predicate": { "pommel:is_held": 1.0, "angle": 0.578125 }, "model": "minecraft:item/recovery_compass_03_hand" },
    { "predicate": { "pommel:is_held": 1.0, "angle": 0.609375 }, "model": "minecraft:item/recovery_compass_04_hand" },
    { "predicate": { "pommel:is_held": 1.0, "angle": 0.640625 }, "model": "minecraft:item/recovery_compass_05_hand" },
    { "predicate": { "pommel:is_held": 1.0, "angle": 0.671875 }, "model": "minecraft:item/recovery_compass_06_hand" },
    { "predicate": { "pommel:is_held": 1.0, "angle": 0.703125 }, "model": "minecraft:item/recovery_compass_07_hand" },
    { "predicate": { "pommel:is_held": 1.0, "angle": 0.734375 }, "model": "minecraft:item/recovery_compass_08_hand" },
    { "predicate": { "pommel:is_held": 1.0, "angle": 0.765625 }, "model": "minecraft:item/recovery_compass_09_hand" },
    { "predicate": { "pommel:is_held": 1.0, "angle": 0.796875 }, "model": "minecraft:item/recovery_compass_10_hand" },
    { "predicate": { "pommel:is_held": 1.0, "angle": 0.828125 }, "model": "minecraft:item/recovery_compass_11_hand" },
    { "predicate": { "pommel:is_held": 1.0, "angle": 0.859375 }, "model": "minecraft:item/recovery_compass_12_hand" },
    { "predicate": { "pommel:is_held": 1.0, "angle": 0.890625 }, "model": "minecraft:item/recovery_compass_13_hand" },
    { "predicate": { "pommel:is_held": 1.0, "angle": 0.921875 }, "model": "minecraft:item/recovery_compass_14_hand" },
    { "predicate": { "pommel:is_held": 1.0, "angle": 0.953125 }, "model": "minecraft:item/recovery_compass_15_hand" },
    { "predicate": { "pommel:is_held": 1.0, "angle": 0.984375 }, "model": "minecraft:item/recovery_compass_16_hand" }
  ]
}
