{
	"format_version": "1.9.0",
	"credit": "Made with Blockbench",
	"texture_size": [32, 32],
	"textures": {
		"0": "item/saddle_hand",
		"particle": "item/saddle_hand"
	},
	"elements": [
		{
			"from": [5, 1, 2],
			"to": [11, 4, 10],
			"rotation": {"angle": 0, "axis": "y", "origin": [8, 0.875, 6]},
			"faces": {
				"north": {"uv": [0, 5.5, 3, 7], "texture": "#0"},
				"east": {"uv": [0, 4, 4, 5.5], "texture": "#0"},
				"south": {"uv": [3, 5.5, 6, 7], "texture": "#0"},
				"west": {"uv": [4, 4, 8, 5.5], "texture": "#0"},
				"up": {"uv": [3, 4, 0, 0], "texture": "#0"},
				"down": {"uv": [6, 0, 3, 4], "texture": "#0"}
			}
		},
		{
			"from": [4.07512, -1.37963, 9],
			"to": [4.07512, 2.62037, 10],
			"rotation": {"angle": -22.5, "axis": "z", "origin": [8, 0.875, 6]},
			"faces": {
				"north": {"uv": [0, 0, 0, 2], "texture": "#0"},
				"east": {"uv": [6, 0, 6.5, 2], "texture": "#0"},
				"south": {"uv": [0, 0, 0, 2], "texture": "#0"},
				"west": {"uv": [6, 2, 6.5, 4], "texture": "#0"},
				"up": {"uv": [0, 0.5, 0, 0], "texture": "#0"},
				"down": {"uv": [0, 0, 0, 0.5], "texture": "#0"}
			}
		},
		{
			"from": [11.91801, -1.45945, 9],
			"to": [11.91801, 2.54055, 10],
			"rotation": {"angle": 22.5, "axis": "z", "origin": [8, 0.875, 6]},
			"faces": {
				"north": {"uv": [0, 0, 0, 2], "texture": "#0"},
				"east": {"uv": [6, 0, 6.5, 2], "texture": "#0"},
				"south": {"uv": [0, 0, 0, 2], "texture": "#0"},
				"west": {"uv": [6, 2, 6.5, 4], "texture": "#0"},
				"up": {"uv": [0, 0.5, 0, 0], "texture": "#0"},
				"down": {"uv": [0, 0, 0, 0.5], "texture": "#0"}
			}
		},
		{
			"from": [12.5, -1.75, 8.5],
			"to": [12.5, 0.25, 10.5],
			"rotation": {"angle": 0, "axis": "y", "origin": [8, 0.875, 6]},
			"faces": {
				"north": {"uv": [0, 0, 0, 1], "texture": "#0"},
				"east": {"uv": [6, 5.5, 7, 6.5], "texture": "#0"},
				"south": {"uv": [0, 0, 0, 1], "texture": "#0"},
				"west": {"uv": [6.5, 0, 7.5, 1], "texture": "#0"},
				"up": {"uv": [0, 1, 0, 0], "texture": "#0"},
				"down": {"uv": [0, 0, 0, 1], "texture": "#0"}
			}
		},
		{
			"from": [3.5, -1.75, 8.5],
			"to": [3.5, 0.25, 10.5],
			"rotation": {"angle": 0, "axis": "y", "origin": [8, 0.875, 6]},
			"faces": {
				"north": {"uv": [0, 0, 0, 1], "texture": "#0"},
				"east": {"uv": [6, 5.5, 7, 6.5], "texture": "#0"},
				"south": {"uv": [0, 0, 0, 1], "texture": "#0"},
				"west": {"uv": [6.5, 0, 7.5, 1], "texture": "#0"},
				"up": {"uv": [0, 1, 0, 0], "texture": "#0"},
				"down": {"uv": [0, 0, 0, 1], "texture": "#0"}
			}
		},
		{
			"from": [4.5, 0.5, 0],
			"to": [11.5, 4.5, 2],
			"rotation": {"angle": 0, "axis": "y", "origin": [8, 0.875, 6]},
			"faces": {
				"north": {"uv": [0, 8, 3.5, 10], "texture": "#0"},
				"east": {"uv": [3.5, 9, 4.5, 11], "texture": "#0"},
				"south": {"uv": [8, 4, 11.5, 6], "texture": "#0"},
				"west": {"uv": [4.5, 9, 5.5, 11], "texture": "#0"},
				"up": {"uv": [11, 1, 7.5, 0], "texture": "#0"},
				"down": {"uv": [9, 8.5, 5.5, 9.5], "texture": "#0"}
			}
		},
		{
			"from": [4.5, 0.5, 10],
			"to": [11.5, 4.5, 12],
			"rotation": {"angle": 0, "axis": "y", "origin": [8, 0.875, 6]},
			"faces": {
				"north": {"uv": [6.5, 1, 10, 3], "texture": "#0"},
				"east": {"uv": [3.5, 7, 4.5, 9], "texture": "#0"},
				"south": {"uv": [6, 6.5, 9.5, 8.5], "texture": "#0"},
				"west": {"uv": [4.5, 7, 5.5, 9], "texture": "#0"},
				"up": {"uv": [6.5, 3, 10, 4], "texture": "#0"},
				"down": {"uv": [0, 7, 3.5, 8], "texture": "#0"}
			}
		}
	],
	"display": {
		"firstperson_righthand": {
			"rotation": [168.42, 76.25, 170.38],
			"translation": [0.75, 7, 1.25]
		},
		"firstperson_lefthand": {
			"rotation": [168.42, 76.25, 170.38],
			"translation": [0.75, 7, 1.25]
		}
	},
	"groups": [
		{
			"name": "saddle",
			"origin": [9, 3, 4],
			"color": 0,
			"children": [0, 1, 2, 3, 4, 5, 6]
		}
	]
}