{
	"format_version": "1.21.6",
	"credit": "Made with Blockbench",
	"texture_size": [32, 32],
	"textures": {
		"0": "item/writable_book_hand",
		"particle": "item/writable_book_hand"
	},
	"elements": [
		{
			"from": [0.9, 3, 3],
			"to": [7.9, 4, 13],
			"rotation": {"angle": -22.5, "axis": "z", "origin": [3.9, 3, 8]},
			"faces": {
				"north": {"uv": [9.5, 7, 13, 7.5], "texture": "#0"},
				"east": {"uv": [9.5, 3, 14.5, 3.5], "texture": "#0"},
				"south": {"uv": [9.5, 7.5, 13, 8], "texture": "#0"},
				"west": {"uv": [9.5, 3.5, 14.5, 4], "texture": "#0"},
				"up": {"uv": [3.5, 5, 0, 0], "texture": "#0"},
				"down": {"uv": [7, 0, 3.5, 5], "texture": "#0"}
			}
		},
		{
			"from": [7.65, 2.9, 3],
			"to": [14.65, 3.9, 13],
			"rotation": {"angle": 22.5, "axis": "z", "origin": [11.65, 3.9, 8]},
			"faces": {
				"north": {"uv": [9.5, 8, 13, 8.5], "rotation": 180, "texture": "#0"},
				"east": {"uv": [9.5, 4.5, 14.5, 5], "rotation": 180, "texture": "#0"},
				"south": {"uv": [9.5, 8.5, 13, 9], "rotation": 180, "texture": "#0"},
				"west": {"uv": [9.5, 4, 14.5, 4.5], "rotation": 180, "texture": "#0"},
				"up": {"uv": [7, 5, 3.5, 10], "rotation": 180, "texture": "#0"},
				"down": {"uv": [3.5, 10, 0, 5], "rotation": 180, "texture": "#0"}
			}
		},
		{
			"from": [7.25, 3.8, 3.5],
			"to": [13.25, 4.8, 12.5],
			"rotation": {"angle": 22.5, "axis": "z", "origin": [11.25, 4.8, 7.5]},
			"faces": {
				"north": {"uv": [7, 5, 10, 5.5], "texture": "#0"},
				"east": {"uv": [7, 1, 11.5, 1.5], "texture": "#0"},
				"south": {"uv": [7, 5.5, 10, 6], "texture": "#0"},
				"west": {"uv": [7, 1.5, 11.5, 2], "texture": "#0"},
				"up": {"uv": [6, 14.5, 3, 10], "texture": "#0"},
				"down": {"uv": [13, 9, 10, 13.5], "texture": "#0"}
			}
		},
		{
			"from": [2.3, 3.9, 3.5],
			"to": [8.3, 4.9, 12.5],
			"rotation": {"angle": -22.5, "axis": "z", "origin": [4.3, 3.9, 7.5]},
			"faces": {
				"north": {"uv": [7, 2, 10, 2.5], "texture": "#0"},
				"east": {"uv": [7, 0, 11.5, 0.5], "texture": "#0"},
				"south": {"uv": [7, 2.5, 10, 3], "texture": "#0"},
				"west": {"uv": [7, 0.5, 11.5, 1], "texture": "#0"},
				"up": {"uv": [10, 13.5, 7, 9], "texture": "#0"},
				"down": {"uv": [3, 10, 0, 14.5], "texture": "#0"}
			}
		},
		{
			"from": [4, 5.25, 5],
			"to": [8, 5.25, 14],
			"rotation": {"angle": -22.5, "axis": "z", "origin": [4, 5.25, 5]},
			"faces": {
				"north": {"uv": [0, 0, 2, 0], "texture": "#0"},
				"east": {"uv": [0, 0, 4.5, 0], "texture": "#0"},
				"south": {"uv": [0, 0, 2, 0], "texture": "#0"},
				"west": {"uv": [0, 0, 4.5, 0], "texture": "#0"},
				"up": {"uv": [15, 9.5, 13, 5], "texture": "#0"},
				"down": {"uv": [13, 5, 15, 9.5], "texture": "#0"}
			}
		},
		{
			"from": [4, 5.25, 4],
			"to": [4, 5.25, 13],
			"rotation": {"angle": -22.5, "axis": "z", "origin": [4, 5.25, 4]},
			"faces": {
				"north": {"uv": [2, 0, 2, 0], "texture": "#0"},
				"east": {"uv": [0, 0, 4.5, 0], "texture": "#0"},
				"south": {"uv": [0, 0, 0, 0], "texture": "#0"},
				"west": {"uv": [0, 0, 4.5, 0], "texture": "#0"},
				"up": {"uv": [15, 9.5, 15, 5], "texture": "#0"},
				"down": {"uv": [15, 9.5, 15, 14], "texture": "#0"}
			}
		}
	],
	"display": {
		"thirdperson_righthand": {
			"rotation": [0, 0, -90],
			"translation": [4.25, -1, -2.75],
			"scale": [0.8, 0.8, 0.8]
		},
		"thirdperson_lefthand": {
			"translation": [-1, 3, -2.75],
			"scale": [0.8, 0.8, 0.8]
		},
		"firstperson_righthand": {
			"rotation": [-139.5, 65.53, 119.18],
			"translation": [-2, 7, 1.25]
		},
		"firstperson_lefthand": {
			"rotation": [-139.5, 65.53, 119.18],
			"translation": [-2, 7, 1.25]
		},
		"gui": {
			"rotation": [30, -135, 0],
			"translation": [0, 2.5, 0],
			"scale": [0.75, 0.75, 0.75]
		}
	},
	"groups": [
		{
			"name": "book",
			"origin": [6, 2, 7.5],
			"color": 0,
			"children": [0, 1, 2, 3, 4, 5]
		}
	]
}