{
  "format_version": "1.21.6",
  "credit": "Made with Blockbench",
  "texture_size": [
    32,
    32
  ],
  "textures": {
    "0": "jadensnetherexpansiondelight:item/ecto_ingot_hand",
    "particle": "jadensnetherexpansiondelight:item/ecto_ingot_hand"
  },
  "elements": [
    {
      "from": [
        2,
        0,
        3
      ],
      "to": [
        14,
        4,
        9
      ],
      "rotation": {
        "angle": 0,
        "axis": "y",
        "origin": [
          8,
          0,
          6
        ]
      },
      "faces": {
        "north": {
          "uv": [
            0,
            6,
            6,
            8
          ],
          "texture": "#0"
        },
        "east": {
          "uv": [
            6,
            2,
            9,
            4
          ],
          "texture": "#0"
        },
        "south": {
          "uv": [
            0,
            6,
            6,
            8
          ],
          "texture": "#0"
        },
        "west": {
          "uv": [
            6,
            2,
            9,
            4
          ],
          "texture": "#0"
        },
        "up": {
          "uv": [
            6,
            3,
            0,
            0
          ],
          "texture": "#0"
        },
        "down": {
          "uv": [
            6,
            3,
            0,
            6
          ],
          "texture": "#0"
        }
      }
    }
  ],
  "display": {
    "thirdperson_righthand": {
      "translation": [
        0.5,
        4,
        1
      ],
      "scale": [
        0.5,
        0.5,
        0.5
      ]
    },
    "thirdperson_lefthand": {
      "translation": [
        0.5,
        4,
        1
      ],
      "scale": [
        0.5,
        0.5,
        0.5
      ]
    },
    "firstperson_righthand": {
      "rotation": [
        168.42,
        76.25,
        170.38
      ],
      "translation": [
        0.75,
        7,
        1.25
      ],
      "scale": [
        0.8,
        0.8,
        0.8
      ]
    },
    "firstperson_lefthand": {
      "rotation": [
        168.42,
        76.25,
        170.38
      ],
      "translation": [
        0.75,
        7,
        1.25
      ],
      "scale": [
        0.8,
        0.8,
        0.8
      ]
    }
  }
}