{
  "credit": "Made with Blockbench",
  "texture_size": [
    32,
    32
  ],
  "textures": {
    "0": "quark:item/rope_hand",
    "particle": "quark:item/rope_hand"
  },
  "elements": [
    {
      "from": [
        7,
        -4,
        -3
      ],
      "to": [
        10,
        6,
        7
      ],
      "rotation": {
        "angle": 0,
        "axis": "y",
        "origin": [
          7,
          -4,
          2
        ]
      },
      "faces": {
        "north": {
          "uv": [
            5,
            0,
            6.5,
            5
          ],
          "texture": "#0"
        },
        "east": {
          "uv": [
            0,
            0,
            5,
            5
          ],
          "texture": "#0"
        },
        "south": {
          "uv": [
            5,
            5,
            6.5,
            10
          ],
          "texture": "#0"
        },
        "west": {
          "uv": [
            0,
            5,
            5,
            10
          ],
          "texture": "#0"
        },
        "up": {
          "uv": [
            8,
            5,
            6.5,
            0
          ],
          "texture": "#0"
        },
        "down": {
          "uv": [
            8,
            5,
            6.5,
            10
          ],
          "texture": "#0"
        }
      }
    },
    {
      "from": [
        7,
        -3.999,
        -3
      ],
      "to": [
        10,
        -3.999,
        7
      ],
      "rotation": {
        "angle": 0,
        "axis": "y",
        "origin": [
          7,
          -3.9,
          2
        ]
      },
      "faces": {
        "north": {
          "uv": [
            5,
            0,
            6.5,
            5
          ],
          "texture": "#0"
        },
        "east": {
          "uv": [
            0,
            0,
            5,
            5
          ],
          "texture": "#0"
        },
        "south": {
          "uv": [
            5,
            5,
            6.5,
            10
          ],
          "texture": "#0"
        },
        "west": {
          "uv": [
            0,
            5,
            5,
            10
          ],
          "texture": "#0"
        },
        "up": {
          "uv": [
            6.5,
            5,
            5,
            0
          ],
          "texture": "#0"
        },
        "down": {
          "uv": [
            8,
            10,
            6.5,
            15
          ],
          "texture": "#0"
        }
      }
    },
    {
      "from": [
        7,
        -4,
        6.999
      ],
      "to": [
        10,
        6,
        6.999
      ],
      "rotation": {
        "angle": 0,
        "axis": "y",
        "origin": [
          7,
          -4,
          1.9
        ]
      },
      "faces": {
        "north": {
          "uv": [
            5,
            0,
            6.5,
            5
          ],
          "texture": "#0"
        },
        "east": {
          "uv": [
            0,
            0,
            5,
            5
          ],
          "texture": "#0"
        },
        "south": {
          "uv": [
            5,
            10,
            6.5,
            15
          ],
          "texture": "#0"
        },
        "west": {
          "uv": [
            0,
            5,
            5,
            10
          ],
          "texture": "#0"
        },
        "up": {
          "uv": [
            8,
            5,
            6.5,
            0
          ],
          "texture": "#0"
        },
        "down": {
          "uv": [
            8,
            5,
            6.5,
            10
          ],
          "texture": "#0"
        }
      }
    },
    {
      "from": [
        6.5,
        -1.5,
        5
      ],
      "to": [
        10.5,
        3.5,
        8
      ],
      "rotation": {
        "angle": 0,
        "axis": "y",
        "origin": [
          6.5,
          -0.5,
          6
        ]
      },
      "faces": {
        "north": {
          "uv": [
            9.5,
            0,
            11.5,
            2.5
          ],
          "texture": "#0"
        },
        "east": {
          "uv": [
            2,
            10,
            3.5,
            12.5
          ],
          "texture": "#0"
        },
        "south": {
          "uv": [
            9.5,
            2.5,
            11.5,
            5
          ],
          "texture": "#0"
        },
        "west": {
          "uv": [
            3.5,
            10,
            5,
            12.5
          ],
          "texture": "#0"
        },
        "up": {
          "uv": [
            12,
            6.5,
            10,
            5
          ],
          "texture": "#0"
        },
        "down": {
          "uv": [
            12,
            6.5,
            10,
            8
          ],
          "texture": "#0"
        }
      }
    }
  ],
  "display": {
    "thirdperson_righthand": {
      "rotation": [
        0,
        180,
        0
      ],
      "translation": [
        0,
        5,
        2
      ]
    },
    "thirdperson_lefthand": {
      "rotation": [
        0,
        180,
        0
      ],
      "translation": [
        -1,
        5,
        2
      ]
    },
    "firstperson_righthand": {
      "rotation": [
        168.42,
        76.25,
        170.38
      ],
      "translation": [
        0.75,
        7,
        1.25
      ]
    },
    "firstperson_lefthand": {
      "rotation": [
        168.42,
        76.25,
        170.38
      ],
      "translation": [
        0.75,
        7,
        0.25
      ]
    }
  },
  "groups": [
    {
      "name": "lead",
      "origin": [
        7,
        6,
        8
      ],
      "color": 0,
      "children": [
        0,
        1,
        2,
        3
      ]
    }
  ]
}