{
	"credit": "Created by JamieCubed",
	"textures": {
		"particle": "#post"
	},
	"elements": [
		{
			"name": "Center post",
			"from": [4, 0, 4],
			"to": [12, 16, 12],
			"faces": {
				"north": {"uv": [0, 0, 8, 16], "texture": "#post"},
				"east": {"uv": [8, 0, 16, 16], "texture": "#post"},
				"south": {"uv": [0, 0, 8, 16], "texture": "#post"},
				"west": {"uv": [8, 0, 16, 16], "texture": "#post"},
				"up": {"uv": [4, 4, 12, 12], "texture": "#top", "cullface": "up"},
				"down": {"uv": [4, 4, 12, 12], "texture": "#top", "cullface": "down"}
			}
		}
	]
}