{
	"credit": "Created by JamieCubed",
	"parent": "block/block",
	"ambientocclusion": false,
	"textures": {
		"particle": "#wall_side"
	},
	"elements": [
		{
			"name": "Center post",
			"from": [4, 0, 4],
			"to": [12, 16, 12],
			"faces": {
				"north": {"uv": [8, 0, 16, 16], "texture": "#post_side"},
				"east": {"uv": [0, 0, 8, 16], "texture": "#post_side"},
				"south": {"uv": [8, 0, 16, 16], "texture": "#post_side"},
				"west": {"uv": [0, 0, 8, 16], "texture": "#post_side"},
				"up": {"uv": [4, 4, 12, 12], "texture": "#post_top"},
				"down": {"uv": [4, 4, 12, 12], "texture": "#post_top", "cullface": "down"}
			}
		},
		{
			"name": "Full wall",
			"from": [5, 0, 0],
			"to": [11, 14, 16],
			"faces": {
				"north": {"uv": [5, 2, 11, 16], "texture": "#wall_side", "cullface": "north"},
				"east": {"uv": [0, 2, 16, 16], "texture": "#wall_side"},
				"south": {"uv": [5, 2, 11, 16], "texture": "#wall_side", "cullface": "south"},
				"west": {"uv": [0, 2, 16, 16], "texture": "#wall_side"},
				"up": {"uv": [5, 0, 11, 16], "texture": "#wall_top"},
				"down": {"uv": [5, 0, 11, 16], "texture": "#wall_top", "cullface": "down"}
			}
		}
	],
	"display": {
		"gui": {
			"rotation": [30, 135, 0],
			"scale": [0.625, 0.625, 0.625]
		},
		"fixed": {
			"rotation": [0, 90, 0],
			"scale": [0.5, 0.5, 0.5]
		}
	}
}