{
	"credit": "Created by JamieCubed",
	"parent": "block/block",
	"textures": {
		"particle": "#side_tall"
	},
	"elements": [
		{
			"from": [0, 8, 8],
			"to": [8, 16, 16],
			"faces": {
				"up": {"uv": [0, 0, 8, 8], "texture": "#top"},
				"down": {"uv": [0, 0, 8, 8], "texture": "#bottom"}
			}
		},
		{
			"from": [8, 0, 0],
			"to": [16, 16, 16],
			"faces": {
				"north": {"uv": [0, 0, 8, 16], "texture": "#side_tall"},
				"east": {"uv": [0, 0, 16, 16], "texture": "#side_tall"},
				"south": {"uv": [8, 0, 16, 16], "texture": "#side_tall"},
				"west": {"uv": [0, 0, 16, 16], "texture": "#side_tall"},
				"up": {"uv": [8, 0, 16, 16], "texture": "#top"},
				"down": {"uv": [8, 0, 16, 16], "texture": "#bottom"}
			}
		},
		{
			"from": [0, 0, 0],
			"to": [8, 16, 8],
			"faces": {
				"north": {"uv": [0, 0, 8, 16], "texture": "#side_small"},
				"east": {"uv": [0, 0, 0, 0], "texture": "#missing"},
				"south": {"uv": [8, 0, 16, 16], "texture": "#side_tall"},
				"west": {"uv": [0, 0, 8, 16], "texture": "#side_tall"},
				"up": {"uv": [8, 0, 16, 8], "texture": "#top"},
				"down": {"uv": [8, 0, 16, 8], "texture": "#bottom"}
			}
		}
	],
	"display": {
		"thirdperson_lefthand": {
			"rotation": [75, -135, 0],
			"translation": [0, 2.5, 0],
			"scale": [0.375, 0.375, 0.375]
		},
		"gui": {
			"rotation": [30, 135, 0],
			"scale": [0.625, 0.625, 0.625]
		},
		"head": {
			"rotation": [0, -90, 0]
		}
	}
}