{
	"credit": "Made with Blockbench",
	"textures": {
		"1": "brewinandchewin:block/coaster/farmersdelight/bacon_sandwich",
		"particle": "brewinandchewin:block/coaster/farmersdelight/bacon_sandwich"
	},
	"elements": [
		{
			"from": [6, 3, 6],
			"to": [12, 4, 12],
			"rotation": {"angle": 0, "axis": "y", "origin": [9, 3.5, 7.25]},
			"faces": {
				"north": {"uv": [0, 5, 6, 6], "rotation": 180, "texture": "#1"},
				"east": {"uv": [0, 7, 6, 8], "texture": "#1"},
				"south": {"uv": [0, 8, 6, 9], "texture": "#1"},
				"west": {"uv": [0, 7, 6, 8], "rotation": 180, "texture": "#1"},
				"up": {"uv": [0, 6, 6, 0], "texture": "#1"},
				"down": {"uv": [0, 0, 6, 6], "texture": "#1"}
			}
		},
		{
			"from": [7, 3, 5],
			"to": [11, 4, 6],
			"rotation": {"angle": 0, "axis": "y", "origin": [9, 3.5, 7.25]},
			"faces": {
				"north": {"uv": [1, 6, 5, 7], "texture": "#1"},
				"east": {"uv": [1, 6, 2, 7], "texture": "#1"},
				"south": {"uv": [1, 6, 5, 7], "texture": "#1"},
				"west": {"uv": [4, 6, 5, 7], "texture": "#1"},
				"up": {"uv": [1, 6, 5, 7], "texture": "#1"},
				"down": {"uv": [1, 6, 5, 7], "texture": "#1"}
			}
		},
		{
			"name": "leaf",
			"from": [5, 2, 5],
			"to": [12, 2, 12],
			"rotation": {"angle": 0, "axis": "y", "origin": [-1, 2, -1]},
			"faces": {
				"up": {"uv": [6, 4, 13, 11], "texture": "#1"},
				"down": {"uv": [6, 11, 13, 4], "texture": "#1"}
			}
		},
		{
			"name": "tomato",
			"from": [5.75, 2, 5.75],
			"to": [8.75, 3, 8.75],
			"rotation": {"angle": 0, "axis": "y", "origin": [5.75, 2, 5.75]},
			"faces": {
				"north": {"uv": [12, 0, 15, 1], "rotation": 180, "texture": "#1"},
				"east": {"uv": [14, 0, 15, 3], "rotation": 90, "texture": "#1"},
				"south": {"uv": [12, 2, 15, 3], "texture": "#1"},
				"west": {"uv": [12, 0, 13, 3], "rotation": 270, "texture": "#1"},
				"up": {"uv": [12, 0, 15, 3], "texture": "#1"},
				"down": {"uv": [12, 0, 15, 3], "texture": "#1"}
			}
		},
		{
			"name": "tomato",
			"from": [8.75, 1, 6.25],
			"to": [11.75, 2, 9.25],
			"rotation": {"angle": 0, "axis": "y", "origin": [8.75, 1, 6.25]},
			"faces": {
				"north": {"uv": [12, 0, 15, 1], "rotation": 180, "texture": "#1"},
				"east": {"uv": [14, 0, 15, 3], "rotation": 90, "texture": "#1"},
				"south": {"uv": [12, 2, 15, 3], "texture": "#1"},
				"west": {"uv": [12, 0, 13, 3], "rotation": 270, "texture": "#1"},
				"up": {"uv": [12, 0, 15, 3], "texture": "#1"},
				"down": {"uv": [12, 0, 15, 3], "texture": "#1"}
			}
		},
		{
			"from": [6, 1, 7],
			"to": [8, 2, 11],
			"rotation": {"angle": 0, "axis": "y", "origin": [9, 1.5, 7.75]},
			"faces": {
				"north": {"uv": [3, 15, 5, 16], "rotation": 180, "texture": "#1"},
				"east": {"uv": [3, 10, 4, 14], "rotation": 90, "texture": "#1"},
				"south": {"uv": [0, 15, 2, 16], "texture": "#1"},
				"west": {"uv": [5, 10, 6, 14], "rotation": 90, "texture": "#1"},
				"up": {"uv": [0, 10, 2, 14], "texture": "#1"},
				"down": {"uv": [0, 14, 2, 10], "texture": "#1"}
			}
		},
		{
			"from": [5.25, 2, 9.25],
			"to": [9.25, 3, 11.25],
			"rotation": {"angle": 0, "axis": "y", "origin": [6, 2.5, 8.25]},
			"faces": {
				"north": {"uv": [3, 10, 4, 14], "rotation": 90, "texture": "#1"},
				"east": {"uv": [0, 15, 2, 16], "texture": "#1"},
				"south": {"uv": [5, 10, 6, 14], "rotation": 90, "texture": "#1"},
				"west": {"uv": [3, 15, 5, 16], "rotation": 180, "texture": "#1"},
				"up": {"uv": [0, 10, 2, 14], "rotation": 270, "texture": "#1"},
				"down": {"uv": [0, 14, 2, 10], "rotation": 90, "texture": "#1"}
			}
		},
		{
			"from": [9.25, 2, 7],
			"to": [11.25, 3, 10],
			"rotation": {"angle": 0, "axis": "y", "origin": [9.25, 2.5, 7.75]},
			"faces": {
				"north": {"uv": [3, 15, 5, 16], "rotation": 180, "texture": "#1"},
				"east": {"uv": [3, 10, 4, 13], "rotation": 90, "texture": "#1"},
				"south": {"uv": [0, 15, 2, 16], "texture": "#1"},
				"west": {"uv": [5, 10, 6, 13], "rotation": 90, "texture": "#1"},
				"up": {"uv": [0, 10, 2, 13], "texture": "#1"},
				"down": {"uv": [0, 13, 2, 10], "texture": "#1"}
			}
		},
		{
			"from": [10.25, 2, 6],
			"to": [12.25, 3, 7],
			"rotation": {"angle": 0, "axis": "y", "origin": [9.25, 2.5, 7.75]},
			"faces": {
				"north": {"uv": [3, 15, 5, 16], "rotation": 180, "texture": "#1"},
				"east": {"uv": [0, 13, 1, 14], "texture": "#1"},
				"south": {"uv": [0, 15, 2, 16], "texture": "#1"},
				"west": {"uv": [0, 13, 1, 14], "texture": "#1"},
				"up": {"uv": [0, 13, 2, 14], "texture": "#1"},
				"down": {"uv": [0, 13, 2, 14], "texture": "#1"}
			}
		},
		{
			"from": [6, 0, 6],
			"to": [12, 1, 12],
			"rotation": {"angle": 0, "axis": "y", "origin": [9, 0.5, 7.25]},
			"faces": {
				"north": {"uv": [0, 5, 6, 6], "rotation": 180, "texture": "#1"},
				"east": {"uv": [0, 7, 6, 8], "texture": "#1"},
				"south": {"uv": [0, 8, 6, 9], "texture": "#1"},
				"west": {"uv": [0, 7, 6, 8], "rotation": 180, "texture": "#1"},
				"up": {"uv": [0, 6, 6, 0], "texture": "#1"},
				"down": {"uv": [0, 0, 6, 6], "texture": "#1"}
			}
		},
		{
			"from": [7, 0, 5],
			"to": [11, 1, 6],
			"rotation": {"angle": 0, "axis": "y", "origin": [9, 0.5, 7.25]},
			"faces": {
				"north": {"uv": [1, 6, 5, 7], "texture": "#1"},
				"east": {"uv": [1, 6, 2, 7], "texture": "#1"},
				"south": {"uv": [1, 6, 5, 7], "texture": "#1"},
				"west": {"uv": [4, 6, 5, 7], "texture": "#1"},
				"up": {"uv": [1, 6, 5, 7], "texture": "#1"},
				"down": {"uv": [1, 6, 5, 7], "texture": "#1"}
			}
		}
	],
	"groups": [
		{
			"name": "bread_top",
			"origin": [6, 0, 0],
			"color": 0,
			"children": [0, 1]
		},
		2,
		3,
		4,
		{
			"name": "bacon",
			"origin": [5, 0, 7],
			"color": 0,
			"children": [5, 6, 7, 8]
		},
		{
			"name": "bread_bottom",
			"origin": [6, 0, 0],
			"color": 0,
			"children": [9, 10]
		}
	]
}