{
	"credit": "Made with Blockbench",
	"textures": {
		"0": "brewinandchewin:block/coaster/farmersdelight/bacon",
		"particle": "brewinandchewin:block/coaster/farmersdelight/bacon"
	},
	"elements": [
		{
			"from": [6, 0, 6],
			"to": [9, 1, 12],
			"rotation": {"angle": 0, "axis": "y", "origin": [7.5, 0.5, 9]},
			"faces": {
				"north": {"uv": [0, 10, 3, 11], "texture": "#0"},
				"east": {"uv": [4, 10, 10, 11], "texture": "#0"},
				"south": {"uv": [0, 8, 3, 9], "rotation": 180, "texture": "#0"},
				"west": {"uv": [4, 8, 10, 9], "texture": "#0"},
				"up": {"uv": [3, 6, 0, 0], "rotation": 180, "texture": "#0"},
				"down": {"uv": [3, 0, 0, 6], "rotation": 180, "texture": "#0"}
			}
		}
	]
}