{
	"credit": "Made with Blockbench",
	"textures": {
		"0": "brewinandchewin:block/coaster/farmersdelight/barbecue_stick",
		"particle": "brewinandchewin:block/coaster/farmersdelight/barbecue_stick"
	},
	"elements": [
		{
			"name": "stick",
			"from": [1, 1, 8],
			"to": [15, 2, 9],
			"rotation": {"angle": 0, "axis": "y", "origin": [1, 0, 8]},
			"faces": {
				"north": {"uv": [0, 0, 14, 1], "rotation": 180, "texture": "#0"},
				"east": {"uv": [13, 0, 14, 1], "texture": "#0"},
				"south": {"uv": [0, 0, 14, 1], "texture": "#0"},
				"west": {"uv": [0, 0, 1, 1], "texture": "#0"},
				"up": {"uv": [0, 0, 14, 1], "texture": "#0"},
				"down": {"uv": [0, 0, 14, 1], "texture": "#0"}
			}
		},
		{
			"from": [4, 0, 7],
			"to": [6, 3, 10],
			"rotation": {"angle": 0, "axis": "z", "origin": [6, 0, 7]},
			"faces": {
				"north": {"uv": [5, 1, 7, 4], "texture": "#0"},
				"east": {"uv": [0, 4, 3, 1], "rotation": 270, "texture": "#0"},
				"south": {"uv": [5, 1, 7, 4], "rotation": 180, "texture": "#0"},
				"west": {"uv": [0, 1, 3, 4], "rotation": 270, "texture": "#0"},
				"up": {"uv": [3, 1, 5, 4], "texture": "#0"},
				"down": {"uv": [3, 1, 5, 4], "rotation": 180, "texture": "#0"}
			}
		},
		{
			"from": [7, 0, 7],
			"to": [8, 3, 10],
			"rotation": {"angle": 0, "axis": "y", "origin": [7.5, 1.5, 8.5]},
			"faces": {
				"north": {"uv": [9, 4, 10, 7], "texture": "#0"},
				"east": {"uv": [10, 4, 13, 7], "texture": "#0"},
				"south": {"uv": [6, 4, 7, 7], "texture": "#0"},
				"west": {"uv": [10, 4, 13, 7], "texture": "#0"},
				"up": {"uv": [8, 7, 7, 4], "texture": "#0"},
				"down": {"uv": [9, 4, 8, 7], "texture": "#0"}
			}
		},
		{
			"from": [8, 0.5, 7.5],
			"to": [9, 2.5, 9.5],
			"rotation": {"angle": 0, "axis": "y", "origin": [8.5, 1.5, 8.5]},
			"faces": {
				"north": {"uv": [10, 5, 11, 7], "texture": "#0"},
				"east": {"uv": [10, 4, 12, 6], "texture": "#0"},
				"south": {"uv": [11, 5, 12, 7], "texture": "#0"},
				"west": {"uv": [10, 4, 12, 6], "texture": "#0"},
				"up": {"uv": [13, 7, 12, 5], "texture": "#0"},
				"down": {"uv": [13, 4, 12, 6], "texture": "#0"}
			}
		},
		{
			"from": [6, 0.5, 7.5],
			"to": [7, 2.5, 9.5],
			"rotation": {"angle": 0, "axis": "y", "origin": [6.5, 1.5, 8.5]},
			"faces": {
				"north": {"uv": [10, 5, 11, 7], "texture": "#0"},
				"east": {"uv": [10, 4, 12, 6], "texture": "#0"},
				"south": {"uv": [11, 5, 12, 7], "texture": "#0"},
				"west": {"uv": [10, 4, 12, 6], "texture": "#0"},
				"up": {"uv": [13, 7, 12, 5], "texture": "#0"},
				"down": {"uv": [13, 4, 12, 6], "texture": "#0"}
			}
		},
		{
			"from": [9, 0, 7],
			"to": [12, 3, 10],
			"rotation": {"angle": 0, "axis": "y", "origin": [9, 0, 7]},
			"faces": {
				"north": {"uv": [0, 4, 3, 7], "texture": "#0"},
				"east": {"uv": [0, 4, 3, 7], "texture": "#0"},
				"south": {"uv": [0, 4, 3, 7], "texture": "#0"},
				"west": {"uv": [0, 4, 3, 7], "texture": "#0"},
				"up": {"uv": [3, 4, 6, 7], "texture": "#0"},
				"down": {"uv": [3, 7, 6, 4], "texture": "#0"}
			}
		},
		{
			"from": [12, 0, 7],
			"to": [13, 3, 10],
			"rotation": {"angle": 0, "axis": "z", "origin": [12.5, 2.5, 9.5]},
			"faces": {
				"north": {"uv": [10, 1, 13, 2], "rotation": 270, "texture": "#0"},
				"east": {"uv": [7, 1, 10, 4], "rotation": 90, "texture": "#0"},
				"south": {"uv": [10, 1, 13, 2], "rotation": 90, "texture": "#0"},
				"west": {"uv": [13, 1, 16, 4], "rotation": 90, "texture": "#0"},
				"up": {"uv": [10, 3, 13, 4], "rotation": 90, "texture": "#0"},
				"down": {"uv": [10, 3, 13, 4], "rotation": 90, "texture": "#0"}
			}
		}
	]
}