{
	"credit": "Made with Blockbench",
	"textures": {
		"0": "brewinandchewin:block/coaster/farmersdelight/beef_patty",
		"particle": "brewinandchewin:block/coaster/farmersdelight/beef_patty"
	},
	"elements": [
		{
			"from": [6, 0, 6],
			"to": [11, 2, 11],
			"rotation": {"angle": 0, "axis": "y", "origin": [8.5, 1.5, 8.5]},
			"faces": {
				"north": {"uv": [7, 6, 12, 8], "texture": "#0"},
				"east": {"uv": [1, 6, 6, 8], "texture": "#0"},
				"south": {"uv": [7, 6, 12, 8], "texture": "#0"},
				"west": {"uv": [1, 6, 6, 8], "texture": "#0"},
				"up": {"uv": [7, 0, 12, 5], "texture": "#0"},
				"down": {"uv": [7, 10, 12, 15], "texture": "#0"}
			}
		}
	]
}