{
	"credit": "Made with Blockbench",
	"textures": {
		"0": "brewinandchewin:block/coaster/farmersdelight/cabbage_rolls",
		"particle": "brewinandchewin:block/coaster/farmersdelight/cabbage_rolls"
	},
	"elements": [
		{
			"from": [6, 0, 6],
			"to": [8, 2, 11],
			"faces": {
				"north": {"uv": [2, 6, 4, 8], "texture": "#0"},
				"east": {"uv": [0, 0, 5, 2], "texture": "#0"},
				"south": {"uv": [2, 4, 4, 6], "texture": "#0"},
				"west": {"uv": [0, 2, 5, 4], "texture": "#0"},
				"up": {"uv": [0, 4, 2, 9], "texture": "#0"},
				"down": {"uv": [0, 4, 2, 9], "texture": "#0"}
			}
		},
		{
			"from": [9, 0, 7],
			"to": [11, 2, 12],
			"rotation": {"angle": 0, "axis": "y", "origin": [3, 0, 1]},
			"faces": {
				"north": {"uv": [2, 6, 4, 8], "texture": "#0"},
				"east": {"uv": [0, 0, 5, 2], "texture": "#0"},
				"south": {"uv": [2, 4, 4, 6], "texture": "#0"},
				"west": {"uv": [0, 2, 5, 4], "texture": "#0"},
				"up": {"uv": [0, 4, 2, 9], "texture": "#0"},
				"down": {"uv": [0, 4, 2, 9], "texture": "#0"}
			}
		}
	]
}