{
	"credit": "Made with Blockbench",
	"textures": {
		"0": "brewinandchewin:block/coaster/farmersdelight/cake_slice",
		"particle": "brewinandchewin:block/coaster/farmersdelight/cake_slice"
	},
	"elements": [
		{
			"name": "cake",
			"from": [6.5, 0, 5],
			"to": [9.5, 4, 11],
			"rotation": {"angle": 0, "axis": "y", "origin": [7, 1, 7]},
			"faces": {
				"north": {"uv": [10, 0, 7, 4], "texture": "#0"},
				"east": {"uv": [0, 4, 6, 8], "texture": "#0"},
				"south": {"uv": [1, 4, 4, 8], "texture": "#0"},
				"west": {"uv": [6, 4, 0, 8], "texture": "#0"},
				"up": {"uv": [6, 3, 0, 0], "rotation": 90, "texture": "#0"}
			}
		},
		{
			"name": "strawberry",
			"from": [7, 3.75, 8.5],
			"to": [8.5, 4.5, 10],
			"rotation": {"angle": 0, "axis": "y", "origin": [6.5, 3.75, 6.75]},
			"faces": {
				"north": {"uv": [11, 0, 12, 1], "texture": "#0"},
				"east": {"uv": [11, 1, 12, 2], "texture": "#0"},
				"south": {"uv": [11, 0, 12, 1], "texture": "#0"},
				"west": {"uv": [11, 1, 12, 2], "texture": "#0"},
				"up": {"uv": [13, 2, 11, 0], "texture": "#0"}
			}
		}
	]
}