{
	"credit": "Made with Blockbench",
	"textures": {
		"0": "brewinandchewin:block/coaster/farmersdelight/chicken_sandwich",
		"1": "brewinandchewin:block/coaster/sandwich_bread",
		"particle": "brewinandchewin:block/coaster/sandwich_bread"
	},
	"elements": [
		{
			"name": "top",
			"from": [4, 2, 6],
			"to": [12, 4, 11],
			"rotation": {"angle": 0, "axis": "y", "origin": [4, 2, 6]},
			"faces": {
				"north": {"uv": [0, 6, 8, 8], "texture": "#1"},
				"east": {"uv": [9, 0, 14, 2], "texture": "#1"},
				"south": {"uv": [0, 6, 8, 8], "texture": "#1"},
				"west": {"uv": [9, 0, 14, 2], "texture": "#1"},
				"up": {"uv": [0, 0, 8, 5], "texture": "#1"},
				"down": {"uv": [0, 10, 8, 15], "texture": "#1"}
			}
		},
		{
			"name": "bottom",
			"from": [4, 0, 6],
			"to": [12, 1, 11],
			"faces": {
				"north": {"uv": [0, 8, 8, 9], "texture": "#1"},
				"east": {"uv": [9, 2, 14, 3], "texture": "#1"},
				"south": {"uv": [0, 8, 8, 9], "texture": "#1"},
				"west": {"uv": [9, 2, 14, 3], "texture": "#1"},
				"up": {"uv": [0, 10, 8, 15], "texture": "#1"},
				"down": {"uv": [0, 10, 8, 15], "texture": "#1"}
			}
		},
		{
			"from": [3.75, 1, 5.75],
			"to": [7.75, 2, 9.75],
			"rotation": {"angle": 0, "axis": "y", "origin": [3.75, 0, 5.75]},
			"faces": {
				"north": {"uv": [1, 1, 5, 2], "texture": "#0"},
				"east": {"uv": [4, 1, 5, 5], "rotation": 90, "texture": "#0"},
				"south": {"uv": [1, 4, 5, 5], "texture": "#0"},
				"west": {"uv": [1, 1, 2, 5], "rotation": 270, "texture": "#0"},
				"up": {"uv": [1, 1, 5, 5], "texture": "#0"},
				"down": {"uv": [1, 5, 5, 1], "texture": "#0"}
			}
		},
		{
			"from": [8.25, 1, 6.25],
			"to": [12.25, 2, 10.25],
			"rotation": {"angle": 0, "axis": "y", "origin": [8.25, 0, 6.25]},
			"faces": {
				"north": {"uv": [1, 1, 5, 2], "rotation": 180, "texture": "#0"},
				"east": {"uv": [4, 1, 5, 5], "rotation": 90, "texture": "#0"},
				"south": {"uv": [1, 4, 5, 5], "texture": "#0"},
				"west": {"uv": [1, 1, 2, 5], "rotation": 270, "texture": "#0"},
				"up": {"uv": [1, 1, 5, 5], "texture": "#0"},
				"down": {"uv": [1, 5, 5, 1], "texture": "#0"}
			}
		},
		{
			"from": [8, 2.01, 5],
			"to": [13, 2.01, 12],
			"rotation": {"angle": 0, "axis": "y", "origin": [8, 2, 5]},
			"faces": {
				"up": {"uv": [5, 6, 0, 13], "texture": "#0"},
				"down": {"uv": [5, 13, 0, 6], "texture": "#0"}
			}
		},
		{
			"from": [3, 2.01, 5],
			"to": [8, 2.01, 12],
			"rotation": {"angle": 0, "axis": "y", "origin": [3, 2, 5]},
			"faces": {
				"up": {"uv": [7, 6, 2, 13], "texture": "#0"},
				"down": {"uv": [7, 13, 2, 6], "texture": "#0"}
			}
		}
	],
	"groups": [
		{
			"name": "sandwich_bread",
			"origin": [4, 2, 6],
			"color": 0,
			"children": [0, 1]
		},
		2,
		3,
		4,
		5
	]
}