{
	"credit": "Made with Blockbench",
	"textures": {
		"1": "brewinandchewin:block/coaster/farmersdelight/chicken_cuts",
		"particle": "brewinandchewin:block/coaster/farmersdelight/chicken_cuts"
	},
	"elements": [
		{
			"from": [6, 0, 7],
			"to": [8, 2, 10],
			"rotation": {"angle": 0, "axis": "y", "origin": [6, 0, 7]},
			"faces": {
				"north": {"uv": [0, 3, 2, 5], "texture": "#1"},
				"east": {"uv": [4, 2, 7, 4], "texture": "#1"},
				"south": {"uv": [2, 3, 4, 5], "texture": "#1"},
				"west": {"uv": [4, 0, 7, 2], "texture": "#1"},
				"up": {"uv": [0, 0, 2, 3], "texture": "#1"},
				"down": {"uv": [2, 0, 4, 3], "texture": "#1"}
			}
		},
		{
			"from": [9, 0, 6],
			"to": [11, 2, 9],
			"rotation": {"angle": 0, "axis": "y", "origin": [9, 0, 6]},
			"faces": {
				"north": {"uv": [0, 3, 2, 5], "texture": "#1"},
				"east": {"uv": [4, 0, 7, 2], "texture": "#1"},
				"south": {"uv": [2, 3, 4, 5], "texture": "#1"},
				"west": {"uv": [4, 2, 7, 4], "texture": "#1"},
				"up": {"uv": [0, 0, 2, 3], "texture": "#1"},
				"down": {"uv": [2, 0, 4, 3], "texture": "#1"}
			}
		},
		{
			"from": [9, 0, 5],
			"to": [10, 1, 6],
			"rotation": {"angle": 0, "axis": "y", "origin": [9, 0, 5]},
			"faces": {
				"north": {"uv": [5, 4, 6, 5], "texture": "#1"},
				"east": {"uv": [5, 4, 6, 5], "texture": "#1"},
				"south": {"uv": [5, 4, 6, 5], "texture": "#1"},
				"west": {"uv": [5, 4, 6, 5], "texture": "#1"},
				"up": {"uv": [5, 4, 6, 5], "texture": "#1"},
				"down": {"uv": [5, 4, 6, 5], "texture": "#1"}
			}
		}
	]
}