{
	"credit": "Made with Blockbench",
	"textures": {
		"0": "brewinandchewin:block/coaster/farmersdelight/chocolate_pie_slice",
		"particle": "brewinandchewin:block/coaster/farmersdelight/chocolate_pie_slice"
	},
	"elements": [
		{
			"name": "cake",
			"from": [6.5, 0, 5],
			"to": [9.5, 3, 11],
			"rotation": {"angle": 0, "axis": "y", "origin": [7, 1, 7]},
			"faces": {
				"north": {"uv": [10, 0, 7, 3], "texture": "#0"},
				"east": {"uv": [0, 4, 6, 7], "texture": "#0"},
				"south": {"uv": [1, 4, 4, 7], "texture": "#0"},
				"west": {"uv": [6, 4, 0, 7], "texture": "#0"},
				"up": {"uv": [6, 3, 0, 0], "rotation": 90, "texture": "#0"}
			}
		},
		{
			"from": [6.5, 3, 5],
			"to": [8, 3.5, 6.5],
			"rotation": {"angle": 0, "axis": "y", "origin": [7, 1.75, 5]},
			"faces": {
				"north": {"uv": [8, 4, 10, 5], "texture": "#0"},
				"east": {"uv": [8, 4, 10, 5], "rotation": 180, "texture": "#0"},
				"south": {"uv": [8, 4, 10, 5], "texture": "#0"},
				"west": {"uv": [7, 4, 9, 5], "rotation": 180, "texture": "#0"},
				"up": {"uv": [9, 4, 11, 6], "texture": "#0"},
				"down": {"uv": [9, 6, 11, 4], "texture": "#0"}
			}
		}
	]
}