{
	"credit": "Made with Blockbench",
	"textures": {
		"0": "brewinandchewin:block/coaster/farmersdelight/cooked_mutton_chops",
		"particle": "brewinandchewin:block/coaster/farmersdelight/cooked_mutton_chops"
	},
	"elements": [
		{
			"from": [5, 0, 4],
			"to": [10, 2, 8],
			"rotation": {"angle": 0, "axis": "y", "origin": [5, 0, 3]},
			"faces": {
				"north": {"uv": [0, 5, 5, 7], "texture": "#0"},
				"east": {"uv": [11, 0, 7, 2], "texture": "#0"},
				"south": {"uv": [5, 8, 0, 10], "texture": "#0"},
				"west": {"uv": [7, 3, 11, 5], "texture": "#0"},
				"up": {"uv": [5, 4, 0, 0], "texture": "#0"},
				"down": {"uv": [5, 0, 0, 4], "texture": "#0"}
			}
		},
		{
			"from": [5.5, 0.5, 8],
			"to": [6.5, 1.5, 11],
			"rotation": {"angle": 0, "axis": "y", "origin": [5.5, 0.5, 8]},
			"faces": {
				"north": {"uv": [7, 6, 8, 7], "texture": "#0"},
				"east": {"uv": [7, 6, 8, 9], "rotation": 90, "texture": "#0"},
				"south": {"uv": [7, 8, 8, 9], "texture": "#0"},
				"west": {"uv": [7, 6, 8, 9], "rotation": 270, "texture": "#0"},
				"up": {"uv": [7, 6, 8, 9], "texture": "#0"},
				"down": {"uv": [7, 9, 8, 6], "texture": "#0"}
			}
		}
	]
}