{
	"credit": "Made with Blockbench",
	"textures": {
		"0": "brewinandchewin:block/coaster/farmersdelight/cooked_salmon_slice",
		"particle": "brewinandchewin:block/coaster/farmersdelight/cooked_salmon_slice"
	},
	"elements": [
		{
			"from": [6, 0, 6],
			"to": [9, 1, 12],
			"rotation": {"angle": 0, "axis": "y", "origin": [6, 0, 6]},
			"faces": {
				"north": {"uv": [7, 9, 10, 10], "texture": "#0"},
				"east": {"uv": [11, 2, 12, 8], "rotation": 90, "texture": "#0"},
				"south": {"uv": [7, 9, 10, 10], "texture": "#0"},
				"west": {"uv": [11, 2, 12, 8], "rotation": 270, "texture": "#0"},
				"up": {"uv": [7, 2, 10, 8], "texture": "#0"},
				"down": {"uv": [7, 8, 10, 2], "texture": "#0"}
			}
		}
	]
}