{
	"credit": "Made with Blockbench",
	"textures": {
		"0": "brewinandchewin:block/coaster/farmersdelight/dumplings",
		"particle": "brewinandchewin:block/coaster/farmersdelight/dumplings"
	},
	"elements": [
		{
			"from": [4.75, 3, 10],
			"to": [7.75, 4, 10],
			"rotation": {"angle": -45, "axis": "y", "origin": [6.25, 2.5, 10]},
			"faces": {
				"north": {"uv": [0, 7, 3, 8], "texture": "#0"},
				"east": {"uv": [0, 7, 3, 8], "texture": "#0"},
				"south": {"uv": [0, 7, 3, 8], "texture": "#0"},
				"west": {"uv": [0, 7, 3, 8], "texture": "#0"},
				"up": {"uv": [0, 7, 3, 8], "texture": "#0"},
				"down": {"uv": [0, 7, 3, 8], "texture": "#0"}
			}
		},
		{
			"from": [4.75, 3, 10],
			"to": [7.75, 4, 10],
			"rotation": {"angle": 45, "axis": "y", "origin": [6.25, 2.5, 10]},
			"faces": {
				"north": {"uv": [0, 7, 3, 8], "texture": "#0"},
				"east": {"uv": [0, 7, 3, 8], "texture": "#0"},
				"south": {"uv": [0, 7, 3, 8], "texture": "#0"},
				"west": {"uv": [0, 7, 3, 8], "texture": "#0"},
				"up": {"uv": [0, 7, 3, 8], "texture": "#0"},
				"down": {"uv": [0, 7, 3, 8], "texture": "#0"}
			}
		},
		{
			"from": [4.25, 0, 8],
			"to": [8.25, 3, 12],
			"rotation": {"angle": 0, "axis": "y", "origin": [6.25, 2.5, 10]},
			"faces": {
				"north": {"uv": [0, 4, 4, 7], "texture": "#0"},
				"east": {"uv": [0, 4, 4, 7], "texture": "#0"},
				"south": {"uv": [0, 4, 4, 7], "texture": "#0"},
				"west": {"uv": [0, 4, 4, 7], "texture": "#0"},
				"up": {"uv": [0, 0, 4, 4], "texture": "#0"},
				"down": {"uv": [0, 0, 4, 4], "texture": "#0"}
			}
		},
		{
			"from": [9, 3, 6.5],
			"to": [12, 4, 6.5],
			"rotation": {"angle": -45, "axis": "y", "origin": [10.5, 2.5, 6.5]},
			"faces": {
				"north": {"uv": [0, 7, 3, 8], "texture": "#0"},
				"east": {"uv": [0, 7, 3, 8], "texture": "#0"},
				"south": {"uv": [0, 7, 3, 8], "texture": "#0"},
				"west": {"uv": [0, 7, 3, 8], "texture": "#0"},
				"up": {"uv": [0, 7, 3, 8], "texture": "#0"},
				"down": {"uv": [0, 7, 3, 8], "texture": "#0"}
			}
		},
		{
			"from": [9, 3, 6.5],
			"to": [12, 4, 6.5],
			"rotation": {"angle": 45, "axis": "y", "origin": [10.5, 2.5, 6.5]},
			"faces": {
				"north": {"uv": [0, 7, 3, 8], "texture": "#0"},
				"east": {"uv": [0, 7, 3, 8], "texture": "#0"},
				"south": {"uv": [0, 7, 3, 8], "texture": "#0"},
				"west": {"uv": [0, 7, 3, 8], "texture": "#0"},
				"up": {"uv": [0, 7, 3, 8], "texture": "#0"},
				"down": {"uv": [0, 7, 3, 8], "texture": "#0"}
			}
		},
		{
			"from": [8.5, 0, 4.5],
			"to": [12.5, 3, 8.5],
			"rotation": {"angle": 0, "axis": "y", "origin": [10.5, 2.5, 6.5]},
			"faces": {
				"north": {"uv": [0, 4, 4, 7], "texture": "#0"},
				"east": {"uv": [0, 4, 4, 7], "texture": "#0"},
				"south": {"uv": [0, 4, 4, 7], "texture": "#0"},
				"west": {"uv": [0, 4, 4, 7], "texture": "#0"},
				"up": {"uv": [0, 0, 4, 4], "texture": "#0"},
				"down": {"uv": [0, 0, 4, 4], "texture": "#0"}
			}
		},
		{
			"name": "leaf",
			"from": [5, 0.01, 5],
			"to": [12, 0.01, 12],
			"rotation": {"angle": 0, "axis": "y", "origin": [-1, 0, -1]},
			"faces": {
				"up": {"uv": [4, 0, 11, 7], "texture": "#0"},
				"down": {"uv": [4, 7, 11, 0], "texture": "#0"}
			}
		}
	],
	"groups": [
		{
			"name": "group",
			"origin": [8, 8, 8],
			"color": 0,
			"children": [0, 1, 2]
		},
		{
			"name": "group",
			"origin": [8, 8, 8],
			"color": 0,
			"children": [3, 4, 5]
		},
		6
	]
}