{
	"credit": "Made with Blockbench",
	"textures": {
		"0": "brewinandchewin:block/coaster/farmersdelight/egg_sandwich",
		"1": "brewinandchewin:block/coaster/sandwich_bread",
		"particle": "brewinandchewin:block/coaster/sandwich_bread"
	},
	"elements": [
		{
			"name": "top",
			"from": [4, 2, 6],
			"to": [12, 4, 11],
			"rotation": {"angle": 0, "axis": "y", "origin": [4, 2, 6]},
			"faces": {
				"north": {"uv": [0, 6, 8, 8], "texture": "#1"},
				"east": {"uv": [9, 0, 14, 2], "texture": "#1"},
				"south": {"uv": [0, 6, 8, 8], "texture": "#1"},
				"west": {"uv": [9, 0, 14, 2], "texture": "#1"},
				"up": {"uv": [0, 0, 8, 5], "texture": "#1"},
				"down": {"uv": [0, 10, 8, 15], "texture": "#1"}
			}
		},
		{
			"name": "bottom",
			"from": [4, 0, 6],
			"to": [12, 1, 11],
			"faces": {
				"north": {"uv": [0, 8, 8, 9], "texture": "#1"},
				"east": {"uv": [9, 2, 14, 3], "texture": "#1"},
				"south": {"uv": [0, 8, 8, 9], "texture": "#1"},
				"west": {"uv": [9, 2, 14, 3], "texture": "#1"},
				"up": {"uv": [0, 10, 8, 15], "texture": "#1"},
				"down": {"uv": [0, 10, 8, 15], "texture": "#1"}
			}
		},
		{
			"from": [3.75, 1, 5.5],
			"to": [8.75, 2, 10.5],
			"rotation": {"angle": 0, "axis": "y", "origin": [3.75, 1, 5.5]},
			"faces": {
				"north": {"uv": [0, 6, 5, 7], "rotation": 180, "texture": "#0"},
				"east": {"uv": [0, 6, 5, 7], "texture": "#0"},
				"south": {"uv": [0, 6, 5, 7], "texture": "#0"},
				"west": {"uv": [0, 6, 5, 7], "rotation": 180, "texture": "#0"},
				"up": {"uv": [0, 0, 5, 5], "texture": "#0"},
				"down": {"uv": [0, 8, 5, 13], "texture": "#0"}
			}
		},
		{
			"from": [8.75, 1, 6.25],
			"to": [11.75, 2, 10.25],
			"rotation": {"angle": 0, "axis": "y", "origin": [8.75, 1, 6.25]},
			"faces": {
				"north": {"uv": [1, 6, 4, 7], "rotation": 180, "texture": "#0"},
				"east": {"uv": [1, 6, 5, 7], "texture": "#0"},
				"south": {"uv": [1, 6, 4, 7], "texture": "#0"},
				"west": {"uv": [1, 6, 5, 7], "rotation": 180, "texture": "#0"},
				"up": {"uv": [1, 0, 4, 4], "texture": "#0"},
				"down": {"uv": [1, 8, 4, 12], "texture": "#0"}
			}
		}
	],
	"groups": [
		{
			"name": "sandwich_bread",
			"origin": [4, 2, 6],
			"color": 0,
			"children": [0, 1]
		},
		2,
		3
	]
}