{
	"credit": "Made with Blockbench",
	"textures": {
		"0": "brewinandchewin:block/coaster/farmersdelight/ham",
		"particle": "brewinandchewin:block/coaster/farmersdelight/ham"
	},
	"elements": [
		{
			"from": [6, 0, 6],
			"to": [11, 5, 11],
			"rotation": {"angle": 0, "axis": "y", "origin": [0, 0, 6]},
			"faces": {
				"north": {"uv": [0, 5, 5, 10], "texture": "#0"},
				"east": {"uv": [5, 0, 10, 5], "rotation": 270, "texture": "#0"},
				"south": {"uv": [0, 0, 5, 5], "texture": "#0"},
				"west": {"uv": [5, 0, 10, 5], "rotation": 90, "texture": "#0"},
				"up": {"uv": [10, 5, 5, 0], "texture": "#0"},
				"down": {"uv": [10, 0, 5, 5], "texture": "#0"}
			}
		},
		{
			"from": [6.5, 0.5, 5],
			"to": [10.5, 4.5, 6],
			"rotation": {"angle": 0, "axis": "y", "origin": [6.5, 0.5, 5]},
			"faces": {
				"north": {"uv": [7, 8, 11, 12], "texture": "#0"},
				"east": {"uv": [7, 8, 8, 12], "texture": "#0"},
				"south": {"uv": [7, 8, 11, 12], "texture": "#0"},
				"west": {"uv": [10, 8, 11, 12], "texture": "#0"},
				"up": {"uv": [7, 8, 11, 9], "texture": "#0"},
				"down": {"uv": [11, 11, 7, 12], "texture": "#0"}
			}
		},
		{
			"from": [8, 2, 3],
			"to": [9, 3, 5],
			"rotation": {"angle": 0, "axis": "y", "origin": [8, 2, 3]},
			"faces": {
				"north": {"uv": [13, 11, 14, 12], "texture": "#0"},
				"east": {"uv": [13, 9, 14, 11], "rotation": 270, "texture": "#0"},
				"south": {"uv": [13, 9, 14, 10], "texture": "#0"},
				"west": {"uv": [13, 9, 14, 11], "rotation": 90, "texture": "#0"},
				"up": {"uv": [13, 9, 14, 11], "rotation": 180, "texture": "#0"},
				"down": {"uv": [13, 9, 14, 11], "texture": "#0"}
			}
		},
		{
			"from": [8, 1.25, 2.25],
			"to": [9, 2.25, 3.25],
			"rotation": {"angle": 0, "axis": "y", "origin": [0, 1.25, -0.75]},
			"faces": {
				"north": {"uv": [13, 10, 14, 11], "texture": "#0"},
				"east": {"uv": [13, 10, 14, 11], "texture": "#0"},
				"south": {"uv": [13, 10, 14, 11], "texture": "#0"},
				"west": {"uv": [13, 10, 14, 11], "texture": "#0"},
				"up": {"uv": [13, 10, 14, 11], "texture": "#0"},
				"down": {"uv": [13, 10, 14, 11], "texture": "#0"}
			}
		},
		{
			"from": [8, 2.75, 2.25],
			"to": [9, 3.75, 3.25],
			"rotation": {"angle": 0, "axis": "y", "origin": [0, 2.75, -0.75]},
			"faces": {
				"north": {"uv": [13, 10, 14, 11], "texture": "#0"},
				"east": {"uv": [13, 10, 14, 11], "texture": "#0"},
				"south": {"uv": [13, 10, 14, 11], "texture": "#0"},
				"west": {"uv": [13, 10, 14, 11], "texture": "#0"},
				"up": {"uv": [13, 10, 14, 11], "texture": "#0"},
				"down": {"uv": [13, 10, 14, 11], "texture": "#0"}
			}
		}
	],
	"groups": [
		0,
		1,
		{
			"name": "bone",
			"origin": [0, 2.75, -0.75],
			"color": 0,
			"children": [2, 3, 4]
		}
	]
}