{
	"credit": "Made with Blockbench",
	"textures": {
		"0": "brewinandchewin:block/coaster/farmersdelight/hamburger",
		"1": "brewinandchewin:block/coaster/burger_bread",
		"particle": "brewinandchewin:block/coaster/burger_bread"
	},
	"elements": [
		{
			"name": "top",
			"from": [6, 2.5, 6],
			"to": [11, 4.5, 11],
			"rotation": {"angle": 0, "axis": "y", "origin": [0, 2.5, 0]},
			"faces": {
				"north": {"uv": [6, 0, 11, 2], "texture": "#1"},
				"east": {"uv": [6, 0, 11, 2], "texture": "#1"},
				"south": {"uv": [6, 0, 11, 2], "texture": "#1"},
				"west": {"uv": [6, 0, 11, 2], "texture": "#1"},
				"up": {"uv": [0, 0, 5, 5], "texture": "#1"},
				"down": {"uv": [0, 0, 5, 5], "texture": "#1"}
			}
		},
		{
			"name": "bottom",
			"from": [6, 0, 6],
			"to": [11, 1, 11],
			"faces": {
				"north": {"uv": [0, 6, 5, 7], "texture": "#1"},
				"east": {"uv": [0, 6, 5, 7], "texture": "#1"},
				"south": {"uv": [0, 6, 5, 7], "texture": "#1"},
				"west": {"uv": [0, 6, 5, 7], "texture": "#1"},
				"up": {"uv": [0, 0, 5, 5], "texture": "#1"},
				"down": {"uv": [0, 0, 5, 5], "texture": "#1"}
			}
		},
		{
			"name": "leaf",
			"from": [5, 2.01, 5],
			"to": [12, 2.01, 12],
			"rotation": {"angle": 0, "axis": "y", "origin": [-1, 2, -1]},
			"faces": {
				"up": {"uv": [6, 4, 13, 11], "texture": "#0"},
				"down": {"uv": [6, 11, 13, 4], "texture": "#0"}
			}
		},
		{
			"name": "beef",
			"from": [6, 1, 6],
			"to": [11, 2, 11],
			"rotation": {"angle": 0, "axis": "y", "origin": [6, 0, 6]},
			"faces": {
				"north": {"uv": [0, 8, 5, 9], "rotation": 180, "texture": "#0"},
				"east": {"uv": [0, 8, 1, 13], "rotation": 90, "texture": "#0"},
				"south": {"uv": [0, 12, 5, 13], "texture": "#0"},
				"west": {"uv": [4, 8, 5, 13], "rotation": 270, "texture": "#0"},
				"up": {"uv": [0, 8, 5, 13], "texture": "#0"},
				"down": {"uv": [0, 13, 5, 8], "texture": "#0"}
			}
		},
		{
			"name": "tomato",
			"from": [5.75, 2, 5.75],
			"to": [8.75, 2.5, 8.75],
			"rotation": {"angle": 0, "axis": "y", "origin": [5.75, 2, 5.75]},
			"faces": {
				"north": {"uv": [0, 0, 3, 1], "rotation": 180, "texture": "#0"},
				"east": {"uv": [2, 0, 3, 3], "rotation": 90, "texture": "#0"},
				"south": {"uv": [0, 2, 3, 3], "texture": "#0"},
				"west": {"uv": [0, 0, 1, 3], "rotation": 270, "texture": "#0"},
				"up": {"uv": [0, 0, 3, 3], "texture": "#0"},
				"down": {"uv": [0, 0, 3, 3], "texture": "#0"}
			}
		},
		{
			"name": "onion",
			"from": [8.25, 2, 8.25],
			"to": [11.25, 2.5, 11.25],
			"rotation": {"angle": 0, "axis": "y", "origin": [8.25, 2, 8.25]},
			"faces": {
				"north": {"uv": [0, 4, 3, 5], "rotation": 180, "texture": "#0"},
				"east": {"uv": [2, 4, 3, 7], "rotation": 90, "texture": "#0"},
				"south": {"uv": [0, 6, 3, 7], "texture": "#0"},
				"west": {"uv": [0, 4, 1, 7], "rotation": 270, "texture": "#0"},
				"up": {"uv": [0, 4, 3, 7], "texture": "#0"},
				"down": {"uv": [0, 4, 3, 7], "texture": "#0"}
			}
		}
	],
	"groups": [
		{
			"name": "burger_bread",
			"origin": [0, 2.5, 0],
			"color": 0,
			"children": [0, 1]
		},
		2,
		3,
		4,
		5
	]
}