{
	"credit": "Made with Blockbench",
	"textures": {
		"1": "brewinandchewin:block/coaster/farmersdelight/horse_feed",
		"particle": "brewinandchewin:block/coaster/farmersdelight/horse_feed"
	},
	"elements": [
		{
			"from": [7, 2, 7],
			"to": [10, 5, 10],
			"rotation": {"angle": -22.5, "axis": "z", "origin": [8.5, 3.75, 8.5]},
			"faces": {
				"north": {"uv": [8, 1.5, 9.5, 3], "texture": "#1"},
				"east": {"uv": [8, 0, 9.5, 1.5], "texture": "#1"},
				"south": {"uv": [8, 1.5, 9.5, 3], "texture": "#1"},
				"west": {"uv": [8, 0, 9.5, 1.5], "texture": "#1"},
				"up": {"uv": [8, 0, 9.5, 1.5], "texture": "#1"},
				"down": {"uv": [8, 3, 9.5, 4.5], "texture": "#1"}
			}
		},
		{
			"from": [8, 1, 8],
			"to": [9, 2, 9],
			"rotation": {"angle": -22.5, "axis": "z", "origin": [8.5, 3.75, 8.5]},
			"faces": {
				"north": {"uv": [9.5, 0, 10, 0.5], "texture": "#1"},
				"east": {"uv": [9.5, 0, 10, 0.5], "texture": "#1"},
				"south": {"uv": [9.5, 0, 10, 0.5], "texture": "#1"},
				"west": {"uv": [9.5, 0, 10, 0.5], "texture": "#1"},
				"up": {"uv": [9.5, 0, 10, 0.5], "texture": "#1"},
				"down": {"uv": [9.5, 0, 10, 0.5], "texture": "#1"}
			}
		},
		{
			"from": [8.5, 4.5, 7],
			"to": [8.5, 7.5, 10],
			"rotation": {"angle": -22.5, "axis": "z", "origin": [8.5, 3.75, 8.5]},
			"faces": {
				"east": {"uv": [9.5, 3, 11, 1.5], "rotation": 270, "texture": "#1"},
				"west": {"uv": [9.5, 1.5, 11, 3], "rotation": 270, "texture": "#1"}
			}
		},
		{
			"from": [5, 0, 5],
			"to": [11, 3, 11],
			"rotation": {"angle": 0, "axis": "y", "origin": [8, 1, 8]},
			"faces": {
				"north": {"uv": [0, 3.5, 3, 5], "texture": "#1"},
				"east": {"uv": [0, 3.5, 3, 5], "texture": "#1"},
				"south": {"uv": [0, 3.5, 3, 5], "texture": "#1"},
				"west": {"uv": [0, 3.5, 3, 5], "texture": "#1"},
				"up": {"uv": [0, 0, 3, 3], "texture": "#1"},
				"down": {"uv": [3.5, 0, 6.5, 3], "texture": "#1"}
			}
		},
		{
			"from": [6, 3, 6],
			"to": [10, 3, 10],
			"rotation": {"angle": 0, "axis": "y", "origin": [6, 1, 6]},
			"faces": {
				"north": {"uv": [0, 0, 2, 2], "texture": "#1"},
				"east": {"uv": [0, 0, 2, 2], "texture": "#1"},
				"south": {"uv": [0, 0, 2, 2], "texture": "#1"},
				"west": {"uv": [0, 0, 2, 2], "texture": "#1"},
				"up": {"uv": [0.5, 5.5, 2.5, 7.5], "texture": "#1"},
				"down": {"uv": [0.5, 7.5, 2.5, 5.5], "texture": "#1"}
			}
		},
		{
			"name": "south",
			"from": [5, 2, 10],
			"to": [11, 7, 10],
			"rotation": {"angle": 45, "axis": "x", "origin": [9, 2, 10]},
			"faces": {
				"north": {"uv": [3.5, 3.5, 6.5, 6], "texture": "#1"},
				"south": {"uv": [6.5, 3.5, 3.5, 6], "texture": "#1"}
			}
		},
		{
			"name": "north",
			"from": [5, 2, 6],
			"to": [11, 7, 6],
			"rotation": {"angle": -45, "axis": "x", "origin": [7, 2, 6]},
			"faces": {
				"north": {"uv": [3.5, 6, 6.5, 8.5], "texture": "#1"},
				"south": {"uv": [6.5, 6, 3.5, 8.5], "texture": "#1"}
			}
		},
		{
			"name": "east",
			"from": [10, 2, 5],
			"to": [15, 2, 11],
			"rotation": {"angle": 45, "axis": "z", "origin": [10, 2, 7]},
			"faces": {
				"up": {"uv": [7, 5, 10, 7.5], "rotation": 90, "texture": "#1"},
				"down": {"uv": [10, 5, 7, 7.5], "rotation": 90, "texture": "#1"}
			}
		},
		{
			"name": "west",
			"from": [6, 2, 5],
			"to": [6, 7, 11],
			"rotation": {"angle": 45, "axis": "z", "origin": [6, 2, 9]},
			"faces": {
				"east": {"uv": [10.5, 5, 13.5, 7.5], "texture": "#1"},
				"west": {"uv": [13.5, 5, 10.5, 7.5], "texture": "#1"}
			}
		}
	],
	"groups": [
		{
			"name": "golden_carrot",
			"origin": [8, 1, 8],
			"color": 0,
			"children": [0, 1, 2]
		},
		3,
		4,
		5,
		6,
		7,
		8
	]
}