{
	"credit": "Made with Blockbench",
	"textures": {
		"1": "brewinandchewin:block/coaster/farmersdelight/minced_beef",
		"particle": "brewinandchewin:block/coaster/farmersdelight/minced_beef"
	},
	"elements": [
		{
			"from": [6, 0, 6],
			"to": [11, 2, 11],
			"rotation": {"angle": 0, "axis": "y", "origin": [8.5, 1.5, 8.5]},
			"faces": {
				"north": {"uv": [7, 6, 12, 8], "texture": "#1"},
				"east": {"uv": [1, 6, 6, 8], "texture": "#1"},
				"south": {"uv": [7, 6, 12, 8], "texture": "#1"},
				"west": {"uv": [1, 6, 6, 8], "texture": "#1"},
				"up": {"uv": [7, 0, 12, 5], "texture": "#1"},
				"down": {"uv": [7, 10, 12, 15], "texture": "#1"}
			}
		},
		{
			"from": [5, 0, 4],
			"to": [6, 1, 5],
			"rotation": {"angle": 0, "axis": "y", "origin": [5, 0, 4]},
			"faces": {
				"north": {"uv": [8, 4, 9, 5], "texture": "#1"},
				"east": {"uv": [8, 4, 9, 5], "texture": "#1"},
				"south": {"uv": [8, 4, 9, 5], "texture": "#1"},
				"west": {"uv": [8, 4, 9, 5], "texture": "#1"},
				"up": {"uv": [8, 4, 9, 5], "texture": "#1"},
				"down": {"uv": [8, 4, 9, 5], "texture": "#1"}
			}
		},
		{
			"from": [11, 0, 5],
			"to": [12, 1, 6],
			"rotation": {"angle": 0, "axis": "y", "origin": [11, 0, 5]},
			"faces": {
				"north": {"uv": [8, 7, 9, 8], "texture": "#1"},
				"east": {"uv": [8, 7, 9, 8], "texture": "#1"},
				"south": {"uv": [8, 7, 9, 8], "texture": "#1"},
				"west": {"uv": [8, 7, 9, 8], "texture": "#1"},
				"up": {"uv": [8, 7, 9, 8], "texture": "#1"},
				"down": {"uv": [8, 7, 9, 8], "texture": "#1"}
			}
		},
		{
			"from": [7, 0, 11],
			"to": [8, 1, 12],
			"rotation": {"angle": 0, "axis": "y", "origin": [7, 0, 11]},
			"faces": {
				"north": {"uv": [9, 4, 10, 5], "texture": "#1"},
				"east": {"uv": [9, 4, 10, 5], "texture": "#1"},
				"south": {"uv": [9, 4, 10, 5], "texture": "#1"},
				"west": {"uv": [9, 4, 10, 5], "texture": "#1"},
				"up": {"uv": [9, 4, 10, 5], "texture": "#1"},
				"down": {"uv": [9, 4, 10, 5], "texture": "#1"}
			}
		}
	]
}