{
	"credit": "Made with Blockbench",
	"textures": {
		"0": "brewinandchewin:block/coaster/farmersdelight/mutton_wrap",
		"particle": "brewinandchewin:block/coaster/farmersdelight/mutton_wrap"
	},
	"elements": [
		{
			"from": [6, 0, 4],
			"to": [11, 4, 12],
			"rotation": {"angle": 0, "axis": "y", "origin": [6, 0, 4]},
			"faces": {
				"north": {"uv": [10, 0, 15, 4], "texture": "#0"},
				"east": {"uv": [0, 8, 8, 12], "texture": "#0"},
				"south": {"uv": [10, 4, 15, 8], "texture": "#0"},
				"west": {"uv": [0, 8, 8, 12], "texture": "#0"},
				"up": {"uv": [0, 8, 5, 0], "texture": "#0"},
				"down": {"uv": [5, 0, 10, 8], "texture": "#0"}
			}
		},
		{
			"from": [6.5, 0.5, 3.5],
			"to": [10.5, 3.5, 4],
			"rotation": {"angle": 0, "axis": "y", "origin": [6.5, 0.5, 3.5]},
			"faces": {
				"north": {"uv": [8, 8, 12, 11], "texture": "#0"},
				"east": {"uv": [8, 8, 9, 11], "texture": "#0"},
				"south": {"uv": [8, 8, 12, 11], "texture": "#0"},
				"west": {"uv": [11, 8, 12, 11], "texture": "#0"},
				"up": {"uv": [8, 8, 12, 9], "texture": "#0"},
				"down": {"uv": [8, 10, 12, 11], "texture": "#0"}
			}
		}
	]
}