{
	"credit": "Made with Blockbench",
	"textures": {
		"0": "brewinandchewin:block/coaster/farmersdelight/pie_crust",
		"particle": "brewinandchewin:block/coaster/farmersdelight/pie_crust"
	},
	"elements": [
		{
			"from": [5, 0, 5],
			"to": [11, 2, 11],
			"rotation": {"angle": 0, "axis": "y", "origin": [8, 1, 8]},
			"faces": {
				"north": {"uv": [0, 7, 6, 9], "texture": "#0"},
				"east": {"uv": [0, 7, 6, 9], "texture": "#0"},
				"south": {"uv": [0, 7, 6, 9], "texture": "#0"},
				"west": {"uv": [0, 7, 6, 9], "texture": "#0"},
				"up": {"uv": [0, 0, 6, 6], "texture": "#0"},
				"down": {"uv": [0, 10, 6, 16], "texture": "#0"}
			}
		},
		{
			"from": [6, -1, 6],
			"to": [10, 1, 10],
			"rotation": {"angle": 0, "axis": "y", "origin": [6, -1, 6]},
			"faces": {
				"up": {"uv": [8, 1, 12, 5], "texture": "#0"},
				"down": {"uv": [8, 1, 12, 5], "texture": "#0"}
			}
		},
		{
			"from": [7, 1, 7],
			"to": [9, 1, 9],
			"rotation": {"angle": 0, "axis": "y", "origin": [7, 1, 7]},
			"faces": {
				"up": {"uv": [13, 2, 15, 4], "texture": "#0"},
				"down": {"uv": [13, 2, 15, 4], "texture": "#0"}
			}
		},
		{
			"name": "south",
			"from": [6, 1, 10],
			"to": [10, 2, 10],
			"rotation": {"angle": 0, "axis": "y", "origin": [6, 0, 10]},
			"faces": {
				"north": {"uv": [8, 7, 12, 8], "texture": "#0"},
				"south": {"uv": [8, 7, 12, 8], "texture": "#0"}
			}
		},
		{
			"name": "north",
			"from": [6, 1, 6],
			"to": [10, 2, 6],
			"rotation": {"angle": 0, "axis": "y", "origin": [6, 0, 6]},
			"faces": {
				"north": {"uv": [8, 7, 12, 8], "texture": "#0"},
				"south": {"uv": [8, 7, 12, 8], "texture": "#0"}
			}
		},
		{
			"name": "west",
			"from": [6, 1, 6],
			"to": [6, 2, 10],
			"rotation": {"angle": 0, "axis": "y", "origin": [6, 0, 10]},
			"faces": {
				"east": {"uv": [8, 7, 12, 8], "texture": "#0"},
				"west": {"uv": [8, 7, 12, 8], "texture": "#0"}
			}
		},
		{
			"name": "east",
			"from": [10, 1, 6],
			"to": [10, 2, 10],
			"rotation": {"angle": 0, "axis": "y", "origin": [10, 0, 10]},
			"faces": {
				"east": {"uv": [8, 7, 12, 8], "texture": "#0"},
				"west": {"uv": [8, 7, 12, 8], "texture": "#0"}
			}
		}
	]
}