{
	"credit": "Made with Blockbench",
	"textures": {
		"0": "brewinandchewin:block/coaster/farmersdelight/stuffed_potato",
		"particle": "brewinandchewin:block/coaster/farmersdelight/stuffed_potato"
	},
	"elements": [
		{
			"from": [6, 0, 6],
			"to": [10, 3, 11],
			"faces": {
				"north": {"uv": [0, 0, 4, 3], "texture": "#0"},
				"east": {"uv": [0, 3, 5, 6], "texture": "#0"},
				"south": {"uv": [0, 0, 4, 3], "texture": "#0"},
				"west": {"uv": [0, 3, 5, 6], "texture": "#0"},
				"up": {"uv": [0, 6, 4, 11], "texture": "#0"},
				"down": {"uv": [4, 6, 8, 11], "texture": "#0"}
			}
		},
		{
			"from": [6.5, 3, 6.5],
			"to": [9.5, 3.3, 10.5],
			"rotation": {"angle": 0, "axis": "y", "origin": [0.5, 0, 0.5]},
			"faces": {
				"north": {"uv": [5, 0, 8, 0.6], "rotation": 180, "texture": "#0"},
				"east": {"uv": [7, 0, 7.6, 4], "rotation": 90, "texture": "#0"},
				"south": {"uv": [5, 3, 8, 3.6], "texture": "#0"},
				"west": {"uv": [5, 0, 5.6, 4], "rotation": 270, "texture": "#0"},
				"up": {"uv": [5, 0, 8, 4], "texture": "#0"},
				"down": {"uv": [5, 4, 8, 0], "texture": "#0"}
			}
		}
	]
}