{
	"credit": "Made with Blockbench",
	"textures": {
		"0": "brewinandchewin:block/coaster/galospheric_delight/apple_in_salted_caramel",
		"particle": "brewinandchewin:block/coaster/galospheric_delight/apple_in_salted_caramel"
	},
	"elements": [
		{
			"from": [5.5, 0, 5.5],
			"to": [10.5, 5, 10.5],
			"rotation": {"angle": 0, "axis": "y", "origin": [5.5, 0, 5.5]},
			"faces": {
				"north": {"uv": [1, 7, 6, 12], "texture": "#0"},
				"east": {"uv": [1, 7, 6, 12], "texture": "#0"},
				"south": {"uv": [1, 7, 6, 12], "texture": "#0"},
				"west": {"uv": [1, 7, 6, 12], "texture": "#0"},
				"up": {"uv": [1, 1, 6, 6], "texture": "#0"},
				"down": {"uv": [7, 1, 12, 6], "texture": "#0"}
			}
		},
		{
			"from": [4.5, 5, 8],
			"to": [9.5, 8, 8],
			"rotation": {"angle": 45, "axis": "y", "origin": [8, 5, 8]},
			"faces": {
				"north": {"uv": [7, 7, 12, 10], "texture": "#0"},
				"south": {"uv": [12, 7, 7, 10], "texture": "#0"}
			}
		}
	]
}