{
	"credit": "Made with Blockbench",
	"textures": {
		"0": "brewinandchewin:block/coaster/galospheric_delight/cave_barbecue_stick",
		"particle": "brewinandchewin:block/coaster/galospheric_delight/cave_barbecue_stick"
	},
	"elements": [
		{
			"name": "stick",
			"from": [1, 1, 8],
			"to": [15, 2, 9],
			"rotation": {"angle": 0, "axis": "y", "origin": [1, 0, 8]},
			"faces": {
				"north": {"uv": [0, 0, 14, 1], "rotation": 180, "texture": "#0"},
				"east": {"uv": [13, 0, 14, 1], "texture": "#0"},
				"south": {"uv": [0, 0, 14, 1], "texture": "#0"},
				"west": {"uv": [0, 0, 1, 1], "texture": "#0"},
				"up": {"uv": [0, 0, 14, 1], "texture": "#0"},
				"down": {"uv": [0, 0, 14, 1], "texture": "#0"}
			}
		},
		{
			"from": [10, 0, 7],
			"to": [13, 3, 10],
			"rotation": {"angle": 0, "axis": "y", "origin": [10, 0, 7]},
			"faces": {
				"north": {"uv": [3, 1, 6, 4], "texture": "#0"},
				"east": {"uv": [3, 4, 6, 7], "texture": "#0"},
				"south": {"uv": [3, 1, 6, 4], "texture": "#0"},
				"west": {"uv": [3, 4, 6, 7], "texture": "#0"},
				"up": {"uv": [3, 2, 6, 5], "texture": "#0"},
				"down": {"uv": [3, 2, 6, 5], "texture": "#0"}
			}
		},
		{
			"from": [8, 0.5, 7],
			"to": [10, 2.5, 10],
			"rotation": {"angle": 0, "axis": "y", "origin": [8, 0.5, 7]},
			"faces": {
				"north": {"uv": [0, 1, 2, 3], "texture": "#0"},
				"east": {"uv": [0, 6, 3, 8], "texture": "#0"},
				"south": {"uv": [0, 1, 2, 3], "texture": "#0"},
				"west": {"uv": [0, 6, 3, 8], "texture": "#0"},
				"up": {"uv": [0, 3, 2, 6], "texture": "#0"},
				"down": {"uv": [0, 3, 2, 6], "texture": "#0"}
			}
		},
		{
			"from": [6, 0, 7],
			"to": [8, 3, 10],
			"rotation": {"angle": 0, "axis": "y", "origin": [6, 0, 7]},
			"faces": {
				"north": {"uv": [7, 1, 9, 4], "texture": "#0"},
				"east": {"uv": [6, 4, 9, 7], "texture": "#0"},
				"south": {"uv": [7, 1, 9, 4], "texture": "#0"},
				"west": {"uv": [6, 4, 9, 7], "texture": "#0"},
				"up": {"uv": [7, 1, 9, 4], "texture": "#0"},
				"down": {"uv": [7, 1, 9, 4], "texture": "#0"}
			}
		},
		{
			"from": [4, 0.5, 7.5],
			"to": [6, 2.5, 9.5],
			"rotation": {"angle": 0, "axis": "y", "origin": [4, 0.5, 7.5]},
			"faces": {
				"north": {"uv": [11, 1, 13, 3], "texture": "#0"},
				"east": {"uv": [10, 1, 12, 3], "texture": "#0"},
				"south": {"uv": [11, 1, 13, 3], "texture": "#0"},
				"west": {"uv": [10, 1, 12, 3], "texture": "#0"},
				"up": {"uv": [11, 2, 13, 4], "texture": "#0"},
				"down": {"uv": [11, 2, 13, 4], "texture": "#0"}
			}
		}
	]
}