{
	"credit": "Made with Blockbench",
	"textures": {
		"0": "brewinandchewin:block/coaster/pizza_crust",
		"1": "brewinandchewin:block/coaster/galospheric_delight/cave_pizza_slice",
		"particle": "brewinandchewin:block/coaster/pizza_crust"
	},
	"elements": [
		{
			"from": [2, 0, 8],
			"to": [3, 1, 14],
			"rotation": {"angle": 0, "axis": "y", "origin": [6, 0, 0]},
			"faces": {
				"north": {"uv": [12, 2, 14, 4], "texture": "#0"},
				"east": {"uv": [0, 4, 12, 6], "texture": "#0"},
				"south": {"uv": [12, 0, 14, 2], "texture": "#0"},
				"west": {"uv": [0, 6, 12, 8], "texture": "#0"},
				"up": {"uv": [12, 2, 0, 0], "rotation": 90, "texture": "#0"},
				"down": {"uv": [12, 2, 0, 4], "rotation": 90, "texture": "#0", "cullface": "down"}
			}
		},
		{
			"from": [3, 0, 13],
			"to": [8, 1, 14],
			"rotation": {"angle": 0, "axis": "y", "origin": [11, 0, 11]},
			"faces": {
				"north": {"uv": [1, 1, 11, 3], "texture": "#0"},
				"east": {"uv": [12, 2, 14, 4], "texture": "#0"},
				"south": {"uv": [2, 4, 12, 6], "texture": "#0"},
				"west": {"uv": [12, 0, 14, 2], "texture": "#0"},
				"up": {"uv": [11, 1, 1, 3], "texture": "#0"},
				"down": {"uv": [1, 4, 11, 2], "texture": "#0", "cullface": "down"}
			}
		},
		{
			"from": [3, 0, 8],
			"to": [9, 0.75, 13],
			"rotation": {"angle": 0, "axis": "y", "origin": [11, -1, 0]},
			"faces": {
				"north": {"uv": [2, 8, 8, 9], "texture": "#1"},
				"east": {"uv": [2, 8, 7, 9], "texture": "#1"},
				"south": {"uv": [2, 8, 8, 9], "texture": "#1"},
				"west": {"uv": [2, 8, 7, 9], "texture": "#1"},
				"up": {"uv": [5, 6, 0, 0], "rotation": 90, "texture": "#1"},
				"down": {"uv": [5, 0, 10, 6], "rotation": 270, "texture": "#1", "cullface": "down"}
			}
		},
		{
			"from": [9, 0, 8],
			"to": [11, 0.75, 12],
			"rotation": {"angle": 0, "axis": "y", "origin": [17, -1, 0]},
			"faces": {
				"north": {"uv": [5, 8, 7, 9], "texture": "#1"},
				"east": {"uv": [3, 8, 7, 9], "texture": "#1"},
				"south": {"uv": [5, 8, 7, 9], "texture": "#1"},
				"west": {"uv": [3, 8, 7, 9], "texture": "#1"},
				"up": {"uv": [5, 8, 1, 6], "rotation": 90, "texture": "#1"},
				"down": {"uv": [5, 6, 9, 8], "rotation": 270, "texture": "#1", "cullface": "down"}
			}
		}
	],
	"groups": [
		{
			"name": "pizza_crust",
			"origin": [0, 0, -1],
			"color": 0,
			"children": [0, 1]
		},
		2,
		3
	]
}