{
	"credit": "Made with Blockbench",
	"textures": {
		"0": "brewinandchewin:block/coaster/galospheric_delight/lichen_cordyceps_roll",
		"particle": "brewinandchewin:block/coaster/galospheric_delight/lichen_cordyceps_roll"
	},
	"elements": [
		{
			"from": [8, 0, 6],
			"to": [11, 4, 9],
			"rotation": {"angle": 0, "axis": "y", "origin": [8, 0, 6]},
			"faces": {
				"north": {"uv": [1, 5, 4, 9], "texture": "#0"},
				"east": {"uv": [1, 10, 4, 14], "texture": "#0"},
				"south": {"uv": [1, 5, 4, 9], "texture": "#0"},
				"west": {"uv": [1, 10, 4, 14], "texture": "#0"},
				"up": {"uv": [1, 1, 4, 4], "texture": "#0"},
				"down": {"uv": [1, 1, 4, 4], "texture": "#0"}
			}
		},
		{
			"from": [8.5, 4, 6.5],
			"to": [10.5, 5, 8.5],
			"rotation": {"angle": 0, "axis": "y", "origin": [8.5, 4, 6.5]},
			"faces": {
				"north": {"uv": [5, 1, 7, 2], "rotation": 180, "texture": "#0"},
				"east": {"uv": [6, 1, 7, 3], "rotation": 90, "texture": "#0"},
				"south": {"uv": [5, 2, 7, 3], "texture": "#0"},
				"west": {"uv": [5, 1, 6, 3], "rotation": 270, "texture": "#0"},
				"up": {"uv": [5, 1, 7, 3], "texture": "#0"},
				"down": {"uv": [5, 1, 7, 3], "texture": "#0"}
			}
		},
		{
			"from": [4, 0, 7],
			"to": [7, 4, 10],
			"rotation": {"angle": 0, "axis": "y", "origin": [4, 0, 7]},
			"faces": {
				"north": {"uv": [1, 5, 4, 9], "texture": "#0"},
				"east": {"uv": [1, 10, 4, 14], "texture": "#0"},
				"south": {"uv": [1, 5, 4, 9], "texture": "#0"},
				"west": {"uv": [1, 10, 4, 14], "texture": "#0"},
				"up": {"uv": [1, 1, 4, 4], "texture": "#0"},
				"down": {"uv": [1, 1, 4, 4], "texture": "#0"}
			}
		},
		{
			"from": [4.5, 4, 7.5],
			"to": [6.5, 5, 9.5],
			"rotation": {"angle": 0, "axis": "y", "origin": [4.5, 4, 7.5]},
			"faces": {
				"north": {"uv": [5, 1, 7, 2], "rotation": 180, "texture": "#0"},
				"east": {"uv": [6, 1, 7, 3], "rotation": 90, "texture": "#0"},
				"south": {"uv": [5, 2, 7, 3], "texture": "#0"},
				"west": {"uv": [5, 1, 6, 3], "rotation": 270, "texture": "#0"},
				"up": {"uv": [5, 1, 7, 3], "texture": "#0"},
				"down": {"uv": [5, 1, 7, 3], "texture": "#0"}
			}
		}
	]
}