{
	"credit": "Made with Blockbench",
	"textures": {
		"0": "brewinandchewin:block/coaster/galo_cake_cup",
		"1": "brewinandchewin:block/coaster/galospheric_delight/lumiere_cupcake",
		"particle": "brewinandchewin:block/coaster/galo_cake_cup"
	},
	"elements": [
		{
			"name": "bowl",
			"from": [5, 1, 5],
			"to": [10, 2, 10],
			"rotation": {"angle": 0, "axis": "y", "origin": [5, 1, 5]},
			"faces": {
				"north": {"uv": [0, 6, 5, 7], "texture": "#0"},
				"east": {"uv": [0, 6, 5, 7], "texture": "#0"},
				"south": {"uv": [0, 6, 5, 7], "texture": "#0"},
				"west": {"uv": [0, 6, 5, 7], "texture": "#0"},
				"down": {"uv": [0, 0, 5, 5], "texture": "#0"}
			}
		},
		{
			"name": "bowl",
			"from": [5.5, 0, 5.5],
			"to": [9.5, 1, 9.5],
			"rotation": {"angle": 0, "axis": "y", "origin": [5.5, 0, 5.5]},
			"faces": {
				"north": {"uv": [0, 7, 5, 8], "texture": "#0"},
				"east": {"uv": [0, 7, 5, 8], "texture": "#0"},
				"south": {"uv": [0, 7, 5, 8], "texture": "#0"},
				"west": {"uv": [0, 7, 5, 8], "texture": "#0"},
				"down": {"uv": [0, 0, 5, 5], "texture": "#0"}
			}
		},
		{
			"from": [5, 2, 5],
			"to": [10, 5, 10],
			"rotation": {"angle": 0, "axis": "y", "origin": [5, 2, 5]},
			"faces": {
				"north": {"uv": [0, 0, 5, 3], "texture": "#1"},
				"east": {"uv": [5, 0, 10, 3], "texture": "#1"},
				"south": {"uv": [0, 0, 5, 3], "texture": "#1"},
				"west": {"uv": [5, 0, 10, 3], "texture": "#1"},
				"up": {"uv": [0, 3, 5, 8], "texture": "#1"},
				"down": {"uv": [0, 3, 5, 8], "texture": "#1"}
			}
		},
		{
			"from": [5.5, 5, 5.5],
			"to": [9.5, 6, 9.5],
			"rotation": {"angle": 0, "axis": "y", "origin": [5.5, 5, 5.5]},
			"faces": {
				"north": {"uv": [0, 13, 4, 14], "texture": "#1"},
				"east": {"uv": [0, 13, 4, 14], "texture": "#1"},
				"south": {"uv": [0, 13, 4, 14], "texture": "#1"},
				"west": {"uv": [0, 13, 4, 14], "texture": "#1"},
				"up": {"uv": [0, 9, 4, 13], "texture": "#1"},
				"down": {"uv": [0, 9, 4, 13], "texture": "#1"}
			}
		}
	],
	"groups": [
		{
			"name": "galo_cake_cup",
			"origin": [8, 8, 8],
			"color": 0,
			"children": [0, 1]
		},
		2,
		3
	]
}