{
	"credit": "Made with Blockbench",
	"textures": {
		"0": "brewinandchewin:block/coaster/sandwich_bread",
		"1": "brewinandchewin:block/coaster/galospheric_delight/lush_sandwich",
		"particle": "brewinandchewin:block/coaster/sandwich_bread"
	},
	"elements": [
		{
			"name": "top",
			"from": [4, 2, 6],
			"to": [12, 4, 11],
			"rotation": {"angle": 0, "axis": "y", "origin": [4, 2, 6]},
			"faces": {
				"north": {"uv": [0, 6, 8, 8], "texture": "#0"},
				"east": {"uv": [9, 0, 14, 2], "texture": "#0"},
				"south": {"uv": [0, 6, 8, 8], "texture": "#0"},
				"west": {"uv": [9, 0, 14, 2], "texture": "#0"},
				"up": {"uv": [0, 0, 8, 5], "texture": "#0"},
				"down": {"uv": [0, 10, 8, 15], "texture": "#0"}
			}
		},
		{
			"name": "bottom",
			"from": [4, 0, 6],
			"to": [12, 1, 11],
			"faces": {
				"north": {"uv": [0, 8, 8, 9], "texture": "#0"},
				"east": {"uv": [9, 2, 14, 3], "texture": "#0"},
				"south": {"uv": [0, 8, 8, 9], "texture": "#0"},
				"west": {"uv": [9, 2, 14, 3], "texture": "#0"},
				"up": {"uv": [0, 10, 8, 15], "texture": "#0"},
				"down": {"uv": [0, 10, 8, 15], "texture": "#0"}
			}
		},
		{
			"from": [7.5, 2.01, 5],
			"to": [12.5, 2.01, 12],
			"rotation": {"angle": 0, "axis": "y", "origin": [7.5, 2, 5]},
			"faces": {
				"up": {"uv": [5, 7, 0, 14], "texture": "#1"},
				"down": {"uv": [5, 14, 0, 7], "texture": "#1"}
			}
		},
		{
			"from": [2.5, 2.01, 5],
			"to": [7.5, 2.01, 12],
			"rotation": {"angle": 0, "axis": "y", "origin": [2.5, 2, 5]},
			"faces": {
				"up": {"uv": [10, 7, 5, 14], "texture": "#1"},
				"down": {"uv": [10, 14, 5, 7], "texture": "#1"}
			}
		},
		{
			"from": [4, 1, 9],
			"to": [6, 2, 11],
			"rotation": {"angle": 22.5, "axis": "y", "origin": [5, 1.5, 10]},
			"faces": {
				"north": {"uv": [1, 1, 2, 3], "rotation": 270, "texture": "#1"},
				"east": {"uv": [1, 1, 3, 2], "rotation": 180, "texture": "#1"},
				"south": {"uv": [2, 1, 3, 3], "rotation": 90, "texture": "#1"},
				"west": {"uv": [1, 2, 3, 3], "texture": "#1"},
				"up": {"uv": [1, 1, 3, 3], "rotation": 90, "texture": "#1"},
				"down": {"uv": [1, 1, 3, 3], "rotation": 270, "texture": "#1"}
			}
		},
		{
			"from": [4.75, 1, 6.25],
			"to": [6.75, 2, 8.25],
			"rotation": {"angle": 22.5, "axis": "y", "origin": [5.75, 1.5, 7.25]},
			"faces": {
				"north": {"uv": [1, 1, 3, 2], "rotation": 180, "texture": "#1"},
				"east": {"uv": [2, 1, 3, 3], "rotation": 90, "texture": "#1"},
				"south": {"uv": [1, 2, 3, 3], "texture": "#1"},
				"west": {"uv": [1, 1, 2, 3], "rotation": 270, "texture": "#1"},
				"up": {"uv": [1, 1, 3, 3], "texture": "#1"},
				"down": {"uv": [1, 1, 3, 3], "texture": "#1"}
			}
		},
		{
			"from": [6.25, 1, 8.75],
			"to": [8.25, 2, 10.75],
			"rotation": {"angle": 22.5, "axis": "y", "origin": [7.25, 1.5, 9.75]},
			"faces": {
				"north": {"uv": [1, 1, 3, 2], "rotation": 180, "texture": "#1"},
				"east": {"uv": [2, 1, 3, 3], "rotation": 90, "texture": "#1"},
				"south": {"uv": [1, 2, 3, 3], "texture": "#1"},
				"west": {"uv": [1, 1, 2, 3], "rotation": 270, "texture": "#1"},
				"up": {"uv": [1, 1, 3, 3], "texture": "#1"},
				"down": {"uv": [1, 1, 3, 3], "texture": "#1"}
			}
		},
		{
			"from": [7.5, 1, 5.75],
			"to": [9.5, 2, 7.75],
			"rotation": {"angle": 45, "axis": "y", "origin": [8.5, 1.5, 6.75]},
			"faces": {
				"north": {"uv": [1, 1, 3, 2], "rotation": 180, "texture": "#1"},
				"east": {"uv": [2, 1, 3, 3], "rotation": 90, "texture": "#1"},
				"south": {"uv": [1, 2, 3, 3], "texture": "#1"},
				"west": {"uv": [1, 1, 2, 3], "rotation": 270, "texture": "#1"},
				"up": {"uv": [1, 1, 3, 3], "texture": "#1"},
				"down": {"uv": [1, 1, 3, 3], "texture": "#1"}
			}
		},
		{
			"from": [9.25, 1, 8.75],
			"to": [11.25, 2, 10.75],
			"rotation": {"angle": -22.5, "axis": "y", "origin": [10.25, 1.5, 9.75]},
			"faces": {
				"north": {"uv": [1, 1, 3, 2], "rotation": 180, "texture": "#1"},
				"east": {"uv": [2, 1, 3, 3], "rotation": 90, "texture": "#1"},
				"south": {"uv": [1, 2, 3, 3], "texture": "#1"},
				"west": {"uv": [1, 1, 2, 3], "rotation": 270, "texture": "#1"},
				"up": {"uv": [1, 1, 3, 3], "texture": "#1"},
				"down": {"uv": [1, 1, 3, 3], "texture": "#1"}
			}
		},
		{
			"from": [10, 1, 6.25],
			"to": [12, 2, 8.25],
			"rotation": {"angle": 0, "axis": "y", "origin": [11, 1.5, 7.25]},
			"faces": {
				"north": {"uv": [1, 1, 2, 3], "rotation": 270, "texture": "#1"},
				"east": {"uv": [1, 1, 3, 2], "rotation": 180, "texture": "#1"},
				"south": {"uv": [2, 1, 3, 3], "rotation": 90, "texture": "#1"},
				"west": {"uv": [1, 2, 3, 3], "texture": "#1"},
				"up": {"uv": [1, 1, 3, 3], "rotation": 90, "texture": "#1"},
				"down": {"uv": [1, 1, 3, 3], "rotation": 270, "texture": "#1"}
			}
		}
	],
	"groups": [
		{
			"name": "sandwich_bread",
			"origin": [4, 2, 6],
			"color": 0,
			"children": [0, 1]
		},
		2,
		3,
		4,
		5,
		6,
		7,
		8,
		9
	]
}