{
	"credit": "Made with Blockbench",
	"textures": {
		"0": "brewinandchewin:block/coaster/burger_bread",
		"1": "brewinandchewin:block/coaster/galospheric_delight/membranburger",
		"particle": "brewinandchewin:block/coaster/burger_bread"
	},
	"elements": [
		{
			"name": "top",
			"from": [6, 2.5, 6],
			"to": [11, 4.5, 11],
			"rotation": {"angle": 0, "axis": "y", "origin": [0, 2.5, 0]},
			"faces": {
				"north": {"uv": [6, 0, 11, 2], "texture": "#0"},
				"east": {"uv": [6, 0, 11, 2], "texture": "#0"},
				"south": {"uv": [6, 0, 11, 2], "texture": "#0"},
				"west": {"uv": [6, 0, 11, 2], "texture": "#0"},
				"up": {"uv": [0, 0, 5, 5], "texture": "#0"},
				"down": {"uv": [0, 0, 5, 5], "texture": "#0"}
			}
		},
		{
			"name": "bottom",
			"from": [6, 0, 6],
			"to": [11, 1, 11],
			"faces": {
				"north": {"uv": [0, 6, 5, 7], "texture": "#0"},
				"east": {"uv": [0, 6, 5, 7], "texture": "#0"},
				"south": {"uv": [0, 6, 5, 7], "texture": "#0"},
				"west": {"uv": [0, 6, 5, 7], "texture": "#0"},
				"up": {"uv": [0, 0, 5, 5], "texture": "#0"},
				"down": {"uv": [0, 0, 5, 5], "texture": "#0"}
			}
		},
		{
			"from": [5.5, 1, 6],
			"to": [11.5, 1.75, 11],
			"rotation": {"angle": 0, "axis": "y", "origin": [5.5, 1, 6]},
			"faces": {
				"north": {"uv": [0, 0, 6, 1], "rotation": 180, "texture": "#1"},
				"east": {"uv": [5, 0, 6, 5], "rotation": 90, "texture": "#1"},
				"south": {"uv": [0, 4, 6, 5], "texture": "#1"},
				"west": {"uv": [0, 0, 1, 5], "rotation": 90, "texture": "#1"},
				"up": {"uv": [0, 0, 6, 5], "texture": "#1"},
				"down": {"uv": [0, 0, 6, 5], "texture": "#1"}
			}
		},
		{
			"from": [6.5, 1, 6],
			"to": [5.5, 1.75, 7],
			"rotation": {"angle": 0, "axis": "y", "origin": [6, 1.5, 6.5]},
			"faces": {
				"south": {"uv": [0, 1, 1, 2], "texture": "#1"},
				"west": {"uv": [1, 0, 2, 1], "texture": "#1"}
			}
		},
		{
			"from": [10.5, 1, 7],
			"to": [11.5, 1.75, 6],
			"rotation": {"angle": 0, "axis": "y", "origin": [11, 1.5, 6.5]},
			"faces": {
				"north": {"uv": [5, 1, 6, 2], "texture": "#1"},
				"west": {"uv": [4, 0, 5, 1], "texture": "#1"}
			}
		},
		{
			"from": [11.5, 1, 10],
			"to": [10.5, 1.75, 11],
			"rotation": {"angle": 0, "axis": "y", "origin": [11, 1.5, 10.5]},
			"faces": {
				"north": {"uv": [5, 3, 6, 4], "texture": "#1"},
				"east": {"uv": [4, 4, 5, 5], "texture": "#1"}
			}
		},
		{
			"from": [5.5, 1, 11],
			"to": [6.5, 1.75, 10],
			"rotation": {"angle": 0, "axis": "y", "origin": [6, 1.5, 10.5]},
			"faces": {
				"east": {"uv": [1, 4, 2, 5], "texture": "#1"},
				"south": {"uv": [0, 3, 1, 4], "texture": "#1"}
			}
		},
		{
			"from": [8.25, 1.75, 5.75],
			"to": [11.25, 2.5, 8.25],
			"rotation": {"angle": 0, "axis": "y", "origin": [8.25, 1.75, 5.75]},
			"faces": {
				"north": {"uv": [0, 10, 4, 11], "texture": "#1"},
				"east": {"uv": [0, 12, 3, 13], "texture": "#1"},
				"south": {"uv": [0, 10, 4, 11], "texture": "#1"},
				"west": {"uv": [0, 12, 3, 13], "texture": "#1"},
				"up": {"uv": [0, 6, 4, 9], "texture": "#1"},
				"down": {"uv": [0, 6, 4, 9], "texture": "#1"}
			}
		},
		{
			"from": [5.75, 1.75, 8.25],
			"to": [9.25, 2.5, 11.25],
			"rotation": {"angle": 0, "axis": "y", "origin": [5.75, 1.75, 8.25]},
			"faces": {
				"north": {"uv": [7, 11, 12, 12], "texture": "#1"},
				"east": {"uv": [7, 13, 11, 14], "texture": "#1"},
				"south": {"uv": [7, 11, 12, 12], "texture": "#1"},
				"west": {"uv": [7, 13, 11, 14], "texture": "#1"},
				"up": {"uv": [7, 6, 12, 10], "texture": "#1"},
				"down": {"uv": [7, 6, 12, 10], "texture": "#1"}
			}
		},
		{
			"from": [9.25, 1.75, 8.5],
			"to": [11.25, 2.5, 10.5],
			"rotation": {"angle": 0, "axis": "y", "origin": [9.25, 1.75, 8.5]},
			"faces": {
				"north": {"uv": [8, 1, 10, 2], "rotation": 180, "texture": "#1"},
				"east": {"uv": [9, 1, 10, 3], "rotation": 90, "texture": "#1"},
				"south": {"uv": [8, 2, 10, 3], "texture": "#1"},
				"west": {"uv": [8, 1, 9, 3], "rotation": 270, "texture": "#1"},
				"up": {"uv": [8, 1, 10, 3], "texture": "#1"},
				"down": {"uv": [8, 1, 10, 3], "texture": "#1"}
			}
		},
		{
			"from": [5.75, 1.75, 5.75],
			"to": [7.75, 2.5, 7.75],
			"rotation": {"angle": 0, "axis": "y", "origin": [6.75, 2.125, 6.75]},
			"faces": {
				"north": {"uv": [11, 2, 13, 3], "texture": "#1"},
				"east": {"uv": [11, 1, 12, 3], "rotation": 270, "texture": "#1"},
				"south": {"uv": [11, 1, 13, 2], "rotation": 180, "texture": "#1"},
				"west": {"uv": [12, 1, 13, 3], "rotation": 90, "texture": "#1"},
				"up": {"uv": [11, 1, 13, 3], "rotation": 180, "texture": "#1"},
				"down": {"uv": [11, 1, 13, 3], "rotation": 180, "texture": "#1"}
			}
		}
	],
	"groups": [
		{
			"name": "burger_bread",
			"origin": [0, 2.5, 0],
			"color": 0,
			"children": [0, 1]
		},
		2,
		3,
		4,
		5,
		6,
		7,
		8,
		9,
		10
	]
}