{
	"credit": "Made with Blockbench",
	"textures": {
		"0": "brewinandchewin:block/coaster/galospheric_delight/salted_caramel_cake_slice",
		"particle": "brewinandchewin:block/coaster/galospheric_delight/salted_caramel_cake_slice"
	},
	"elements": [
		{
			"name": "cake",
			"from": [6.5, 0, 5],
			"to": [9.5, 4, 11],
			"rotation": {"angle": 0, "axis": "y", "origin": [7, 1, 7]},
			"faces": {
				"north": {"uv": [10, 0, 7, 4], "texture": "#0"},
				"east": {"uv": [0, 4, 6, 8], "texture": "#0"},
				"south": {"uv": [1, 4, 4, 8], "texture": "#0"},
				"west": {"uv": [6, 4, 0, 8], "texture": "#0"},
				"up": {"uv": [6, 3, 0, 0], "rotation": 90, "texture": "#0"}
			}
		}
	]
}