{
	"credit": "Made with Blockbench",
	"textures": {
		"0": "brewinandchewin:block/coaster/galospheric_delight/salted_caramel",
		"particle": "brewinandchewin:block/coaster/galospheric_delight/salted_caramel"
	},
	"elements": [
		{
			"from": [5, 0, 6],
			"to": [11, 3, 10],
			"rotation": {"angle": 0, "axis": "y", "origin": [7, 1.5, 9]},
			"faces": {
				"north": {"uv": [5, 10, 11, 13], "texture": "#0"},
				"east": {"uv": [0, 10, 4, 13], "texture": "#0"},
				"south": {"uv": [5, 10, 11, 13], "texture": "#0"},
				"west": {"uv": [0, 10, 4, 13], "texture": "#0"},
				"up": {"uv": [0, 0, 6, 4], "texture": "#0"},
				"down": {"uv": [0, 5, 6, 9], "texture": "#0"}
			}
		}
	]
}