{
	"credit": "Made with Blockbench",
	"textures": {
		"0": "brewinandchewin:block/coaster/galospheric_delight/salted_fish",
		"particle": "brewinandchewin:block/coaster/galospheric_delight/salted_fish"
	},
	"elements": [
		{
			"from": [10.5, 0, 6],
			"to": [12.5, 2, 9],
			"rotation": {"angle": 0, "axis": "y", "origin": [10.5, 0, 6]},
			"faces": {
				"north": {"uv": [10, 4, 12, 6], "texture": "#0"},
				"east": {"uv": [13, 4, 16, 6], "texture": "#0"},
				"south": {"uv": [10, 0, 12, 2], "texture": "#0"},
				"west": {"uv": [13, 4, 16, 6], "texture": "#0"},
				"up": {"uv": [15, 3, 13, 0], "texture": "#0"},
				"down": {"uv": [15, 0, 13, 3], "texture": "#0"}
			}
		},
		{
			"from": [5.5, 0, 6],
			"to": [10.5, 2, 10],
			"rotation": {"angle": 0, "axis": "y", "origin": [8.5, 0, 6]},
			"faces": {
				"north": {"uv": [0, 5, 5, 7], "texture": "#0"},
				"east": {"uv": [7, 14, 11, 16], "texture": "#0"},
				"south": {"uv": [6, 14, 11, 16], "texture": "#0"},
				"west": {"uv": [6, 11, 10, 13], "texture": "#0"},
				"up": {"uv": [5, 4, 0, 0], "texture": "#0"},
				"down": {"uv": [0, 8, 5, 12], "texture": "#0"}
			}
		},
		{
			"from": [2.5, 1, 6],
			"to": [5.5, 1, 10],
			"rotation": {"angle": 0, "axis": "y", "origin": [3.5, 0, 9]},
			"faces": {
				"up": {"uv": [15, 11, 12, 7], "texture": "#0"},
				"down": {"uv": [15, 7, 12, 11], "texture": "#0"}
			}
		}
	]
}