{
	"credit": "Made with Blockbench",
	"textures": {
		"particle": "brewinandchewin:block/coaster/galospheric_delight/specterpillar"
	},
	"elements": [
		{
			"from": [5, 0, 3],
			"to": [10, 4, 12],
			"rotation": {"angle": 0, "axis": "y", "origin": [5, 0, 3]},
			"faces": {
				"north": {"uv": [11, 5, 16, 9], "texture": "#particle"},
				"east": {"uv": [9, 10, 0, 14], "texture": "#particle"},
				"south": {"uv": [11, 0, 16, 4], "texture": "#particle"},
				"west": {"uv": [0, 10, 9, 14], "texture": "#particle"},
				"up": {"uv": [0, 0, 5, 9], "texture": "#particle"},
				"down": {"uv": [5, 0, 10, 9], "texture": "#particle"}
			}
		}
	]
}