{
	"credit": "Made with Blockbench",
	"textures": {
		"1": "brewinandchewin:block/coaster/youkaishomecoming/avgolemono",
		"2": "brewinandchewin:block/coaster/bowl",
		"particle": "brewinandchewin:block/coaster/bowl"
	},
	"elements": [
		{
			"name": "bowl",
			"from": [5, 0, 5],
			"to": [11, 2, 11],
			"rotation": {"angle": 0, "axis": "y", "origin": [5, 0, 5]},
			"faces": {
				"north": {"uv": [0, 7, 6, 9], "texture": "#2"},
				"east": {"uv": [0, 7, 6, 9], "texture": "#2"},
				"south": {"uv": [0, 7, 6, 9], "texture": "#2"},
				"west": {"uv": [0, 7, 6, 9], "texture": "#2"},
				"up": {"uv": [0, 0, 6, 6], "texture": "#2"},
				"down": {"uv": [0, 10, 6, 16], "texture": "#2"}
			}
		},
		{
			"name": "south",
			"from": [5, 2, 10],
			"to": [11, 7, 10],
			"rotation": {"angle": 45, "axis": "x", "origin": [9, 2, 10]},
			"faces": {
				"north": {"uv": [8, 0, 14, 5], "texture": "#2"},
				"south": {"uv": [14, 0, 8, 5], "texture": "#2"}
			}
		},
		{
			"from": [6, 2, 6],
			"to": [10, 2, 10],
			"rotation": {"angle": 0, "axis": "y", "origin": [6, 0, 6]},
			"faces": {
				"up": {"uv": [0, 0, 4, 4], "texture": "#1"},
				"down": {"uv": [0, 4, 4, 0], "texture": "#1"}
			}
		},
		{
			"name": "west",
			"from": [6, 2, 5],
			"to": [6, 7, 11],
			"rotation": {"angle": 45, "axis": "z", "origin": [6, 2, 9]},
			"faces": {
				"east": {"uv": [8, 0, 14, 5], "texture": "#1"},
				"west": {"uv": [14, 0, 8, 5], "texture": "#1"}
			}
		}
	],
	"groups": [
		{
			"name": "bowl",
			"origin": [8, 8, 8],
			"color": 0,
			"children": [0, 1]
		},
		2,
		3
	]
}