{
	"credit": "Made with Blockbench",
	"textures": {
		"0": "brewinandchewin:block/coaster/youkaishomecoming/big_popsicle",
		"particle": "brewinandchewin:block/coaster/youkaishomecoming/big_popsicle"
	},
	"elements": [
		{
			"name": "stick_short",
			"from": [2, 0.5, 7.5],
			"to": [6, 1.5, 8.5],
			"rotation": {"angle": 0, "axis": "y", "origin": [2, -1.5, 6.5]},
			"faces": {
				"north": {"uv": [4, 0, 0, 1], "texture": "#0"},
				"east": {"uv": [3, 0, 4, 1], "texture": "#0"},
				"south": {"uv": [0, 0, 4, 1], "texture": "#0"},
				"west": {"uv": [0, 0, 1, 1], "texture": "#0"},
				"up": {"uv": [0, 0, 4, 1], "texture": "#0"},
				"down": {"uv": [0, 0, 4, 1], "texture": "#0"}
			}
		},
		{
			"from": [6, 0, 6],
			"to": [12, 2, 10],
			"rotation": {"angle": 0, "axis": "y", "origin": [6, 0, 6]},
			"faces": {
				"north": {"uv": [0, 7, 6, 9], "texture": "#0"},
				"east": {"uv": [7, 10, 11, 12], "texture": "#0"},
				"south": {"uv": [6, 10, 0, 12], "texture": "#0"},
				"west": {"uv": [7, 7, 11, 9], "texture": "#0"},
				"up": {"uv": [6, 6, 0, 2], "texture": "#0"},
				"down": {"uv": [6, 2, 0, 6], "texture": "#0"}
			}
		}
	]
}