{
	"credit": "Made with Blockbench",
	"textures": {
		"0": "brewinandchewin:block/coaster/youkaishomecoming/bun",
		"particle": "brewinandchewin:block/coaster/youkaishomecoming/bun"
	},
	"elements": [
		{
			"from": [8, 0, 7.5],
			"to": [13, 3, 12.5],
			"rotation": {"angle": -22.5, "axis": "y", "origin": [10.5, 2.325, 10]},
			"faces": {
				"north": {"uv": [0, 7, 5, 9], "texture": "#0"},
				"east": {"uv": [0, 7, 5, 9], "texture": "#0"},
				"south": {"uv": [0, 7, 5, 9], "texture": "#0"},
				"west": {"uv": [0, 7, 5, 9], "texture": "#0"},
				"up": {"uv": [0, 0, 5, 5], "texture": "#0"},
				"down": {"uv": [0, 10, 5, 15], "texture": "#0"}
			}
		},
		{
			"from": [9, 3, 8.5],
			"to": [12, 3.3, 11.5],
			"rotation": {"angle": -22.5, "axis": "y", "origin": [10.5, 2.325, 10]},
			"faces": {
				"north": {"uv": [1, 1, 4, 2], "rotation": 180, "texture": "#0"},
				"east": {"uv": [3, 1, 4, 4], "rotation": 90, "texture": "#0"},
				"south": {"uv": [1, 3, 4, 4], "texture": "#0"},
				"west": {"uv": [1, 1, 2, 4], "rotation": 270, "texture": "#0"},
				"up": {"uv": [1, 1, 4, 4], "texture": "#0"},
				"down": {"uv": [1, 1, 4, 4], "texture": "#0"}
			}
		},
		{
			"from": [3.5, 0, 3.75],
			"to": [8.5, 3, 8.75],
			"rotation": {"angle": 45, "axis": "y", "origin": [6, 2.325, 6.25]},
			"faces": {
				"north": {"uv": [0, 7, 5, 9], "texture": "#0"},
				"east": {"uv": [0, 7, 5, 9], "texture": "#0"},
				"south": {"uv": [0, 7, 5, 9], "texture": "#0"},
				"west": {"uv": [0, 7, 5, 9], "texture": "#0"},
				"up": {"uv": [0, 0, 5, 5], "texture": "#0"},
				"down": {"uv": [0, 10, 5, 15], "texture": "#0"}
			}
		},
		{
			"from": [4.5, 3, 4.75],
			"to": [7.5, 3.3, 7.75],
			"rotation": {"angle": 45, "axis": "y", "origin": [6, 2.325, 6.25]},
			"faces": {
				"north": {"uv": [1, 1, 4, 2], "rotation": 180, "texture": "#0"},
				"east": {"uv": [3, 1, 4, 4], "rotation": 90, "texture": "#0"},
				"south": {"uv": [1, 3, 4, 4], "texture": "#0"},
				"west": {"uv": [1, 1, 2, 4], "rotation": 270, "texture": "#0"},
				"up": {"uv": [1, 1, 4, 4], "texture": "#0"},
				"down": {"uv": [1, 1, 4, 4], "texture": "#0"}
			}
		},
		{
			"name": "leaf",
			"from": [5, 0.01, 5],
			"to": [12, 0.01, 12],
			"rotation": {"angle": 0, "axis": "y", "origin": [-1, 0, -1]},
			"faces": {
				"up": {"uv": [8, 8, 15, 15], "texture": "#0"},
				"down": {"uv": [8, 15, 15, 8], "texture": "#0"}
			}
		}
	],
	"groups": [
		{
			"name": "group",
			"origin": [8, 8, 8],
			"color": 0,
			"children": [0, 1]
		},
		{
			"name": "group",
			"origin": [8, 8, 8],
			"color": 0,
			"children": [2, 3]
		},
		4
	]
}