{
	"credit": "Made with Blockbench",
	"textures": {
		"0": "brewinandchewin:block/coaster/youkaishomecoming/candy_apple",
		"particle": "brewinandchewin:block/coaster/youkaishomecoming/candy_apple"
	},
	"elements": [
		{
			"name": "stick",
			"from": [5, 1.5, 8],
			"to": [15, 2.5, 9],
			"rotation": {"angle": 0, "axis": "z", "origin": [12, 2, 8.5]},
			"faces": {
				"north": {"uv": [4, 0, 14, 1], "rotation": 180, "texture": "#0"},
				"east": {"uv": [13, 0, 14, 1], "texture": "#0"},
				"south": {"uv": [4, 0, 14, 1], "texture": "#0"},
				"west": {"uv": [0, 0, 1, 1], "texture": "#0"},
				"up": {"uv": [4, 0, 14, 1], "texture": "#0"},
				"down": {"uv": [4, 0, 14, 1], "texture": "#0"}
			}
		},
		{
			"from": [3.95, 0, 6.5],
			"to": [7.95, 4, 10.5],
			"rotation": {"angle": 0, "axis": "y", "origin": [4, 0, 6.5]},
			"faces": {
				"north": {"uv": [1, 7, 6, 12], "texture": "#0"},
				"east": {"uv": [1, 7, 6, 12], "texture": "#0"},
				"south": {"uv": [1, 7, 6, 12], "texture": "#0"},
				"west": {"uv": [1, 7, 6, 12], "texture": "#0"},
				"up": {"uv": [1, 1, 6, 6], "texture": "#0"},
				"down": {"uv": [7, 1, 12, 6], "texture": "#0"}
			}
		},
		{
			"from": [2.95, 0, 6],
			"to": [3.95, 4.5, 11],
			"rotation": {"angle": 0, "axis": "y", "origin": [3, 0, 6]},
			"faces": {
				"north": {"uv": [14, 7, 15, 12.5], "texture": "#0"},
				"east": {"uv": [7, 7, 13, 12.5], "texture": "#0"},
				"south": {"uv": [14, 7, 15, 12.5], "texture": "#0"},
				"west": {"uv": [7, 7, 13, 12.5], "texture": "#0"},
				"up": {"uv": [13, 7, 14, 13], "texture": "#0"},
				"down": {"uv": [15, 7, 16, 13], "texture": "#0"}
			}
		}
	]
}