{
	"credit": "Made with Blockbench",
	"textures": {
		"0": "brewinandchewin:block/coaster/youkaishomecoming/cooked_flesh",
		"particle": "brewinandchewin:block/coaster/youkaishomecoming/cooked_flesh"
	},
	"elements": [
		{
			"from": [2.5, 0, 4],
			"to": [7.5, 2, 9],
			"rotation": {"angle": 0, "axis": "y", "origin": [7.25, 1, 5.75]},
			"faces": {
				"north": {"uv": [10, 0, 15, 2], "texture": "#0"},
				"east": {"uv": [10, 2, 15, 4], "texture": "#0"},
				"south": {"uv": [10, 0, 15, 2], "texture": "#0"},
				"west": {"uv": [10, 2, 15, 4], "texture": "#0"},
				"up": {"uv": [5, 5, 0, 0], "texture": "#0"},
				"down": {"uv": [10, 0, 5, 5], "rotation": 90, "texture": "#0"}
			}
		},
		{
			"from": [7.5, 0, 7],
			"to": [11.5, 2, 11],
			"rotation": {"angle": 0, "axis": "y", "origin": [7.25, 1, 9.75]},
			"faces": {
				"north": {"uv": [8, 5, 12, 7], "texture": "#0"},
				"east": {"uv": [8, 7, 12, 9], "texture": "#0"},
				"south": {"uv": [8, 5, 12, 7], "texture": "#0"},
				"west": {"uv": [8, 7, 12, 9], "texture": "#0"},
				"up": {"uv": [0, 5, 4, 9], "rotation": 270, "texture": "#0"},
				"down": {"uv": [4, 5, 8, 9], "rotation": 90, "texture": "#0"}
			}
		}
	]
}