{
	"credit": "Made with Blockbench",
	"textures": {
		"0": "brewinandchewin:block/coaster/youkaishomecoming/doughnut",
		"particle": "brewinandchewin:block/coaster/youkaishomecoming/doughnut"
	},
	"elements": [
		{
			"from": [5, 0, 5],
			"to": [11, 2, 11],
			"rotation": {"angle": 0, "axis": "y", "origin": [8, 1, 8]},
			"faces": {
				"north": {"uv": [10, 8, 16, 10], "texture": "#0"},
				"east": {"uv": [10, 14, 16, 16], "texture": "#0"},
				"south": {"uv": [10, 12, 16, 14], "texture": "#0"},
				"west": {"uv": [10, 10, 16, 12], "texture": "#0"},
				"up": {"uv": [0, 0, 6, 6], "texture": "#0"},
				"down": {"uv": [0, 10, 6, 16], "texture": "#0"}
			}
		},
		{
			"from": [9, 0, 7],
			"to": [7, 2, 9],
			"rotation": {"angle": 0, "axis": "y", "origin": [9, 0, 7]},
			"faces": {
				"north": {"uv": [16, 10, 14, 12], "texture": "#0"},
				"east": {"uv": [16, 14, 14, 16], "texture": "#0"},
				"south": {"uv": [13, 8, 11, 10], "texture": "#0"},
				"west": {"uv": [12, 10, 10, 12], "texture": "#0"}
			}
		}
	]
}