{
	"credit": "Made with Blockbench",
	"textures": {
		"0": "brewinandchewin:block/coaster/youkaishomecoming/fairy_candy",
		"particle": "brewinandchewin:block/coaster/youkaishomecoming/fairy_candy"
	},
	"elements": [
		{
			"from": [6, 0, 6],
			"to": [9, 3, 9],
			"faces": {
				"north": {"uv": [0, 2, 3, 5], "texture": "#0"},
				"east": {"uv": [2, 0, 5, 3], "texture": "#0"},
				"south": {"uv": [2, 1, 5, 4], "rotation": 90, "texture": "#0"},
				"west": {"uv": [1, 2, 4, 5], "texture": "#0"},
				"up": {"uv": [1, 1, 4, 4], "texture": "#0"},
				"down": {"uv": [2, 2, 5, 5], "texture": "#0"}
			}
		},
		{
			"from": [4, 1.5, 9],
			"to": [8, 1.5, 12],
			"rotation": {"angle": 0, "axis": "y", "origin": [4, 1.5, 9]},
			"faces": {
				"up": {"uv": [10, 0, 14, 3], "texture": "#0"},
				"down": {"uv": [10, 0, 6, 3], "texture": "#0"}
			}
		},
		{
			"from": [7, 1.5, 3],
			"to": [11, 1.5, 6],
			"rotation": {"angle": 0, "axis": "y", "origin": [7, 1.5, 3]},
			"faces": {
				"up": {"uv": [6, 0, 10, 3], "texture": "#0"},
				"down": {"uv": [14, 0, 10, 3], "texture": "#0"}
			}
		},
		{
			"from": [3, 3, 4],
			"to": [6, 3, 7],
			"rotation": {"angle": -22.5, "axis": "x", "origin": [4.5, 3, 5.5]},
			"faces": {
				"up": {"uv": [6, 5, 9, 8], "texture": "#0"},
				"down": {"uv": [6, 5, 9, 8], "texture": "#0"}
			}
		},
		{
			"from": [9, 2, 8],
			"to": [12, 2, 11],
			"rotation": {"angle": -22.5, "axis": "x", "origin": [10.5, 2, 9.5]},
			"faces": {
				"up": {"uv": [6, 5, 9, 8], "texture": "#0"},
				"down": {"uv": [6, 5, 9, 8], "texture": "#0"}
			}
		}
	],
	"groups": [
		{
			"name": "group",
			"origin": [8, 8, 8],
			"color": 0,
			"children": [0, 1, 2]
		},
		3,
		4
	]
}