{
	"credit": "Made with Blockbench",
	"textures": {
		"1": "brewinandchewin:block/coaster/youkaishomecoming/flesh_roll"
	},
	"elements": [
		{
			"from": [7, 0, 5.5],
			"to": [10, 2, 10.5],
			"rotation": {"angle": 0, "axis": "y", "origin": [7, 0, 5.5]},
			"faces": {
				"north": {"uv": [1, 8, 4, 10], "texture": "#1"},
				"east": {"uv": [6, 2, 11, 4], "texture": "#1"},
				"south": {"uv": [1, 8, 4, 10], "texture": "#1"},
				"west": {"uv": [6, 2, 11, 4], "texture": "#1"},
				"up": {"uv": [1, 1, 4, 6], "texture": "#1"},
				"down": {"uv": [12, 2, 15, 7], "texture": "#1"}
			}
		}
	]
}