{
	"credit": "Made with Blockbench",
	"textures": {
		"0": "brewinandchewin:block/coaster/youkaishomecoming/flesh_dumplings",
		"particle": "brewinandchewin:block/coaster/youkaishomecoming/flesh_dumplings"
	},
	"elements": [
		{
			"from": [5.75, 3, 8],
			"to": [5.75, 4, 11],
			"rotation": {"angle": 0, "axis": "y", "origin": [5.75, 2.5, 9.5]},
			"faces": {
				"north": {"uv": [0, 7, 3, 8], "texture": "#0"},
				"east": {"uv": [0, 7, 3, 8], "texture": "#0"},
				"south": {"uv": [0, 7, 3, 8], "texture": "#0"},
				"west": {"uv": [0, 7, 3, 8], "texture": "#0"},
				"up": {"uv": [0, 7, 3, 8], "rotation": 90, "texture": "#0"},
				"down": {"uv": [0, 7, 3, 8], "rotation": 270, "texture": "#0"}
			}
		},
		{
			"from": [4.25, 3, 9.5],
			"to": [7.25, 4, 9.5],
			"rotation": {"angle": 0, "axis": "y", "origin": [5.75, 2.5, 9.5]},
			"faces": {
				"north": {"uv": [0, 7, 3, 8], "texture": "#0"},
				"east": {"uv": [0, 7, 3, 8], "texture": "#0"},
				"south": {"uv": [0, 7, 3, 8], "texture": "#0"},
				"west": {"uv": [0, 7, 3, 8], "texture": "#0"},
				"up": {"uv": [0, 7, 3, 8], "texture": "#0"},
				"down": {"uv": [0, 7, 3, 8], "texture": "#0"}
			}
		},
		{
			"from": [3.75, 0, 7.5],
			"to": [7.75, 3, 11.5],
			"rotation": {"angle": -45, "axis": "y", "origin": [5.75, 2.5, 9.5]},
			"faces": {
				"north": {"uv": [0, 8, 4, 11], "texture": "#0"},
				"east": {"uv": [0, 4, 4, 7], "texture": "#0"},
				"south": {"uv": [0, 4, 4, 7], "texture": "#0"},
				"west": {"uv": [0, 4, 4, 7], "texture": "#0"},
				"up": {"uv": [0, 0, 4, 4], "texture": "#0"},
				"down": {"uv": [0, 0, 4, 4], "texture": "#0"}
			}
		},
		{
			"from": [8.75, 3, 6.5],
			"to": [11.75, 4, 6.5],
			"rotation": {"angle": -45, "axis": "y", "origin": [10.25, 2.5, 6.5]},
			"faces": {
				"north": {"uv": [0, 7, 3, 8], "texture": "#0"},
				"east": {"uv": [0, 7, 3, 8], "texture": "#0"},
				"south": {"uv": [0, 7, 3, 8], "texture": "#0"},
				"west": {"uv": [0, 7, 3, 8], "texture": "#0"},
				"up": {"uv": [0, 7, 3, 8], "texture": "#0"},
				"down": {"uv": [0, 7, 3, 8], "texture": "#0"}
			}
		},
		{
			"from": [10.25, 3, 5],
			"to": [10.25, 4, 8],
			"rotation": {"angle": -45, "axis": "y", "origin": [10.25, 2.5, 6.5]},
			"faces": {
				"north": {"uv": [0, 7, 3, 8], "texture": "#0"},
				"east": {"uv": [0, 7, 3, 8], "texture": "#0"},
				"south": {"uv": [0, 7, 3, 8], "texture": "#0"},
				"west": {"uv": [0, 7, 3, 8], "texture": "#0"},
				"up": {"uv": [0, 7, 3, 8], "rotation": 270, "texture": "#0"},
				"down": {"uv": [0, 7, 3, 8], "rotation": 90, "texture": "#0"}
			}
		},
		{
			"from": [8.25, 0, 4.5],
			"to": [12.25, 3, 8.5],
			"rotation": {"angle": 0, "axis": "y", "origin": [10.25, 2.5, 6.5]},
			"faces": {
				"north": {"uv": [0, 4, 4, 7], "texture": "#0"},
				"east": {"uv": [0, 4, 4, 7], "texture": "#0"},
				"south": {"uv": [0, 4, 4, 7], "texture": "#0"},
				"west": {"uv": [0, 8, 4, 11], "texture": "#0"},
				"up": {"uv": [0, 0, 4, 4], "texture": "#0"},
				"down": {"uv": [0, 0, 4, 4], "texture": "#0"}
			}
		},
		{
			"name": "leaf",
			"from": [5, 0.01, 5],
			"to": [12, 0.01, 12],
			"rotation": {"angle": 0, "axis": "y", "origin": [-1, 0, -1]},
			"faces": {
				"up": {"uv": [4, 0, 11, 7], "texture": "#0"},
				"down": {"uv": [4, 7, 11, 0], "texture": "#0"}
			}
		}
	],
	"groups": [
		{
			"name": "group",
			"origin": [8, 8, 8],
			"color": 0,
			"children": [0, 1, 2]
		},
		{
			"name": "group",
			"origin": [8, 8, 8],
			"color": 0,
			"children": [3, 4, 5]
		},
		6
	]
}