{
	"credit": "Made with Blockbench",
	"textures": {
		"0": "brewinandchewin:block/coaster/youkaishomecoming/flesh_chocolate_mousse",
		"particle": "brewinandchewin:block/coaster/youkaishomecoming/flesh_chocolate_mousse"
	},
	"elements": [
		{
			"name": "cake",
			"from": [6, 0, 6],
			"to": [10, 5, 10],
			"rotation": {"angle": 0, "axis": "y", "origin": [7, 1, 7]},
			"faces": {
				"north": {"uv": [0, 6, 4, 11], "texture": "#0"},
				"east": {"uv": [5, 11, 9, 16], "texture": "#0"},
				"south": {"uv": [10, 6, 14, 11], "texture": "#0"},
				"west": {"uv": [5, 6, 9, 11], "texture": "#0"},
				"up": {"uv": [4, 5, 0, 1], "texture": "#0"},
				"down": {"uv": [4, 12, 0, 16], "texture": "#0"}
			}
		},
		{
			"from": [6.5, 5, 6.5],
			"to": [9.5, 5.75, 9.5],
			"rotation": {"angle": 0, "axis": "y", "origin": [6.5, 5, 6.5]},
			"faces": {
				"north": {"uv": [9, 1, 6, 2], "texture": "#0"},
				"east": {"uv": [8, 1, 9, 4], "rotation": 90, "texture": "#0"},
				"south": {"uv": [6, 3, 9, 4], "texture": "#0"},
				"west": {"uv": [6, 1, 7, 4], "rotation": 270, "texture": "#0"},
				"up": {"uv": [6, 1, 9, 4], "texture": "#0"},
				"down": {"uv": [6, 1, 9, 4], "texture": "#0"}
			}
		},
		{
			"from": [7.5, 5.75, 7.5],
			"to": [8.5, 6.25, 8.5],
			"rotation": {"angle": 0, "axis": "y", "origin": [7.5, 5.75, 7.5]},
			"faces": {
				"north": {"uv": [12, 2, 13, 3], "texture": "#0"},
				"east": {"uv": [12, 2, 13, 3], "texture": "#0"},
				"south": {"uv": [12, 2, 13, 3], "texture": "#0"},
				"west": {"uv": [12, 2, 13, 3], "texture": "#0"},
				"up": {"uv": [12, 2, 13, 3], "texture": "#0"},
				"down": {"uv": [12, 2, 13, 3], "texture": "#0"}
			}
		}
	]
}