{
	"credit": "Made with Blockbench",
	"textures": {
		"1": "brewinandchewin:block/coaster/youkaishomecoming/higan_soup",
		"2": "brewinandchewin:block/coaster/bowl",
		"particle": "brewinandchewin:block/coaster/bowl"
	},
	"elements": [
		{
			"name": "bowl",
			"from": [5, 0, 5],
			"to": [11, 2, 11],
			"rotation": {"angle": 0, "axis": "y", "origin": [5, 0, 5]},
			"faces": {
				"north": {"uv": [0, 7, 6, 9], "texture": "#2"},
				"east": {"uv": [0, 7, 6, 9], "texture": "#2"},
				"south": {"uv": [0, 7, 6, 9], "texture": "#2"},
				"west": {"uv": [0, 7, 6, 9], "texture": "#2"},
				"up": {"uv": [0, 0, 6, 6], "texture": "#2"},
				"down": {"uv": [0, 10, 6, 16], "texture": "#2"}
			}
		},
		{
			"name": "south",
			"from": [5, 2, 10],
			"to": [11, 7, 10],
			"rotation": {"angle": 45, "axis": "x", "origin": [9, 2, 10]},
			"faces": {
				"north": {"uv": [8, 0, 14, 5], "texture": "#2"},
				"south": {"uv": [14, 0, 8, 5], "texture": "#2"}
			}
		},
		{
			"from": [6, 2, 6],
			"to": [10, 2, 10],
			"rotation": {"angle": 0, "axis": "y", "origin": [6, 0, 6]},
			"faces": {
				"up": {"uv": [0, 0, 4, 4], "texture": "#1"},
				"down": {"uv": [0, 4, 4, 0], "texture": "#1"}
			}
		},
		{
			"name": "north",
			"from": [5, 0, 4.95],
			"to": [11, 5, 4.95],
			"rotation": {"angle": 0, "axis": "x", "origin": [7, 0, 5]},
			"faces": {
				"north": {"uv": [10, 0, 16, 5], "texture": "#1"},
				"south": {"uv": [16, 0, 10, 5], "texture": "#1"}
			}
		},
		{
			"name": "west",
			"from": [4.95, 0, 5],
			"to": [4.95, 2, 11],
			"rotation": {"angle": 0, "axis": "z", "origin": [5, 0, 9]},
			"faces": {
				"east": {"uv": [5, 3, 11, 5], "texture": "#1"},
				"west": {"uv": [11, 3, 5, 5], "texture": "#1"}
			}
		},
		{
			"name": "east",
			"from": [11.05, 0, 5],
			"to": [11.05, 2, 11],
			"rotation": {"angle": 0, "axis": "z", "origin": [11, 0, 7]},
			"faces": {
				"east": {"uv": [11, 1, 5, 3], "rotation": 180, "texture": "#1"},
				"west": {"uv": [5, 1, 11, 3], "rotation": 180, "texture": "#1"}
			}
		},
		{
			"from": [8, 2, 3],
			"to": [8, 8, 13],
			"rotation": {"angle": 0, "axis": "y", "origin": [8, 2, 3]},
			"faces": {
				"east": {"uv": [2, 8, 12, 14], "texture": "#1"},
				"west": {"uv": [2, 8, 12, 14], "texture": "#1"}
			}
		},
		{
			"from": [3, 2, 8],
			"to": [13, 8, 8],
			"rotation": {"angle": 0, "axis": "y", "origin": [8, 5, 8]},
			"faces": {
				"north": {"uv": [2, 8, 12, 14], "texture": "#1"},
				"south": {"uv": [2, 8, 12, 14], "texture": "#1"}
			}
		}
	],
	"groups": [
		{
			"name": "bowl",
			"origin": [8, 8, 8],
			"color": 0,
			"children": [0, 1]
		},
		2,
		3,
		4,
		5,
		6,
		7
	]
}