{
	"credit": "Made with Blockbench",
	"textures": {
		"0": "brewinandchewin:block/coaster/youkaishomecoming/higi_chocolate",
		"particle": "brewinandchewin:block/coaster/youkaishomecoming/higi_chocolate"
	},
	"elements": [
		{
			"from": [4, 0, 5],
			"to": [10, 1.5, 9],
			"rotation": {"angle": 0, "axis": "y", "origin": [4, 0, 5]},
			"faces": {
				"north": {"uv": [13, 10, 7, 12], "texture": "#0"},
				"east": {"uv": [4, 13, 0, 15], "texture": "#0"},
				"south": {"uv": [0, 10, 6, 12], "texture": "#0"},
				"west": {"uv": [9, 13, 5, 15], "texture": "#0"},
				"up": {"uv": [0, 0, 6, 4], "texture": "#0"},
				"down": {"uv": [0, 5, 6, 9], "texture": "#0"}
			}
		}
	]
}