{
	"credit": "Made with Blockbench",
	"textures": {
		"0": "brewinandchewin:block/coaster/youkaishomecoming/ice_cube",
		"particle": "brewinandchewin:block/coaster/youkaishomecoming/ice_cube"
	},
	"elements": [
		{
			"from": [5.5, 0, 5.75],
			"to": [7.5, 2, 7.75],
			"rotation": {"angle": 22.5, "axis": "y", "origin": [6.5, 1, 6.75]},
			"faces": {
				"north": {"uv": [2, 7, 4, 9], "texture": "#0"},
				"east": {"uv": [0, 7, 2, 9], "texture": "#0"},
				"south": {"uv": [0, 7, 2, 9], "rotation": 90, "texture": "#0"},
				"west": {"uv": [2, 7, 4, 9], "rotation": 90, "texture": "#0"},
				"up": {"uv": [2, 3, 4, 5], "rotation": 90, "texture": "#0"},
				"down": {"uv": [0, 9, 2, 11], "texture": "#0"}
			}
		},
		{
			"from": [8.5, 0, 5.5],
			"to": [10.5, 2, 7.5],
			"rotation": {"angle": 0, "axis": "y", "origin": [9.5, 1, 6.5]},
			"faces": {
				"north": {"uv": [1, 6, 3, 8], "texture": "#0"},
				"east": {"uv": [0, 5, 2, 7], "texture": "#0"},
				"south": {"uv": [2, 3, 4, 5], "rotation": 90, "texture": "#0"},
				"west": {"uv": [2, 6, 4, 8], "texture": "#0"},
				"up": {"uv": [1, 3, 3, 5], "rotation": 90, "texture": "#0"},
				"down": {"uv": [0, 7, 2, 9], "rotation": 180, "texture": "#0"}
			}
		},
		{
			"from": [7, -0.5, 7.75],
			"to": [9, 1.5, 9.75],
			"rotation": {"angle": -22.5, "axis": "y", "origin": [7, -0.5, 7.75]},
			"faces": {
				"north": {"uv": [2, 7, 4, 9], "texture": "#0"},
				"east": {"uv": [2, 6, 4, 8], "texture": "#0"},
				"south": {"uv": [1, 3, 3, 5], "rotation": 90, "texture": "#0"},
				"west": {"uv": [0, 6, 2, 8], "texture": "#0"},
				"up": {"uv": [1, 4, 3, 6], "texture": "#0"},
				"down": {"uv": [0, 8, 2, 10], "texture": "#0"}
			}
		},
		{
			"from": [6.75, 2, 6.5],
			"to": [8.75, 4, 8.5],
			"rotation": {"angle": 45, "axis": "y", "origin": [7.75, 3, 7.5]},
			"faces": {
				"north": {"uv": [1, 3, 3, 5], "texture": "#0"},
				"east": {"uv": [0, 5, 2, 7], "texture": "#0"},
				"south": {"uv": [0, 5, 2, 7], "texture": "#0"},
				"west": {"uv": [1, 4, 3, 6], "texture": "#0"},
				"up": {"uv": [2, 4, 4, 6], "texture": "#0"},
				"down": {"uv": [1, 7, 3, 9], "texture": "#0"}
			}
		}
	]
}