{
	"credit": "Made with Blockbench",
	"textures": {
		"0": "brewinandchewin:block/coaster/youkaishomecoming/koishi_mousse",
		"particle": "brewinandchewin:block/coaster/youkaishomecoming/koishi_mousse"
	},
	"elements": [
		{
			"name": "main",
			"from": [6, -0.05, 5],
			"to": [10, 2.95, 9],
			"rotation": {"angle": 0, "axis": "y", "origin": [8, 2.25, 7]},
			"faces": {
				"north": {"uv": [1, 1, 5, 5], "texture": "#0"},
				"east": {"uv": [1, 1, 5, 5], "texture": "#0"},
				"south": {"uv": [1, 1, 5, 5], "texture": "#0"},
				"west": {"uv": [1, 1, 5, 5], "texture": "#0"},
				"up": {"uv": [1, 1, 5, 5], "texture": "#0"},
				"down": {"uv": [1, 1, 5, 5], "texture": "#0"}
			}
		},
		{
			"from": [5, -0.05, 5],
			"to": [6, 2.95, 9],
			"rotation": {"angle": 0, "axis": "y", "origin": [8, 2.25, 7]},
			"faces": {
				"north": {"uv": [5, 1, 6, 5], "texture": "#0"},
				"east": {"uv": [1, 1, 5, 5], "texture": "#0"},
				"south": {"uv": [0, 1, 1, 5], "texture": "#0"},
				"west": {"uv": [1, 1, 5, 5], "texture": "#0"},
				"up": {"uv": [1, 0, 5, 1], "rotation": 90, "texture": "#0"},
				"down": {"uv": [1, 5, 5, 6], "rotation": 270, "texture": "#0"}
			}
		},
		{
			"from": [10, -0.05, 5],
			"to": [11, 2.95, 9],
			"rotation": {"angle": 0, "axis": "y", "origin": [8, 2.25, 7]},
			"faces": {
				"north": {"uv": [0, 1, 1, 5], "texture": "#0"},
				"east": {"uv": [1, 1, 5, 5], "texture": "#0"},
				"south": {"uv": [5, 1, 6, 5], "texture": "#0"},
				"west": {"uv": [1, 1, 5, 5], "texture": "#0"},
				"up": {"uv": [1, 0, 5, 1], "rotation": 90, "texture": "#0"},
				"down": {"uv": [1, 5, 5, 6], "rotation": 90, "texture": "#0"}
			}
		},
		{
			"from": [6, -0.05, 4],
			"to": [10, 2.95, 5],
			"rotation": {"angle": 0, "axis": "y", "origin": [8, 2.25, 7]},
			"faces": {
				"north": {"uv": [1, 1, 5, 5], "texture": "#0"},
				"east": {"uv": [5, 1, 6, 5], "texture": "#0"},
				"south": {"uv": [1, 1, 5, 5], "texture": "#0"},
				"west": {"uv": [0, 1, 1, 5], "texture": "#0"},
				"up": {"uv": [1, 0, 5, 1], "rotation": 180, "texture": "#0"},
				"down": {"uv": [1, 5, 5, 6], "rotation": 180, "texture": "#0"}
			}
		},
		{
			"from": [6, -0.05, 9],
			"to": [10, 2.95, 10],
			"rotation": {"angle": 0, "axis": "y", "origin": [8, 2.25, 7]},
			"faces": {
				"north": {"uv": [1, 1, 5, 5], "texture": "#0"},
				"east": {"uv": [0, 1, 1, 5], "texture": "#0"},
				"south": {"uv": [1, 1, 5, 5], "texture": "#0"},
				"west": {"uv": [5, 1, 6, 5], "texture": "#0"},
				"up": {"uv": [1, 0, 5, 1], "rotation": 180, "texture": "#0"},
				"down": {"uv": [1, 5, 5, 6], "texture": "#0"}
			}
		},
		{
			"from": [6, 2.95, 5],
			"to": [10, 3.95, 9],
			"rotation": {"angle": 0, "axis": "y", "origin": [8, 2.25, 7]},
			"faces": {
				"north": {"uv": [1, 5, 5, 6], "texture": "#0"},
				"east": {"uv": [0, 1, 1, 5], "rotation": 270, "texture": "#0"},
				"south": {"uv": [1, 0, 5, 1], "rotation": 180, "texture": "#0"},
				"west": {"uv": [5, 1, 6, 5], "rotation": 90, "texture": "#0"},
				"up": {"uv": [1, 1, 5, 5], "rotation": 180, "texture": "#0"},
				"down": {"uv": [1, 2, 5, 6], "texture": "#0"}
			}
		},
		{
			"from": [4.95, 1, 3.95],
			"to": [11.05, 2, 10.05],
			"rotation": {"angle": 0, "axis": "y", "origin": [7.05899, 2.25, 6.91725]},
			"faces": {
				"north": {"uv": [8, 4, 14, 5], "texture": "#0"},
				"east": {"uv": [8, 4, 14, 5], "texture": "#0"},
				"south": {"uv": [8, 4, 14, 5], "texture": "#0"},
				"west": {"uv": [8, 4, 14, 5], "texture": "#0"}
			}
		},
		{
			"from": [5.95, 1, 3.95],
			"to": [4.95, 2, 4.95],
			"rotation": {"angle": 0, "axis": "y", "origin": [7.05899, 2.25, 6.91725]},
			"faces": {
				"south": {"uv": [13, 3, 14, 4], "texture": "#0"},
				"west": {"uv": [8, 3, 9, 4], "texture": "#0"}
			}
		},
		{
			"from": [5.95, 1, 9.05],
			"to": [4.95, 2, 10.05],
			"rotation": {"angle": 0, "axis": "y", "origin": [7.05899, 2.25, 6.91725]},
			"faces": {
				"north": {"uv": [8, 3, 9, 4], "texture": "#0"},
				"west": {"uv": [13, 3, 14, 4], "texture": "#0"}
			}
		},
		{
			"from": [11.05, 1, 9.05],
			"to": [10.05, 2, 10.05],
			"rotation": {"angle": 0, "axis": "y", "origin": [7.05899, 2.25, 6.91725]},
			"faces": {
				"north": {"uv": [13, 3, 14, 4], "texture": "#0"},
				"east": {"uv": [8, 3, 9, 4], "texture": "#0"}
			}
		},
		{
			"from": [11.05, 1, 3.95],
			"to": [10.05, 2, 4.95],
			"rotation": {"angle": 0, "axis": "y", "origin": [7.05899, 2.25, 6.91725]},
			"faces": {
				"east": {"uv": [13, 3, 14, 4], "texture": "#0"},
				"south": {"uv": [8, 3, 9, 4], "texture": "#0"}
			}
		},
		{
			"from": [2.23407, 0, 8.01261],
			"to": [5.23407, 2, 8.01261],
			"rotation": {"angle": -22.5, "axis": "y", "origin": [7.05899, 2.25, 6.91725]},
			"faces": {
				"north": {"uv": [10, 11, 13, 13], "texture": "#0"},
				"south": {"uv": [13, 11, 10, 13], "texture": "#0"}
			}
		},
		{
			"from": [4.03124, 1, 3.64187],
			"to": [8.03124, 6, 3.64187],
			"rotation": {"angle": 22.5, "axis": "y", "origin": [7.05899, 2.25, 6.91725]},
			"faces": {
				"north": {"uv": [10, 6, 14, 11], "texture": "#0"},
				"south": {"uv": [14, 6, 10, 11], "texture": "#0"}
			}
		},
		{
			"from": [4, 0, 3],
			"to": [12, 1, 11],
			"rotation": {"angle": 0, "axis": "y", "origin": [8, 0.5, 7]},
			"faces": {
				"north": {"uv": [8, 14, 16, 15], "texture": "#0"},
				"east": {"uv": [8, 14, 16, 15], "texture": "#0"},
				"south": {"uv": [8, 14, 16, 15], "texture": "#0"},
				"west": {"uv": [8, 14, 16, 15], "texture": "#0"},
				"up": {"uv": [0, 8, 8, 16], "texture": "#0"},
				"down": {"uv": [0, 8, 8, 16], "texture": "#0"}
			}
		},
		{
			"from": [6, 0, 3],
			"to": [4, 1, 4],
			"rotation": {"angle": 0, "axis": "y", "origin": [8, 0.5, 7]},
			"faces": {
				"south": {"uv": [14, 15, 16, 16], "texture": "#0"},
				"west": {"uv": [8, 15, 9, 16], "texture": "#0"}
			}
		},
		{
			"from": [11, 0, 5],
			"to": [12, 1, 3],
			"rotation": {"angle": 0, "axis": "y", "origin": [8, 0.5, 7]},
			"faces": {
				"north": {"uv": [8, 15, 9, 16], "texture": "#0"},
				"west": {"uv": [14, 15, 16, 16], "texture": "#0"}
			}
		},
		{
			"from": [12, 0, 10],
			"to": [10, 1, 11],
			"rotation": {"angle": 0, "axis": "y", "origin": [8, 0.5, 7]},
			"faces": {
				"north": {"uv": [14, 15, 16, 16], "texture": "#0"},
				"east": {"uv": [8, 15, 9, 16], "texture": "#0"}
			}
		},
		{
			"from": [4, 0, 11],
			"to": [5, 1, 9],
			"rotation": {"angle": 0, "axis": "y", "origin": [8, 0.5, 7]},
			"faces": {
				"east": {"uv": [14, 15, 16, 16], "texture": "#0"},
				"south": {"uv": [8, 15, 9, 16], "texture": "#0"}
			}
		}
	],
	"groups": [
		{
			"name": "main",
			"origin": [4, 0, 3],
			"color": 0,
			"children": [0, 1, 2, 3, 4, 5]
		},
		{
			"name": "butterfly",
			"origin": [8, 8, 8],
			"color": 0,
			"children": [6, 7, 8, 9, 10, 11, 12]
		},
		{
			"name": "bottom",
			"origin": [8, 8, 8],
			"color": 0,
			"children": [13, 14, 15, 16, 17]
		}
	]
}