{
	"credit": "Made with Blockbench",
	"textures": {
		"0": "brewinandchewin:block/coaster/youkaishomecoming/lions_head",
		"particle": "brewinandchewin:block/coaster/youkaishomecoming/lions_head"
	},
	"elements": [
		{
			"from": [5, 0, 5],
			"to": [8, 3, 8],
			"rotation": {"angle": -22.5, "axis": "y", "origin": [6.5, 1.5, 6.5]},
			"faces": {
				"north": {"uv": [6, 1, 9, 4], "texture": "#0"},
				"east": {"uv": [5, 1, 8, 4], "texture": "#0"},
				"south": {"uv": [6, 0, 9, 3], "texture": "#0"},
				"west": {"uv": [5, 1, 8, 4], "texture": "#0"},
				"up": {"uv": [5, 0, 8, 3], "texture": "#0"},
				"down": {"uv": [1, 5, 4, 8], "texture": "#0"}
			}
		},
		{
			"from": [8.75, 0, 4.75],
			"to": [11.75, 3, 7.75],
			"rotation": {"angle": 22.5, "axis": "y", "origin": [10.25, 1.5, 6.25]},
			"faces": {
				"north": {"uv": [5, 1, 8, 4], "texture": "#0"},
				"east": {"uv": [5, 0, 8, 3], "texture": "#0"},
				"south": {"uv": [6, 1, 9, 4], "texture": "#0"},
				"west": {"uv": [6, 1, 9, 4], "rotation": 90, "texture": "#0"},
				"up": {"uv": [5, 0, 8, 3], "rotation": 180, "texture": "#0"},
				"down": {"uv": [1, 5, 4, 8], "texture": "#0"}
			}
		},
		{
			"from": [8, 0, 8.5],
			"to": [11, 3, 11.5],
			"rotation": {"angle": -22.5, "axis": "y", "origin": [9.5, 1.5, 10]},
			"faces": {
				"north": {"uv": [5, 1, 8, 4], "texture": "#0"},
				"east": {"uv": [6, 0, 9, 3], "rotation": 90, "texture": "#0"},
				"south": {"uv": [6, 1, 9, 4], "texture": "#0"},
				"west": {"uv": [5, 1, 8, 4], "texture": "#0"},
				"up": {"uv": [5, 1, 8, 4], "texture": "#0"},
				"down": {"uv": [1, 5, 4, 8], "texture": "#0"}
			}
		},
		{
			"from": [4.25, 0, 8.5],
			"to": [7.25, 3, 11.5],
			"rotation": {"angle": -45, "axis": "y", "origin": [5.75, 1.5, 10]},
			"faces": {
				"north": {"uv": [6, 1, 9, 4], "texture": "#0"},
				"east": {"uv": [5, 1, 8, 4], "texture": "#0"},
				"south": {"uv": [6, 0, 9, 3], "texture": "#0"},
				"west": {"uv": [5, 1, 8, 4], "texture": "#0"},
				"up": {"uv": [5, 0, 8, 3], "rotation": 90, "texture": "#0"},
				"down": {"uv": [1, 5, 4, 8], "texture": "#0"}
			}
		},
		{
			"name": "leaf",
			"from": [5, 0.01, 5],
			"to": [12, 0.01, 12],
			"rotation": {"angle": 0, "axis": "y", "origin": [-1, 0, -1]},
			"faces": {
				"up": {"uv": [9, 9, 16, 16], "texture": "#0"},
				"down": {"uv": [9, 16, 16, 9], "texture": "#0"}
			}
		}
	]
}