{
	"credit": "Made with Blockbench",
	"textures": {
		"1": "brewinandchewin:block/coaster/youkaishomecoming/longevity_noodles",
		"2": "brewinandchewin:block/coaster/bowl",
		"particle": "brewinandchewin:block/coaster/bowl"
	},
	"elements": [
		{
			"name": "bowl",
			"from": [5, 0, 5],
			"to": [11, 2, 11],
			"rotation": {"angle": 0, "axis": "y", "origin": [5, 0, 5]},
			"faces": {
				"north": {"uv": [0, 7, 6, 9], "texture": "#2"},
				"east": {"uv": [0, 7, 6, 9], "texture": "#2"},
				"south": {"uv": [0, 7, 6, 9], "texture": "#2"},
				"west": {"uv": [0, 7, 6, 9], "texture": "#2"},
				"up": {"uv": [0, 0, 6, 6], "texture": "#2"},
				"down": {"uv": [0, 10, 6, 16], "texture": "#2"}
			}
		},
		{
			"name": "south",
			"from": [5, 2, 10],
			"to": [11, 7, 10],
			"rotation": {"angle": 45, "axis": "x", "origin": [9, 2, 10]},
			"faces": {
				"north": {"uv": [8, 0, 14, 5], "texture": "#2"},
				"south": {"uv": [14, 0, 8, 5], "texture": "#2"}
			}
		},
		{
			"from": [6, 2, 6],
			"to": [10, 3, 10],
			"rotation": {"angle": 0, "axis": "y", "origin": [6, 2, 6]},
			"faces": {
				"north": {"uv": [4, 3, 0, 4], "texture": "#1"},
				"east": {"uv": [3, 0, 4, 4], "rotation": 90, "texture": "#1"},
				"south": {"uv": [0, 0, 4, 1], "texture": "#1"},
				"west": {"uv": [0, 0, 1, 4], "rotation": 90, "texture": "#1"},
				"up": {"uv": [0, 0, 4, 4], "texture": "#1"},
				"down": {"uv": [0, 4, 4, 0], "texture": "#1"}
			}
		},
		{
			"name": "west",
			"from": [6, 2, 5],
			"to": [6, 7, 11],
			"rotation": {"angle": 45, "axis": "z", "origin": [6, 2, 9]},
			"faces": {
				"east": {"uv": [10, 0, 16, 5], "texture": "#1"},
				"west": {"uv": [16, 0, 10, 5], "texture": "#1"}
			}
		},
		{
			"name": "east",
			"from": [9, 1, 5],
			"to": [14, 1, 11],
			"rotation": {"angle": 45, "axis": "z", "origin": [9, 1, 7]},
			"faces": {
				"up": {"uv": [9, 6, 15, 11], "rotation": 90, "texture": "#1"},
				"down": {"uv": [15, 6, 9, 11], "rotation": 90, "texture": "#1"}
			}
		},
		{
			"from": [6, 2.05, 5],
			"to": [10, 2.05, 6],
			"rotation": {"angle": 0, "axis": "y", "origin": [6, 2, 5]},
			"faces": {
				"up": {"uv": [0, 7, 4, 8], "texture": "#1"},
				"down": {"uv": [0, 7, 4, 8], "texture": "#1"}
			}
		},
		{
			"from": [6, 0.05, 4.95],
			"to": [10, 2.05, 4.95],
			"rotation": {"angle": 0, "axis": "x", "origin": [6, 2, 4.75]},
			"faces": {
				"north": {"uv": [4, 7, 0, 5], "texture": "#1"},
				"south": {"uv": [0, 7, 4, 5], "rotation": 180, "texture": "#1"}
			}
		}
	],
	"groups": [
		{
			"name": "bowl",
			"origin": [8, 8, 8],
			"color": 0,
			"children": [0, 1]
		},
		2,
		3,
		4,
		5,
		6
	]
}