{
	"credit": "Made with Blockbench",
	"textures": {
		"particle": "brewinandchewin:block/coaster/youkaishomecoming/mandrake_root"
	},
	"elements": [
		{
			"from": [5, 0, 6.5],
			"to": [11, 3, 9.5],
			"rotation": {"angle": 0, "axis": "y", "origin": [5, 0, 6.5]},
			"faces": {
				"north": {"uv": [0, 3, 6, 6], "texture": "#particle"},
				"east": {"uv": [0, 9, 3, 12], "texture": "#particle"},
				"south": {"uv": [6, 3, 0, 6], "texture": "#particle"},
				"west": {"uv": [3, 9, 6, 12], "texture": "#particle"},
				"up": {"uv": [6, 0, 0, 3], "texture": "#particle"},
				"down": {"uv": [0, 6, 6, 9], "texture": "#particle"}
			}
		},
		{
			"from": [2, 1.5, 4.5],
			"to": [9, 1.5, 11.5],
			"rotation": {"angle": 22.5, "axis": "z", "origin": [5.5, 1.5, 9]},
			"faces": {
				"up": {"uv": [9, 0, 16, 7], "texture": "#particle"},
				"down": {"uv": [9, 0, 16, 7], "texture": "#particle"}
			}
		},
		{
			"from": [11, 1.5, 3.5],
			"to": [18, 1.5, 12.5],
			"rotation": {"angle": 22.5, "axis": "z", "origin": [11, 1.5, 3.5]},
			"faces": {
				"up": {"uv": [9, 7, 16, 16], "texture": "#particle"},
				"down": {"uv": [9, 7, 16, 16], "texture": "#particle"}
			}
		}
	]
}