{
	"credit": "Made with Blockbench",
	"textures": {
		"0": "brewinandchewin:block/coaster/youkaishomecoming/mantou",
		"particle": "brewinandchewin:block/coaster/youkaishomecoming/mantou"
	},
	"elements": [
		{
			"from": [5, 0, 5],
			"to": [10, 4, 11],
			"rotation": {"angle": 0, "axis": "y", "origin": [6.5, 2.5, 8]},
			"faces": {
				"north": {"uv": [7, 5, 12, 9], "texture": "#0"},
				"east": {"uv": [6, 0, 12, 4], "texture": "#0"},
				"south": {"uv": [0, 0, 5, 4], "texture": "#0"},
				"west": {"uv": [0, 5, 6, 9], "texture": "#0"},
				"up": {"uv": [7, 10, 12, 16], "texture": "#0"},
				"down": {"uv": [0, 10, 5, 16], "texture": "#0"}
			}
		}
	]
}