{
	"credit": "Made with Blockbench",
	"textures": {
		"0": "brewinandchewin:block/coaster/goblet",
		"1": "brewinandchewin:block/coaster/youkaishomecoming/mead",
		"particle": "brewinandchewin:block/coaster/goblet"
	},
	"elements": [
		{
			"from": [5.5, 2, 5.5],
			"to": [10.5, 6, 10.5],
			"rotation": {"angle": 0, "axis": "y", "origin": [5.5, 2, 5.5]},
			"faces": {
				"north": {"uv": [0, 6, 5, 10], "texture": "#0"},
				"east": {"uv": [0, 6, 5, 10], "texture": "#0"},
				"south": {"uv": [0, 6, 5, 10], "texture": "#0"},
				"west": {"uv": [0, 6, 5, 10], "texture": "#0"},
				"up": {"uv": [0, 0, 5, 5], "texture": "#0"},
				"down": {"uv": [0, 11, 5, 16], "texture": "#0"}
			}
		},
		{
			"from": [7, 1, 7],
			"to": [9, 2, 9],
			"rotation": {"angle": 0, "axis": "y", "origin": [7, 0, 7]},
			"faces": {
				"north": {"uv": [6, 0, 8, 1], "texture": "#0"},
				"east": {"uv": [6, 0, 8, 1], "texture": "#0"},
				"south": {"uv": [6, 0, 8, 1], "texture": "#0"},
				"west": {"uv": [6, 0, 8, 1], "texture": "#0"},
				"up": {"uv": [6, 2, 8, 4], "texture": "#0"},
				"down": {"uv": [6, 2, 8, 4], "texture": "#0"}
			}
		},
		{
			"from": [6.5, 0, 6.5],
			"to": [9.5, 1, 9.5],
			"rotation": {"angle": 0, "axis": "y", "origin": [7.5, 0, 7.5]},
			"faces": {
				"north": {"uv": [9, 9, 6, 10], "texture": "#0"},
				"east": {"uv": [6, 9, 9, 10], "texture": "#0"},
				"south": {"uv": [9, 9, 6, 10], "texture": "#0"},
				"west": {"uv": [6, 9, 9, 10], "texture": "#0"},
				"up": {"uv": [6, 5, 9, 8], "texture": "#0"},
				"down": {"uv": [6, 5, 9, 8], "texture": "#0"}
			}
		},
		{
			"from": [6, 2.5, 6],
			"to": [10, 5.5, 10],
			"faces": {
				"north": {"uv": [0, 5, 4, 8], "texture": "#1"},
				"east": {"uv": [0, 5, 4, 8], "texture": "#1"},
				"south": {"uv": [0, 5, 4, 8], "texture": "#1"},
				"west": {"uv": [0, 5, 4, 8], "texture": "#1"},
				"up": {"uv": [0, 0, 4, 4], "texture": "#1"},
				"down": {"uv": [0, 9, 4, 13], "texture": "#1"}
			}
		},
		{
			"from": [4, 5.25, 8],
			"to": [7, 7.5, 8],
			"rotation": {"angle": 0, "axis": "y", "origin": [4, 5.25, 8]},
			"faces": {
				"north": {"uv": [6, 0, 10, 3], "texture": "#1"},
				"south": {"uv": [10, 0, 6, 3], "texture": "#1"}
			}
		}
	],
	"groups": [
		{
			"name": "goblet",
			"origin": [7.5, 0, 7.5],
			"color": 0,
			"children": [0, 1, 2]
		},
		3,
		4
	]
}