{
	"credit": "Made with Blockbench",
	"textures": {
		"0": "brewinandchewin:block/coaster/youkaishomecoming/mitarashi_dango",
		"particle": "brewinandchewin:block/coaster/youkaishomecoming/mitarashi_dango"
	},
	"elements": [
		{
			"name": "stick",
			"from": [1, 1, 7.5],
			"to": [15, 2, 8.5],
			"rotation": {"angle": 0, "axis": "z", "origin": [8, 1.5, 8]},
			"faces": {
				"north": {"uv": [0, 0, 14, 1], "rotation": 180, "texture": "#0"},
				"east": {"uv": [13, 0, 14, 1], "texture": "#0"},
				"south": {"uv": [0, 0, 14, 1], "texture": "#0"},
				"west": {"uv": [0, 0, 1, 1], "texture": "#0"},
				"up": {"uv": [0, 0, 14, 1], "texture": "#0"},
				"down": {"uv": [0, 0, 14, 1], "texture": "#0"}
			}
		},
		{
			"from": [1.25, 0, 6.5],
			"to": [4.25, 3, 9.5],
			"rotation": {"angle": 0, "axis": "y", "origin": [2.75, 1.5, 8]},
			"faces": {
				"north": {"uv": [4, 1, 8, 5], "texture": "#0"},
				"east": {"uv": [4, 1, 8, 5], "texture": "#0"},
				"south": {"uv": [4, 1, 8, 5], "texture": "#0"},
				"west": {"uv": [4, 1, 8, 5], "texture": "#0"},
				"up": {"uv": [0, 1, 4, 5], "texture": "#0"},
				"down": {"uv": [0, 5, 4, 9], "texture": "#0"}
			}
		},
		{
			"from": [4.5, 0, 6.5],
			"to": [7.5, 3, 9.5],
			"rotation": {"angle": 45, "axis": "x", "origin": [6, 1.5, 8]},
			"faces": {
				"north": {"uv": [12, 1, 16, 5], "texture": "#0"},
				"east": {"uv": [4, 1, 8, 5], "texture": "#0"},
				"south": {"uv": [4, 1, 8, 5], "texture": "#0"},
				"west": {"uv": [4, 1, 8, 5], "texture": "#0"},
				"up": {"uv": [8, 1, 12, 5], "texture": "#0"},
				"down": {"uv": [4, 5, 8, 1], "texture": "#0"}
			}
		},
		{
			"from": [7.75, 0, 6.5],
			"to": [10.75, 3, 9.5],
			"rotation": {"angle": 22.5, "axis": "x", "origin": [9.25, 1.5, 8]},
			"faces": {
				"north": {"uv": [12, 5, 16, 9], "texture": "#0"},
				"east": {"uv": [4, 1, 8, 5], "texture": "#0"},
				"south": {"uv": [4, 1, 8, 5], "texture": "#0"},
				"west": {"uv": [4, 1, 8, 5], "texture": "#0"},
				"up": {"uv": [8, 5, 12, 9], "texture": "#0"},
				"down": {"uv": [0, 5, 4, 9], "texture": "#0"}
			}
		}
	]
}