{
	"credit": "Made with Blockbench",
	"textures": {
		"1": "brewinandchewin:block/coaster/youkaishomecoming/mushroom_soup",
		"2": "brewinandchewin:block/coaster/bowl",
		"particle": "brewinandchewin:block/coaster/bowl"
	},
	"elements": [
		{
			"name": "bowl",
			"from": [5, 0, 5],
			"to": [11, 2, 11],
			"rotation": {"angle": 0, "axis": "y", "origin": [5, 0, 5]},
			"faces": {
				"north": {"uv": [0, 7, 6, 9], "texture": "#2"},
				"east": {"uv": [0, 7, 6, 9], "texture": "#2"},
				"south": {"uv": [0, 7, 6, 9], "texture": "#2"},
				"west": {"uv": [0, 7, 6, 9], "texture": "#2"},
				"up": {"uv": [0, 0, 6, 6], "texture": "#2"},
				"down": {"uv": [0, 10, 6, 16], "texture": "#2"}
			}
		},
		{
			"name": "south",
			"from": [5, 2, 10],
			"to": [11, 7, 10],
			"rotation": {"angle": 45, "axis": "x", "origin": [9, 2, 10]},
			"faces": {
				"north": {"uv": [8, 0, 14, 5], "texture": "#2"},
				"south": {"uv": [14, 0, 8, 5], "texture": "#2"}
			}
		},
		{
			"from": [6, 2, 6],
			"to": [10, 2, 10],
			"rotation": {"angle": 0, "axis": "y", "origin": [6, 0, 6]},
			"faces": {
				"up": {"uv": [1, 1, 5, 5], "rotation": 90, "texture": "#1"},
				"down": {"uv": [1, 5, 5, 1], "texture": "#1"}
			}
		},
		{
			"name": "west",
			"from": [4.95, 1, 5],
			"to": [4.95, 2, 11],
			"rotation": {"angle": 0, "axis": "z", "origin": [5, 1, 7]},
			"faces": {
				"east": {"uv": [15, 5, 9, 6], "texture": "#1"},
				"west": {"uv": [9, 5, 15, 6], "texture": "#1"}
			}
		},
		{
			"name": "east",
			"from": [8.5, 0.5, 5],
			"to": [13.5, 0.5, 11],
			"rotation": {"angle": 45, "axis": "z", "origin": [8.5, 0.5, 7]},
			"faces": {
				"up": {"uv": [1, 8, 7, 13], "rotation": 90, "texture": "#1"},
				"down": {"uv": [7, 8, 1, 13], "rotation": 90, "texture": "#1"}
			}
		},
		{
			"name": "west",
			"from": [5, 2.05, 5],
			"to": [10, 2.05, 11],
			"rotation": {"angle": 0, "axis": "z", "origin": [7.95, 2.5, 8]},
			"faces": {
				"up": {"uv": [9, 0, 15, 5], "rotation": 90, "texture": "#1"},
				"down": {"uv": [15, 0, 9, 5], "rotation": 90, "texture": "#1"}
			}
		}
	],
	"groups": [
		{
			"name": "bowl",
			"origin": [8, 8, 8],
			"color": 0,
			"children": [0, 1]
		},
		2,
		3,
		4,
		5
	]
}