{
	"credit": "Made with Blockbench",
	"textures": {
		"0": "brewinandchewin:block/coaster/youkaishomecoming/oily_bean_curd",
		"particle": "brewinandchewin:block/coaster/youkaishomecoming/oily_bean_curd"
	},
	"elements": [
		{
			"from": [6, 0, 6],
			"to": [11, 3, 11],
			"rotation": {"angle": 0, "axis": "y", "origin": [8, 1.5, 9]},
			"faces": {
				"north": {"uv": [0, 5, 5, 8], "texture": "#0"},
				"east": {"uv": [0, 8, 5, 11], "texture": "#0"},
				"south": {"uv": [0, 5, 5, 8], "texture": "#0"},
				"west": {"uv": [5, 5, 10, 8], "texture": "#0"},
				"up": {"uv": [0, 0, 5, 5], "texture": "#0"},
				"down": {"uv": [5, 0, 10, 5], "texture": "#0"}
			}
		}
	]
}