{
	"credit": "Made with Blockbench",
	"textures": {
		"0": "brewinandchewin:block/coaster/youkaishomecoming/oyaki",
		"particle": "brewinandchewin:block/coaster/youkaishomecoming/oyaki"
	},
	"elements": [
		{
			"from": [3.25, 0, 3.75],
			"to": [8.25, 2, 8.75],
			"rotation": {"angle": 22.5, "axis": "y", "origin": [5.75, 1.575, 6.25]},
			"faces": {
				"north": {"uv": [5, 3, 10, 5], "texture": "#0"},
				"east": {"uv": [5, 3, 10, 5], "texture": "#0"},
				"south": {"uv": [5, 3, 10, 5], "texture": "#0"},
				"west": {"uv": [5, 3, 10, 5], "texture": "#0"},
				"up": {"uv": [0, 0, 5, 5], "texture": "#0"},
				"down": {"uv": [0, 5, 5, 10], "texture": "#0"}
			}
		},
		{
			"from": [4.25, 2, 4.75],
			"to": [7.25, 2.3, 7.75],
			"rotation": {"angle": 22.5, "axis": "y", "origin": [5.75, 1.575, 6.25]},
			"faces": {
				"north": {"uv": [6, 3, 9, 4], "texture": "#0"},
				"east": {"uv": [6, 3, 9, 4], "texture": "#0"},
				"south": {"uv": [6, 3, 9, 4], "texture": "#0"},
				"west": {"uv": [6, 3, 9, 4], "texture": "#0"},
				"up": {"uv": [1, 1, 4, 4], "texture": "#0"},
				"down": {"uv": [1, 6, 4, 9], "texture": "#0"}
			}
		},
		{
			"from": [8, 0, 8],
			"to": [13, 2, 13],
			"rotation": {"angle": -22.5, "axis": "y", "origin": [10.5, 1.575, 10.5]},
			"faces": {
				"north": {"uv": [5, 3, 10, 5], "texture": "#0"},
				"east": {"uv": [5, 3, 10, 5], "texture": "#0"},
				"south": {"uv": [5, 3, 10, 5], "texture": "#0"},
				"west": {"uv": [5, 3, 10, 5], "texture": "#0"},
				"up": {"uv": [0, 0, 5, 5], "texture": "#0"},
				"down": {"uv": [0, 5, 5, 10], "texture": "#0"}
			}
		},
		{
			"from": [9, 2, 9],
			"to": [12, 2.3, 12],
			"rotation": {"angle": -22.5, "axis": "y", "origin": [10.5, 1.575, 10.5]},
			"faces": {
				"north": {"uv": [6, 3, 9, 4], "texture": "#0"},
				"east": {"uv": [6, 3, 9, 4], "texture": "#0"},
				"south": {"uv": [6, 3, 9, 4], "texture": "#0"},
				"west": {"uv": [6, 3, 9, 4], "texture": "#0"},
				"up": {"uv": [1, 1, 4, 4], "texture": "#0"},
				"down": {"uv": [1, 6, 4, 9], "texture": "#0"}
			}
		},
		{
			"name": "leaf",
			"from": [5, 0.01, 5],
			"to": [12, 0.01, 12],
			"rotation": {"angle": 0, "axis": "y", "origin": [-1, 0, -1]},
			"faces": {
				"up": {"uv": [9, 9, 16, 16], "texture": "#0"},
				"down": {"uv": [9, 16, 16, 9], "texture": "#0"}
			}
		}
	],
	"groups": [
		{
			"name": "group",
			"origin": [8, 8, 8],
			"color": 0,
			"children": [0, 1]
		},
		{
			"name": "group",
			"origin": [8, 8, 8],
			"color": 0,
			"children": [2, 3]
		},
		4
	]
}