{
	"credit": "Made with Blockbench",
	"textures": {
		"0": "brewinandchewin:block/coaster/youkaishomecoming/peach_yatsuhashi",
		"particle": "brewinandchewin:block/coaster/youkaishomecoming/peach_yatsuhashi"
	},
	"elements": [
		{
			"from": [5, 0, 4],
			"to": [6, 1, 10],
			"rotation": {"angle": 0, "axis": "y", "origin": [8, 0.5, 8.25]},
			"faces": {
				"north": {"uv": [5, 5, 6, 6], "texture": "#0"},
				"east": {"uv": [0, 0, 6, 1], "rotation": 180, "texture": "#0"},
				"south": {"uv": [5, 0, 6, 1], "texture": "#0"},
				"west": {"uv": [0, 0, 6, 1], "texture": "#0"},
				"up": {"uv": [5, 6, 6, 0], "texture": "#0"},
				"down": {"uv": [5, 0, 6, 6], "texture": "#0"}
			}
		},
		{
			"from": [6, 0, 5],
			"to": [7, 1, 10],
			"rotation": {"angle": 0, "axis": "y", "origin": [8, 0.5, 8.25]},
			"faces": {
				"north": {"uv": [4, 4, 5, 5], "texture": "#0"},
				"east": {"uv": [4, 0, 5, 5], "rotation": 270, "texture": "#0"},
				"south": {"uv": [4, 0, 5, 1], "texture": "#0"},
				"west": {"uv": [4, 0, 5, 5], "rotation": 90, "texture": "#0"},
				"up": {"uv": [4, 5, 5, 0], "texture": "#0"},
				"down": {"uv": [4, 0, 5, 5], "texture": "#0"}
			}
		},
		{
			"from": [7, 0, 6],
			"to": [8, 1, 10],
			"rotation": {"angle": 0, "axis": "y", "origin": [8, 0.5, 8.25]},
			"faces": {
				"north": {"uv": [3, 3, 4, 4], "texture": "#0"},
				"east": {"uv": [3, 0, 4, 4], "rotation": 270, "texture": "#0"},
				"south": {"uv": [3, 0, 4, 1], "texture": "#0"},
				"west": {"uv": [3, 0, 4, 4], "rotation": 90, "texture": "#0"},
				"up": {"uv": [3, 4, 4, 0], "texture": "#0"},
				"down": {"uv": [3, 0, 4, 4], "texture": "#0"}
			}
		},
		{
			"from": [8, 0, 7],
			"to": [9, 1, 10],
			"rotation": {"angle": 0, "axis": "y", "origin": [8, 0.5, 8.25]},
			"faces": {
				"north": {"uv": [2, 2, 3, 3], "texture": "#0"},
				"east": {"uv": [2, 0, 3, 3], "rotation": 270, "texture": "#0"},
				"south": {"uv": [2, 0, 3, 1], "texture": "#0"},
				"west": {"uv": [2, 0, 3, 3], "rotation": 90, "texture": "#0"},
				"up": {"uv": [2, 3, 3, 0], "texture": "#0"},
				"down": {"uv": [2, 0, 3, 3], "texture": "#0"}
			}
		},
		{
			"from": [9, 0, 8],
			"to": [10, 1, 10],
			"rotation": {"angle": 0, "axis": "y", "origin": [8, 0.5, 8.25]},
			"faces": {
				"north": {"uv": [1, 1, 2, 2], "texture": "#0"},
				"east": {"uv": [1, 0, 2, 2], "rotation": 270, "texture": "#0"},
				"south": {"uv": [1, 0, 2, 1], "texture": "#0"},
				"west": {"uv": [1, 0, 2, 2], "rotation": 90, "texture": "#0"},
				"up": {"uv": [1, 2, 2, 0], "texture": "#0"},
				"down": {"uv": [1, 0, 2, 2], "texture": "#0"}
			}
		},
		{
			"from": [10, 0, 9],
			"to": [11, 1, 10],
			"rotation": {"angle": 0, "axis": "y", "origin": [8, 0.5, 8.25]},
			"faces": {
				"north": {"uv": [0, 0, 1, 1], "texture": "#0"},
				"east": {"uv": [0, 0, 1, 1], "texture": "#0"},
				"south": {"uv": [0, 0, 1, 1], "texture": "#0"},
				"west": {"uv": [0, 0, 1, 1], "texture": "#0"},
				"up": {"uv": [0, 0, 1, 1], "texture": "#0"},
				"down": {"uv": [0, 0, 1, 1], "texture": "#0"}
			}
		},
		{
			"from": [6, 1, 7],
			"to": [8, 1.3, 9],
			"rotation": {"angle": 0, "axis": "y", "origin": [7, 1.15, 8]},
			"faces": {
				"north": {"uv": [12, 4, 16, 5], "texture": "#0"},
				"east": {"uv": [12, 1, 13, 5], "rotation": 270, "texture": "#0"},
				"south": {"uv": [12, 1, 16, 2], "rotation": 180, "texture": "#0"},
				"west": {"uv": [15, 1, 16, 5], "rotation": 90, "texture": "#0"},
				"up": {"uv": [16, 5, 12, 1], "texture": "#0"},
				"down": {"uv": [12, 1, 16, 5], "texture": "#0"}
			}
		},
		{
			"from": [8, 1, 7],
			"to": [7.5, 1.3, 7.5],
			"rotation": {"angle": 0, "axis": "y", "origin": [7, 1.15, 8]},
			"faces": {
				"east": {"uv": [12, 3, 13, 4], "texture": "#0"},
				"south": {"uv": [12, 3, 13, 4], "texture": "#0"}
			}
		},
		{
			"from": [6, 1, 9],
			"to": [6.5, 1.3, 8.5],
			"rotation": {"angle": 0, "axis": "y", "origin": [7, 1.15, 8]},
			"faces": {
				"east": {"uv": [12, 3, 13, 4], "texture": "#0"},
				"south": {"uv": [12, 3, 13, 4], "texture": "#0"}
			}
		}
	],
	"groups": [
		{
			"name": "group",
			"origin": [5, 0, 4],
			"color": 0,
			"children": [0, 1, 2, 3, 4, 5]
		},
		{
			"name": "group",
			"origin": [8, 8, 8],
			"color": 0,
			"children": [6, 7, 8]
		}
	]
}