{
	"credit": "Made with Blockbench",
	"textures": {
		"0": "brewinandchewin:block/coaster/youkaishomecoming/pork_rice_ball",
		"particle": "brewinandchewin:block/coaster/youkaishomecoming/pork_rice_ball"
	},
	"elements": [
		{
			"from": [6, 0, 6],
			"to": [10, 2, 9],
			"rotation": {"angle": 0, "axis": "y", "origin": [4, 0, 0]},
			"faces": {
				"north": {"uv": [0, 5, 4, 7], "texture": "#0"},
				"east": {"uv": [11, 5, 14, 7], "texture": "#0"},
				"south": {"uv": [7, 5, 11, 7], "texture": "#0"},
				"west": {"uv": [4, 5, 7, 7], "texture": "#0"},
				"up": {"uv": [0, 7, 4, 10], "texture": "#0"},
				"down": {"uv": [4, 7, 8, 10], "texture": "#0"}
			}
		},
		{
			"from": [6.5, 2, 6],
			"to": [9.5, 4, 9],
			"rotation": {"angle": 0, "axis": "y", "origin": [6.5, 0, 6]},
			"faces": {
				"north": {"uv": [0, 3, 3, 5], "texture": "#0"},
				"east": {"uv": [9, 3, 12, 5], "texture": "#0"},
				"south": {"uv": [6, 3, 9, 5], "texture": "#0"},
				"west": {"uv": [3, 3, 6, 5], "texture": "#0"},
				"up": {"uv": [1, 0, 4, 3], "texture": "#0"},
				"down": {"uv": [1, 0, 4, 3], "texture": "#0"}
			}
		}
	]
}