{
	"credit": "Made with Blockbench",
	"textures": {
		"0": "brewinandchewin:block/coaster/youkaishomecoming/raw_oyaki",
		"particle": "brewinandchewin:block/coaster/youkaishomecoming/raw_oyaki"
	},
	"elements": [
		{
			"from": [5, 0, 5],
			"to": [10, 2, 10],
			"rotation": {"angle": 0, "axis": "y", "origin": [7.5, 2.25, 7.5]},
			"faces": {
				"north": {"uv": [5, 3, 10, 5], "texture": "#0"},
				"east": {"uv": [5, 3, 10, 5], "texture": "#0"},
				"south": {"uv": [5, 3, 10, 5], "texture": "#0"},
				"west": {"uv": [5, 3, 10, 5], "texture": "#0"},
				"up": {"uv": [0, 0, 5, 5], "texture": "#0"},
				"down": {"uv": [0, 5, 5, 10], "texture": "#0"}
			}
		},
		{
			"from": [6, 2, 6],
			"to": [9, 2.3, 9],
			"rotation": {"angle": 0, "axis": "y", "origin": [6, 2, 6]},
			"faces": {
				"north": {"uv": [6, 3, 9, 4], "texture": "#0"},
				"east": {"uv": [6, 3, 9, 4], "texture": "#0"},
				"south": {"uv": [6, 3, 9, 4], "texture": "#0"},
				"west": {"uv": [6, 3, 9, 4], "texture": "#0"},
				"up": {"uv": [1, 1, 4, 4], "texture": "#0"},
				"down": {"uv": [1, 6, 4, 9], "texture": "#0"}
			}
		}
	]
}