{
	"credit": "Made with Blockbench",
	"texture_size": [32, 32],
	"textures": {
		"0": "brewinandchewin:block/coaster/youkaishomecoming/raw_lamprey",
		"particle": "brewinandchewin:block/coaster/youkaishomecoming/raw_lamprey"
	},
	"elements": [
		{
			"from": [-3.5, 0, 9],
			"to": [-1, 2, 11],
			"rotation": {"angle": 45, "axis": "y", "origin": [6.125, 1, 9.5]},
			"faces": {
				"north": {"uv": [1.25, 1.5, 2.25, 2.75], "rotation": 270, "texture": "#0"},
				"east": {"uv": [0, 0, 1, 1], "texture": "#0"},
				"south": {"uv": [1.25, 1.5, 2.25, 3], "rotation": 90, "texture": "#0"},
				"west": {"uv": [1.25, 2.75, 2.25, 3.75], "rotation": 270, "texture": "#0"},
				"up": {"uv": [3.25, 3.75, 2.25, 2.75], "rotation": 180, "texture": "#0"},
				"down": {"uv": [0, 2.75, 1.375, 3.75], "rotation": 180, "texture": "#0"}
			}
		},
		{
			"from": [-1, 0, 8],
			"to": [8, 2, 11],
			"rotation": {"angle": 45, "axis": "y", "origin": [6.125, 1, 9.5]},
			"faces": {
				"north": {"uv": [12, 4.5, 11, 0], "rotation": 90, "texture": "#0"},
				"east": {"uv": [10, 0, 11, 1.5], "rotation": 90, "texture": "#0"},
				"south": {"uv": [13, 0, 12, 4.5], "rotation": 90, "texture": "#0"},
				"west": {"uv": [4.5, 0, 5.5, 1.5], "rotation": 270, "texture": "#0"},
				"up": {"uv": [5.5, 0, 10, 1.5], "texture": "#0"},
				"down": {"uv": [0, 0, 4.5, 1.5], "rotation": 180, "texture": "#0"}
			}
		},
		{
			"from": [8, 0, 8],
			"to": [18, 2, 11],
			"rotation": {"angle": 45, "axis": "y", "origin": [6.125, 1, 9.5]},
			"faces": {
				"north": {"uv": [13, 0, 14, 5], "rotation": 90, "texture": "#0"},
				"east": {"uv": [11, 4.5, 12, 6], "rotation": 90, "texture": "#0"},
				"south": {"uv": [14, 0, 15, 5], "rotation": 90, "texture": "#0"},
				"west": {"uv": [5, 4.5, 6, 6], "rotation": 270, "texture": "#0"},
				"up": {"uv": [5, 4.5, 0, 6], "texture": "#0"},
				"down": {"uv": [6, 6, 11, 4.5], "texture": "#0"}
			}
		},
		{
			"from": [8, 1, 7],
			"to": [21, 1, 11],
			"rotation": {"angle": 45, "axis": "y", "origin": [6.125, 1, 9.5]},
			"faces": {
				"up": {"uv": [6.5, 6, 0, 8], "texture": "#0"},
				"down": {"uv": [6.5, 8, 13, 6], "texture": "#0"}
			}
		}
	],
	"groups": [
		{
			"name": "group",
			"origin": [10.5, 0, 5],
			"color": 0,
			"children": [0, 1, 2, 3]
		}
	]
}