{
	"credit": "Made with Blockbench",
	"textures": {
		"0": "brewinandchewin:block/coaster/youkaishomecoming/raw_bun",
		"particle": "brewinandchewin:block/coaster/youkaishomecoming/raw_bun"
	},
	"elements": [
		{
			"from": [5, 0, 4.5],
			"to": [10, 3, 9.5],
			"rotation": {"angle": 0, "axis": "y", "origin": [7.5, 2.25, 7]},
			"faces": {
				"north": {"uv": [0, 7, 5, 9], "texture": "#0"},
				"east": {"uv": [0, 7, 5, 9], "texture": "#0"},
				"south": {"uv": [0, 7, 5, 9], "texture": "#0"},
				"west": {"uv": [0, 7, 5, 9], "texture": "#0"},
				"up": {"uv": [0, 0, 5, 5], "texture": "#0"},
				"down": {"uv": [0, 10, 5, 15], "texture": "#0"}
			}
		},
		{
			"from": [6, 3, 5.5],
			"to": [9, 3.3, 8.5],
			"rotation": {"angle": 0, "axis": "y", "origin": [6, 3, 5.5]},
			"faces": {
				"north": {"uv": [1, 1, 4, 2], "rotation": 180, "texture": "#0"},
				"east": {"uv": [3, 1, 4, 4], "rotation": 90, "texture": "#0"},
				"south": {"uv": [1, 3, 4, 4], "texture": "#0"},
				"west": {"uv": [1, 1, 2, 4], "rotation": 270, "texture": "#0"},
				"up": {"uv": [1, 1, 4, 4], "texture": "#0"},
				"down": {"uv": [1, 1, 4, 4], "texture": "#0"}
			}
		}
	]
}