{
	"credit": "Made with Blockbench",
	"textures": {
		"0": "brewinandchewin:block/coaster/youkaishomecoming/roasted_lamprey",
		"particle": "brewinandchewin:block/coaster/youkaishomecoming/roasted_lamprey"
	},
	"elements": [
		{
			"name": "stick",
			"from": [1, 0.5, 7.5],
			"to": [15, 1.5, 8.5],
			"rotation": {"angle": 0, "axis": "y", "origin": [8, 1, 8]},
			"faces": {
				"north": {"uv": [0, 0, 14, 1], "rotation": 180, "texture": "#0"},
				"east": {"uv": [13, 0, 14, 1], "texture": "#0"},
				"south": {"uv": [0, 0, 14, 1], "texture": "#0"},
				"west": {"uv": [0, 0, 1, 1], "texture": "#0"},
				"up": {"uv": [0, 0, 14, 1], "texture": "#0"},
				"down": {"uv": [0, 0, 14, 1], "texture": "#0"}
			}
		},
		{
			"from": [1.25, 0, 6],
			"to": [4.25, 2, 10],
			"rotation": {"angle": 0, "axis": "y", "origin": [2.75, 1, 8]},
			"faces": {
				"north": {"uv": [4, 1, 7, 3], "texture": "#0"},
				"east": {"uv": [7, 1, 11, 3], "texture": "#0"},
				"south": {"uv": [4, 1, 7, 3], "texture": "#0"},
				"west": {"uv": [7, 1, 11, 3], "texture": "#0"},
				"up": {"uv": [0, 1, 4, 4], "rotation": 270, "texture": "#0"},
				"down": {"uv": [0, 1, 4, 4], "rotation": 90, "texture": "#0"}
			}
		},
		{
			"from": [4.5, 0, 6],
			"to": [7.5, 2, 10],
			"rotation": {"angle": 0, "axis": "y", "origin": [6, 1, 8]},
			"faces": {
				"north": {"uv": [4, 1, 7, 3], "texture": "#0"},
				"east": {"uv": [7, 1, 11, 3], "texture": "#0"},
				"south": {"uv": [4, 1, 7, 3], "texture": "#0"},
				"west": {"uv": [7, 1, 11, 3], "texture": "#0"},
				"up": {"uv": [0, 4, 4, 7], "rotation": 270, "texture": "#0"},
				"down": {"uv": [0, 1, 4, 4], "rotation": 90, "texture": "#0"}
			}
		},
		{
			"from": [7.75, 0, 6],
			"to": [10.75, 2, 10],
			"rotation": {"angle": 0, "axis": "y", "origin": [9.25, 1, 8]},
			"faces": {
				"north": {"uv": [4, 1, 7, 3], "texture": "#0"},
				"east": {"uv": [7, 1, 11, 3], "texture": "#0"},
				"south": {"uv": [4, 1, 7, 3], "texture": "#0"},
				"west": {"uv": [7, 1, 11, 3], "texture": "#0"},
				"up": {"uv": [0, 7, 4, 10], "rotation": 270, "texture": "#0"},
				"down": {"uv": [0, 1, 4, 4], "rotation": 90, "texture": "#0"}
			}
		}
	]
}