{
	"credit": "Made with Blockbench",
	"textures": {
		"0": "brewinandchewin:block/coaster/youkaishomecoming/roasted_lamprey_fillet",
		"particle": "brewinandchewin:block/coaster/youkaishomecoming/roasted_lamprey_fillet"
	},
	"elements": [
		{
			"from": [4, 0, 5],
			"to": [11, 2, 10],
			"rotation": {"angle": 0, "axis": "y", "origin": [4, 0, 5]},
			"faces": {
				"north": {"uv": [0, 5, 7, 7], "texture": "#0"},
				"east": {"uv": [7, 0, 12, 2], "texture": "#0"},
				"south": {"uv": [0, 5, 7, 7], "texture": "#0"},
				"west": {"uv": [7, 0, 12, 2], "texture": "#0"},
				"up": {"uv": [0, 0, 7, 5], "texture": "#0"},
				"down": {"uv": [0, 0, 7, 5], "texture": "#0"}
			}
		}
	]
}