{
	"credit": "Made with Blockbench",
	"textures": {
		"0": "brewinandchewin:block/coaster/youkaishomecoming/sakura_mochi",
		"particle": "brewinandchewin:block/coaster/youkaishomecoming/sakura_mochi"
	},
	"elements": [
		{
			"from": [6, 0.05, 6],
			"to": [10, 3.05, 10],
			"rotation": {"angle": 0, "axis": "y", "origin": [8, 1.5, 9]},
			"faces": {
				"north": {"uv": [8, 4, 12, 7], "texture": "#0"},
				"east": {"uv": [4, 4, 8, 7], "texture": "#0"},
				"south": {"uv": [0, 4, 4, 7], "texture": "#0"},
				"west": {"uv": [0, 4, 4, 7], "texture": "#0"},
				"up": {"uv": [0, 0, 4, 4], "texture": "#0"},
				"down": {"uv": [4, 0, 8, 4], "texture": "#0"}
			}
		},
		{
			"from": [10.1, 0, 5.95],
			"to": [5.9, 3.1, 10.05],
			"rotation": {"angle": 0, "axis": "y", "origin": [10, 0, 6]},
			"faces": {
				"north": {"uv": [12, 7, 8, 10], "texture": "#0"},
				"east": {"uv": [16, 7, 12, 10], "texture": "#0"},
				"south": {"uv": [8, 7, 4, 10], "texture": "#0"},
				"west": {"uv": [12, 10, 8, 13], "texture": "#0"},
				"up": {"uv": [4, 7, 0, 11], "texture": "#0"},
				"down": {"uv": [4, 11, 0, 15], "texture": "#0"}
			}
		},
		{
			"from": [5.9, 0, 5.95],
			"to": [10.1, 3.1, 10.05],
			"rotation": {"angle": 0, "axis": "y", "origin": [10, 0, 6]},
			"faces": {
				"north": {"uv": [8, 7, 12, 10], "texture": "#0"},
				"east": {"uv": [8, 10, 12, 13], "texture": "#0"},
				"south": {"uv": [4, 7, 8, 10], "texture": "#0"},
				"west": {"uv": [12, 7, 16, 10], "texture": "#0"},
				"up": {"uv": [0, 7, 4, 11], "texture": "#0"},
				"down": {"uv": [0, 11, 4, 15], "texture": "#0"}
			}
		}
	]
}