{
	"credit": "Made with Blockbench",
	"textures": {
		"1": "brewinandchewin:block/coaster/youkaishomecoming/scarlet_tea",
		"particle": "brewinandchewin:block/coaster/glass_cup"
	},
	"elements": [
		{
			"from": [5.5, 0.15, 5.5],
			"to": [10.5, 6.15, 10.5],
			"rotation": {"angle": 0, "axis": "y", "origin": [5.5, 0, 5.5]},
			"faces": {
				"north": {"uv": [0, 0, 5, 6], "texture": "#particle"},
				"east": {"uv": [0, 0, 5, 6], "texture": "#particle"},
				"south": {"uv": [0, 0, 5, 6], "texture": "#particle"},
				"west": {"uv": [0, 0, 5, 6], "texture": "#particle"},
				"up": {"uv": [11, 0, 16, 5], "texture": "#particle"},
				"down": {"uv": [0, 6, 5, 11], "texture": "#particle"}
			}
		},
		{
			"from": [5.25, -0.25, 5.25],
			"to": [10.75, 6.25, 10.75],
			"rotation": {"angle": 0, "axis": "y", "origin": [5.5, 0, 5.5]},
			"faces": {
				"north": {"uv": [6, 0, 11, 6], "texture": "#particle"},
				"east": {"uv": [6, 0, 11, 6], "texture": "#particle"},
				"south": {"uv": [6, 0, 11, 6], "texture": "#particle"},
				"west": {"uv": [6, 0, 11, 6], "texture": "#particle"},
				"up": {"uv": [6, 6, 11, 11], "texture": "#particle"},
				"down": {"uv": [6, 11, 11, 16], "texture": "#particle"}
			}
		},
		{
			"from": [6, 0.75, 6],
			"to": [10, 5.75, 10],
			"rotation": {"angle": 0, "axis": "y", "origin": [8.25, 3.25, 8.25]},
			"faces": {
				"north": {"uv": [0, 0, 4, 5], "texture": "#1"},
				"east": {"uv": [0, 0, 4, 5], "texture": "#1"},
				"south": {"uv": [0, 0, 4, 5], "texture": "#1"},
				"west": {"uv": [0, 0, 4, 5], "texture": "#1"},
				"up": {"uv": [5, 0, 9, 4], "texture": "#1"},
				"down": {"uv": [0, 7, 4, 11], "texture": "#1"}
			}
		},
		{
			"from": [3.75, 4.75, 8.25],
			"to": [7.75, 7.75, 8.25],
			"rotation": {"angle": 0, "axis": "y", "origin": [3.75, 4.75, 8.25]},
			"faces": {
				"north": {"uv": [10, 1, 15, 5], "texture": "#1"},
				"south": {"uv": [15, 1, 10, 5], "texture": "#1"}
			}
		}
	],
	"groups": [
		{
			"name": "glass_cup",
			"origin": [8, 8, 8],
			"color": 0,
			"children": [0, 1]
		},
		2,
		3
	]
}