{
	"credit": "Made with Blockbench",
	"textures": {
		"0": "brewinandchewin:block/coaster/goblet_tall",
		"1": "brewinandchewin:block/coaster/youkaishomecoming/scarlet_mist",
		"particle": "brewinandchewin:block/coaster/goblet_tall"
	},
	"elements": [
		{
			"from": [6, 9, 6],
			"to": [10, 9, 10],
			"rotation": {"angle": 0, "axis": "y", "origin": [6, 9, 6]},
			"faces": {
				"up": {"uv": [9, 9, 14, 14], "texture": "#0"}
			}
		},
		{
			"from": [6, 3, 6],
			"to": [10, 9, 10],
			"rotation": {"angle": 0, "axis": "y", "origin": [6, 3, 6]},
			"faces": {
				"north": {"uv": [9, 0, 14, 8], "texture": "#0"},
				"east": {"uv": [9, 0, 14, 8], "texture": "#0"},
				"south": {"uv": [9, 0, 14, 8], "texture": "#0"},
				"west": {"uv": [9, 0, 14, 8], "texture": "#0"},
				"down": {"uv": [4, 0, 8, 4], "texture": "#0"}
			}
		},
		{
			"from": [7.5, 2, 7.5],
			"to": [8.5, 3, 8.5],
			"rotation": {"angle": 0, "axis": "y", "origin": [7.5, 2, 7.5]},
			"faces": {
				"north": {"uv": [5, 13, 6, 14], "texture": "#0"},
				"east": {"uv": [6, 13, 7, 14], "texture": "#0"},
				"south": {"uv": [5, 13, 6, 14], "texture": "#0"},
				"west": {"uv": [6, 14, 7, 15], "texture": "#0"},
				"up": {"uv": [5, 13, 6, 14], "texture": "#0"},
				"down": {"uv": [5, 14, 6, 15], "texture": "#0"}
			}
		},
		{
			"from": [7, 1, 7],
			"to": [9, 2, 9],
			"rotation": {"angle": 0, "axis": "y", "origin": [7, 0, 7]},
			"faces": {
				"north": {"uv": [0, 5, 2, 6], "texture": "#0"},
				"east": {"uv": [0, 5, 2, 6], "texture": "#0"},
				"south": {"uv": [0, 5, 2, 6], "texture": "#0"},
				"west": {"uv": [0, 5, 2, 6], "texture": "#0"},
				"up": {"uv": [0, 7, 2, 9], "texture": "#0"},
				"down": {"uv": [0, 7, 2, 9], "texture": "#0"}
			}
		},
		{
			"from": [6.5, 0, 6.5],
			"to": [9.5, 1, 9.5],
			"rotation": {"angle": 0, "axis": "y", "origin": [7.5, 0, 7.5]},
			"faces": {
				"north": {"uv": [3, 14, 0, 15], "texture": "#0"},
				"east": {"uv": [0, 14, 3, 15], "texture": "#0"},
				"south": {"uv": [3, 14, 0, 15], "texture": "#0"},
				"west": {"uv": [0, 14, 3, 15], "texture": "#0"},
				"up": {"uv": [0, 10, 3, 13], "texture": "#0"},
				"down": {"uv": [0, 10, 3, 13], "texture": "#0"}
			}
		},
		{
			"from": [6.25, 3.25, 6.25],
			"to": [9.75, 8.5, 9.75],
			"rotation": {"angle": 0, "axis": "y", "origin": [6.25, 3.25, 6.25]},
			"faces": {
				"north": {"uv": [0, 0, 4, 5], "texture": "#1"},
				"east": {"uv": [0, 0, 4, 5], "texture": "#1"},
				"south": {"uv": [0, 0, 4, 5], "texture": "#1"},
				"west": {"uv": [0, 0, 4, 5], "texture": "#1"},
				"up": {"uv": [5, 0, 9, 4], "texture": "#1"},
				"down": {"uv": [0, 7, 4, 11], "texture": "#1"}
			}
		},
		{
			"from": [5.25, 7.25, 8],
			"to": [8.25, 10.25, 8],
			"rotation": {"angle": 0, "axis": "y", "origin": [5.25, 7.25, 8]},
			"faces": {
				"north": {"uv": [12, 1, 15, 4], "texture": "#1"},
				"south": {"uv": [15, 1, 12, 4], "texture": "#1"}
			}
		}
	],
	"groups": [
		{
			"name": "goblet_tall",
			"origin": [7.5, 0, 7.5],
			"color": 0,
			"children": [0, 1, 2, 3, 4]
		},
		5,
		6
	]
}