{
	"credit": "Made with Blockbench",
	"textures": {
		"0": "brewinandchewin:block/coaster/youkaishomecoming/sekibankiyaki",
		"particle": "brewinandchewin:block/coaster/youkaishomecoming/sekibankiyaki"
	},
	"elements": [
		{
			"from": [6, 0, 7],
			"to": [13, 1.5, 13],
			"rotation": {"angle": 0, "axis": "y", "origin": [6, 0, 7]},
			"faces": {
				"north": {"uv": [2, 2, 9, 0], "texture": "#0"},
				"east": {"uv": [9, 2, 11, 8], "rotation": 90, "texture": "#0"},
				"south": {"uv": [2, 8, 9, 10], "texture": "#0"},
				"west": {"uv": [0, 2, 2, 8], "rotation": 270, "texture": "#0"},
				"up": {"uv": [2, 2, 9, 8], "texture": "#0"},
				"down": {"uv": [2, 8, 9, 2], "texture": "#0"}
			}
		},
		{
			"from": [8, 0, 13],
			"to": [12, 1.25, 14],
			"rotation": {"angle": 0, "axis": "y", "origin": [8, 0, 13]},
			"faces": {
				"north": {"uv": [4, 9, 8, 10], "texture": "#0"},
				"east": {"uv": [8, 8, 9, 9], "texture": "#0"},
				"south": {"uv": [4, 9, 8, 10], "texture": "#0"},
				"west": {"uv": [2, 8, 3, 9], "texture": "#0"},
				"up": {"uv": [4, 8, 8, 9], "texture": "#0"},
				"down": {"uv": [4, 8, 8, 9], "texture": "#0"}
			}
		},
		{
			"from": [8, 0, 6],
			"to": [12, 1.25, 7],
			"rotation": {"angle": 0, "axis": "y", "origin": [8, 0, 6]},
			"faces": {
				"north": {"uv": [4, 0, 8, 1], "texture": "#0"},
				"east": {"uv": [8, 1, 9, 2], "texture": "#0"},
				"south": {"uv": [4, 0, 8, 1], "texture": "#0"},
				"west": {"uv": [2, 1, 3, 2], "texture": "#0"},
				"up": {"uv": [4, 1, 8, 2], "texture": "#0"},
				"down": {"uv": [4, 1, 8, 2], "texture": "#0"}
			}
		},
		{
			"from": [5, 0, 8],
			"to": [6, 1.25, 12],
			"rotation": {"angle": 0, "axis": "y", "origin": [5, 0, 8]},
			"faces": {
				"north": {"uv": [1, 2, 2, 3], "texture": "#0"},
				"east": {"uv": [0, 2, 1, 6], "rotation": 90, "texture": "#0"},
				"south": {"uv": [1, 7, 2, 8], "texture": "#0"},
				"west": {"uv": [0, 2, 1, 6], "rotation": 270, "texture": "#0"},
				"up": {"uv": [1, 3, 2, 7], "texture": "#0"},
				"down": {"uv": [1, 3, 2, 7], "texture": "#0"}
			}
		},
		{
			"from": [13, 0, 8],
			"to": [14, 1.25, 12],
			"rotation": {"angle": 0, "axis": "y", "origin": [13, 0, 8]},
			"faces": {
				"north": {"uv": [9, 2, 10, 3], "texture": "#0"},
				"east": {"uv": [10, 3, 11, 7], "rotation": 90, "texture": "#0"},
				"south": {"uv": [9, 7, 10, 8], "texture": "#0"},
				"west": {"uv": [10, 3, 11, 7], "rotation": 270, "texture": "#0"},
				"up": {"uv": [9, 3, 10, 7], "texture": "#0"},
				"down": {"uv": [9, 3, 10, 7], "texture": "#0"}
			}
		},
		{
			"from": [11.5, 0.125, 5.5],
			"to": [14.5, 1.125, 8.5],
			"rotation": {"angle": 0, "axis": "y", "origin": [13.5, 0.5, 6.5]},
			"faces": {
				"north": {"uv": [12, 0, 15, 1], "rotation": 180, "texture": "#0"},
				"east": {"uv": [14, 0, 15, 3], "rotation": 90, "texture": "#0"},
				"south": {"uv": [12, 2, 15, 3], "texture": "#0"},
				"west": {"uv": [12, 0, 13, 3], "rotation": 270, "texture": "#0"},
				"up": {"uv": [12, 0, 15, 3], "texture": "#0"},
				"down": {"uv": [12, 3, 15, 0], "texture": "#0"}
			}
		},
		{
			"from": [14.5, 0.125, 5.5],
			"to": [13.5, 1.125, 6.5],
			"rotation": {"angle": 0, "axis": "y", "origin": [13.5, 0.5, 6.5]},
			"faces": {
				"east": {"uv": [13, 0, 14, 1], "texture": "#0"},
				"south": {"uv": [14, 1, 15, 2], "texture": "#0"}
			}
		},
		{
			"from": [5, 0.125, 4.5],
			"to": [9, 1.125, 7.5],
			"rotation": {"angle": 0, "axis": "y", "origin": [5, 0, 4.5]},
			"faces": {
				"north": {"uv": [12, 4, 16, 5], "texture": "#0"},
				"east": {"uv": [15, 4, 16, 7], "rotation": 90, "texture": "#0"},
				"south": {"uv": [12, 6, 16, 7], "texture": "#0"},
				"west": {"uv": [12, 4, 13, 7], "rotation": 270, "texture": "#0"},
				"up": {"uv": [12, 4, 16, 7], "texture": "#0"},
				"down": {"uv": [12, 7, 16, 4], "texture": "#0"}
			}
		},
		{
			"from": [9, 0.125, 6.5],
			"to": [8, 1.125, 7.5],
			"rotation": {"angle": 0, "axis": "y", "origin": [9, 0, 6.5]},
			"faces": {
				"north": {"uv": [15, 5, 16, 6], "texture": "#0"},
				"east": {"uv": [14, 6, 15, 7], "texture": "#0"}
			}
		},
		{
			"from": [8, 0.125, 5.5],
			"to": [9, 1.125, 4.5],
			"rotation": {"angle": 0, "axis": "y", "origin": [8.5, 0.625, 5]},
			"faces": {
				"north": {"uv": [15, 5, 16, 6], "texture": "#0"},
				"west": {"uv": [14, 4, 15, 5], "texture": "#0"}
			}
		},
		{
			"from": [6, 0.125, 4.5],
			"to": [5, 1.125, 5.5],
			"rotation": {"angle": 0, "axis": "y", "origin": [5.5, 0.625, 5]},
			"faces": {
				"south": {"uv": [13, 4, 14, 5], "texture": "#0"},
				"west": {"uv": [12, 5, 13, 6], "texture": "#0"}
			}
		}
	],
	"groups": [
		{
			"name": "group",
			"origin": [8, 8, 8],
			"color": 0,
			"children": [
				{
					"name": "head",
					"origin": [8, 8, 8],
					"color": 0,
					"children": [0, 1, 2, 3, 4]
				},
				{
					"name": "ear_r",
					"origin": [8, 8, 8],
					"color": 0,
					"children": [5, 6]
				},
				{
					"name": "ear_l",
					"origin": [8, 8, 8],
					"color": 0,
					"children": [7, 8, 9, 10]
				}
			]
		}
	]
}