{
	"credit": "Made with Blockbench",
	"textures": {
		"0": "brewinandchewin:block/coaster/youkaishomecoming/senbei",
		"particle": "brewinandchewin:block/coaster/youkaishomecoming/senbei"
	},
	"elements": [
		{
			"from": [6, 0, 6],
			"to": [10, 1, 10],
			"rotation": {"angle": 0, "axis": "y", "origin": [1, 0, 0]},
			"faces": {
				"north": {"uv": [1, 1, 5, 2], "rotation": 180, "texture": "#0"},
				"east": {"uv": [4, 1, 5, 5], "rotation": 90, "texture": "#0"},
				"south": {"uv": [1, 6, 5, 7], "texture": "#0"},
				"west": {"uv": [1, 1, 2, 5], "rotation": 270, "texture": "#0"},
				"up": {"uv": [1, 1, 5, 5], "texture": "#0"},
				"down": {"uv": [1, 5, 5, 1], "texture": "#0"}
			}
		}
	]
}