{
	"credit": "Made with Blockbench",
	"textures": {
		"0": "brewinandchewin:block/coaster/goblet_huge",
		"1": "brewinandchewin:block/coaster/youkaishomecoming/shaved_ice_over_rice",
		"particle": "brewinandchewin:block/coaster/goblet_huge"
	},
	"elements": [
		{
			"from": [4.5, 3, 4.5],
			"to": [11.5, 10, 11.5],
			"rotation": {"angle": 0, "axis": "y", "origin": [4.5, 3, 4.5]},
			"faces": {
				"north": {"uv": [0, 7, 7, 14], "texture": "#0"},
				"east": {"uv": [0, 7, 7, 14], "texture": "#0"},
				"south": {"uv": [0, 7, 7, 14], "texture": "#0"},
				"west": {"uv": [0, 7, 7, 14], "texture": "#0"},
				"up": {"uv": [7, 7, 0, 0], "texture": "#0"},
				"down": {"uv": [7, 7, 0, 14], "texture": "#0"}
			}
		},
		{
			"from": [7, 1, 7],
			"to": [9, 3, 9],
			"rotation": {"angle": 0, "axis": "y", "origin": [7, -1, 7]},
			"faces": {
				"north": {"uv": [6, 0, 8, 3], "texture": "#0"},
				"east": {"uv": [8, 1, 10, 3], "texture": "#0"},
				"south": {"uv": [7, 0, 9, 3], "texture": "#0"},
				"west": {"uv": [8, 0, 10, 2], "texture": "#0"}
			}
		},
		{
			"from": [5.5, 0, 5.5],
			"to": [10.5, 1, 10.5],
			"rotation": {"angle": 0, "axis": "y", "origin": [1, -11, 1]},
			"faces": {
				"north": {"uv": [11, 0, 16, 1], "texture": "#0"},
				"east": {"uv": [11, 1, 16, 2], "texture": "#0"},
				"south": {"uv": [11, 0, 16, 1], "texture": "#0"},
				"west": {"uv": [11, 1, 16, 2], "texture": "#0"},
				"up": {"uv": [7, 3, 12, 8], "texture": "#0"},
				"down": {"uv": [7, 8, 12, 13], "texture": "#0"}
			}
		},
		{
			"from": [5, 3.5, 5],
			"to": [11, 9.25, 11],
			"rotation": {"angle": 0, "axis": "y", "origin": [9, 3.5, 5]},
			"faces": {
				"north": {"uv": [6, 0, 12, 6], "texture": "#1"},
				"east": {"uv": [0, 6, 6, 12], "texture": "#1"},
				"south": {"uv": [0, 6, 6, 12], "texture": "#1"},
				"west": {"uv": [0, 6, 6, 12], "texture": "#1"},
				"up": {"uv": [0, 0, 6, 6], "texture": "#1"},
				"down": {"uv": [0, 0, 6, 6], "texture": "#1"}
			}
		},
		{
			"from": [5, 12, 6.5],
			"to": [11, 13, 9.5],
			"rotation": {"angle": 22.5, "axis": "y", "origin": [8, 12.5, 8]},
			"faces": {
				"north": {"uv": [15, 5, 16, 11], "rotation": 90, "texture": "#1"},
				"east": {"uv": [13, 4, 16, 5], "texture": "#1"},
				"south": {"uv": [15, 5, 16, 11], "rotation": 270, "texture": "#1"},
				"west": {"uv": [13, 4, 16, 5], "rotation": 180, "texture": "#1"},
				"up": {"uv": [12, 5, 15, 11], "rotation": 270, "texture": "#1"},
				"down": {"uv": [12, 11, 15, 5], "rotation": 90, "texture": "#1"}
			}
		},
		{
			"from": [9.5, 8.5, 6],
			"to": [13.5, 12.5, 6],
			"rotation": {"angle": 22.5, "axis": "y", "origin": [9.5, 8.5, 6]},
			"faces": {
				"north": {"uv": [12, 0, 16, 4], "texture": "#1"},
				"south": {"uv": [16, 0, 12, 4], "texture": "#1"}
			}
		},
		{
			"from": [5.5, 9, 5.5],
			"to": [10.5, 12, 10.5],
			"rotation": {"angle": 0, "axis": "y", "origin": [5.5, 9, 5.5]},
			"faces": {
				"north": {"uv": [6, 8, 11, 11], "texture": "#1"},
				"east": {"uv": [6, 7, 11, 10], "texture": "#1"},
				"south": {"uv": [6, 6, 11, 9], "texture": "#1"},
				"west": {"uv": [6, 7, 11, 10], "texture": "#1"},
				"up": {"uv": [6, 6, 11, 11], "texture": "#1"},
				"down": {"uv": [6, 6, 11, 11], "texture": "#1"}
			}
		},
		{
			"from": [3.5, 8, 4.5],
			"to": [7.5, 12, 4.5],
			"rotation": {"angle": 22.5, "axis": "y", "origin": [7.5, 8, 4.5]},
			"faces": {
				"north": {"uv": [12, 11, 16, 15], "texture": "#1"},
				"south": {"uv": [16, 11, 12, 15], "texture": "#1"}
			}
		}
	],
	"groups": [
		{
			"name": "goblet_huge",
			"origin": [8, 8, 8],
			"color": 0,
			"children": [0, 1, 2]
		},
		3,
		4,
		5,
		6,
		7
	]
}