{
	"credit": "Made with Blockbench",
	"textures": {
		"0": "brewinandchewin:block/coaster/milk_bottle",
		"1": "brewinandchewin:block/coaster/youkaishomecoming/soy_sauce_bottle",
		"particle": "brewinandchewin:block/coaster/milk_bottle"
	},
	"elements": [
		{
			"from": [5.5, 0, 5.5],
			"to": [10.5, 6, 10.5],
			"rotation": {"angle": 0, "axis": "y", "origin": [5.5, 0, 5.5]},
			"faces": {
				"north": {"uv": [0, 5, 5, 11], "texture": "#0"},
				"east": {"uv": [0, 5, 5, 11], "texture": "#0"},
				"south": {"uv": [0, 5, 5, 11], "texture": "#0"},
				"west": {"uv": [0, 5, 5, 11], "texture": "#0"},
				"up": {"uv": [0, 0, 5, 5], "texture": "#0"},
				"down": {"uv": [0, 11, 5, 16], "texture": "#0"}
			}
		},
		{
			"from": [6.5, 6, 6.5],
			"to": [9.5, 7, 9.5],
			"rotation": {"angle": 0, "axis": "y", "origin": [7.5, 6, 6.5]},
			"faces": {
				"north": {"uv": [6, 4, 9, 5], "texture": "#0"},
				"east": {"uv": [9, 4, 6, 5], "texture": "#0"},
				"south": {"uv": [6, 4, 9, 5], "texture": "#0"},
				"west": {"uv": [9, 4, 6, 5], "texture": "#0"},
				"up": {"uv": [6, 0, 9, 3], "texture": "#0"},
				"down": {"uv": [6, 6, 9, 9], "texture": "#0"}
			}
		},
		{
			"from": [6, 0.5, 6],
			"to": [10, 5.5, 10],
			"rotation": {"angle": 0, "axis": "y", "origin": [6.5, 0.5, 6.5]},
			"faces": {
				"north": {"uv": [5, 0, 9, 5], "texture": "#1"},
				"east": {"uv": [5, 0, 9, 5], "texture": "#1"},
				"south": {"uv": [5, 0, 9, 5], "texture": "#1"},
				"west": {"uv": [5, 0, 9, 5], "texture": "#1"},
				"up": {"uv": [0, 0, 4, 4], "texture": "#1"},
				"down": {"uv": [0, 5, 4, 9], "texture": "#1"}
			}
		}
	]
}