{
	"credit": "Made with Blockbench",
	"textures": {
		"0": "brewinandchewin:block/coaster/bamboo_bowl",
		"1": "brewinandchewin:block/coaster/youkaishomecoming/steamed_egg_in_bamboo",
		"particle": "brewinandchewin:block/coaster/bamboo_bowl"
	},
	"elements": [
		{
			"name": "bowl",
			"from": [5, 0, 5],
			"to": [11, 3, 11],
			"rotation": {"angle": 0, "axis": "y", "origin": [5, 0, 5]},
			"faces": {
				"north": {"uv": [0, 7, 6, 10], "texture": "#0"},
				"east": {"uv": [0, 7, 6, 10], "texture": "#0"},
				"south": {"uv": [0, 7, 6, 10], "texture": "#0"},
				"west": {"uv": [0, 7, 6, 10], "texture": "#0"},
				"up": {"uv": [0, 0, 6, 6], "texture": "#0"},
				"down": {"uv": [7, 0, 13, 6], "texture": "#0"}
			}
		},
		{
			"from": [3, 0, 10],
			"to": [8, 6, 10],
			"rotation": {"angle": 22.5, "axis": "y", "origin": [6, 0, 10]},
			"faces": {
				"north": {"uv": [9, 7, 14, 13], "texture": "#0"},
				"south": {"uv": [14, 7, 9, 13], "texture": "#0"}
			}
		},
		{
			"from": [5, 2, 10],
			"to": [11, 3, 10],
			"rotation": {"angle": 0, "axis": "y", "origin": [8, 2.5, 10]},
			"faces": {
				"north": {"uv": [0, 11, 6, 12], "texture": "#0"},
				"south": {"uv": [0, 11, 6, 12], "texture": "#0"}
			}
		},
		{
			"from": [10, 2, 5],
			"to": [10, 3, 11],
			"rotation": {"angle": 0, "axis": "y", "origin": [10, 2.5, 8]},
			"faces": {
				"east": {"uv": [0, 11, 6, 12], "texture": "#0"},
				"west": {"uv": [0, 11, 6, 12], "texture": "#0"}
			}
		},
		{
			"from": [6, 2, 5],
			"to": [6, 3, 11],
			"rotation": {"angle": 0, "axis": "y", "origin": [6, 2.5, 8]},
			"faces": {
				"east": {"uv": [0, 11, 6, 12], "texture": "#0"},
				"west": {"uv": [0, 11, 6, 12], "texture": "#0"}
			}
		},
		{
			"from": [5, 2, 6],
			"to": [11, 3, 6],
			"rotation": {"angle": 0, "axis": "y", "origin": [8, 2.5, 6]},
			"faces": {
				"north": {"uv": [0, 11, 6, 12], "texture": "#0"},
				"south": {"uv": [0, 11, 6, 12], "texture": "#0"}
			}
		},
		{
			"from": [6, 2.95, 6],
			"to": [10, 2.95, 10],
			"rotation": {"angle": 0, "axis": "y", "origin": [6, 3, 6]},
			"faces": {
				"up": {"uv": [0, 0, 4, 4], "texture": "#1"},
				"down": {"uv": [0, 0, 4, 4], "texture": "#1"}
			}
		}
	],
	"groups": [
		{
			"name": "group",
			"origin": [5, 0, 5],
			"color": 0,
			"children": [0, 1, 2, 3, 4, 5]
		},
		6
	]
}