{
	"credit": "Made with Blockbench",
	"textures": {
		"0": "brewinandchewin:block/coaster/youkaishomecoming/stripped_mandrake_root",
		"particle": "brewinandchewin:block/coaster/youkaishomecoming/stripped_mandrake_root"
	},
	"elements": [
		{
			"from": [6, 0, 6.5],
			"to": [12, 3, 9.5],
			"rotation": {"angle": 0, "axis": "y", "origin": [6, 0, 6.5]},
			"faces": {
				"north": {"uv": [0, 3, 6, 6], "texture": "#0"},
				"east": {"uv": [0, 9, 3, 12], "texture": "#0"},
				"south": {"uv": [6, 3, 0, 6], "texture": "#0"},
				"west": {"uv": [3, 9, 6, 12], "texture": "#0"},
				"up": {"uv": [6, 0, 0, 3], "texture": "#0"},
				"down": {"uv": [0, 6, 6, 9], "texture": "#0"}
			}
		}
	]
}