{
	"credit": "Made with Blockbench",
	"textures": {
		"0": "brewinandchewin:block/coaster/youkaishomecoming/tsukimi_dango",
		"particle": "brewinandchewin:block/coaster/youkaishomecoming/tsukimi_dango"
	},
	"elements": [
		{
			"from": [6, 0, 6],
			"to": [10, 3, 10],
			"rotation": {"angle": 0, "axis": "y", "origin": [8, 1.5, 9]},
			"faces": {
				"north": {"uv": [8, 4, 12, 7], "texture": "#0"},
				"east": {"uv": [4, 4, 8, 7], "texture": "#0"},
				"south": {"uv": [0, 4, 4, 7], "texture": "#0"},
				"west": {"uv": [0, 4, 4, 7], "texture": "#0"},
				"up": {"uv": [0, 0, 4, 4], "texture": "#0"},
				"down": {"uv": [4, 0, 8, 4], "texture": "#0"}
			}
		},
		{
			"from": [6, 3, 8.5],
			"to": [10, 3.3, 9.5],
			"rotation": {"angle": 0, "axis": "y", "origin": [6, 3, 8.5]},
			"faces": {
				"north": {"uv": [1, 8, 5, 9], "texture": "#0"},
				"east": {"uv": [1, 8, 2, 9], "texture": "#0"},
				"south": {"uv": [1, 8, 5, 9], "rotation": 180, "texture": "#0"},
				"west": {"uv": [4, 8, 5, 9], "texture": "#0"},
				"up": {"uv": [5, 8, 1, 9], "texture": "#0"},
				"down": {"uv": [1, 8, 5, 9], "texture": "#0"}
			}
		},
		{
			"from": [6, 3, 6.5],
			"to": [10, 3.3, 7.5],
			"rotation": {"angle": 0, "axis": "y", "origin": [6, 3, 6.5]},
			"faces": {
				"north": {"uv": [1, 10, 5, 11], "texture": "#0"},
				"east": {"uv": [1, 10, 2, 11], "texture": "#0"},
				"south": {"uv": [1, 10, 5, 11], "rotation": 180, "texture": "#0"},
				"west": {"uv": [4, 10, 5, 11], "texture": "#0"},
				"up": {"uv": [5, 10, 1, 11], "texture": "#0"},
				"down": {"uv": [1, 10, 5, 11], "texture": "#0"}
			}
		}
	]
}