{
	"credit": "Made with Blockbench",
	"textures": {
		"0": "brewinandchewin:block/coaster/youkaishomecoming/udumbara_cake",
		"particle": "brewinandchewin:block/coaster/youkaishomecoming/udumbara_cake"
	},
	"elements": [
		{
			"from": [5, 0, 5],
			"to": [11, 3, 11],
			"rotation": {"angle": 0, "axis": "y", "origin": [8, 1, 8]},
			"faces": {
				"north": {"uv": [8, 7, 14, 10], "texture": "#0"},
				"east": {"uv": [0, 3, 6, 6], "texture": "#0"},
				"south": {"uv": [0, 2, 6, 5], "texture": "#0"},
				"west": {"uv": [0, 1, 6, 4], "texture": "#0"},
				"up": {"uv": [0, 0, 6, 6], "texture": "#0"},
				"down": {"uv": [0, 10, 6, 16], "texture": "#0"}
			}
		}
	]
}