{
	"credit": "Made with Blockbench",
	"textures": {
		"0": "brewinandchewin:block/coaster/youkaishomecoming/yakumo_inari",
		"particle": "brewinandchewin:block/coaster/youkaishomecoming/yakumo_inari"
	},
	"elements": [
		{
			"from": [5, 0, 3],
			"to": [10, 4, 10],
			"rotation": {"angle": 0, "axis": "y", "origin": [7.5, 2, 6.5]},
			"faces": {
				"north": {"uv": [5, 4, 10, 8], "texture": "#0"},
				"east": {"uv": [5, 0, 12, 4], "texture": "#0"},
				"south": {"uv": [5, 4, 10, 8], "texture": "#0"},
				"west": {"uv": [5, 0, 12, 4], "texture": "#0"},
				"up": {"uv": [0, 0, 5, 7], "texture": "#0"},
				"down": {"uv": [0, 7, 5, 14], "texture": "#0"}
			}
		},
		{
			"from": [5.25, 4, 3.25],
			"to": [9.75, 4.3, 9.75],
			"rotation": {"angle": 0, "axis": "y", "origin": [5.25, 4, 3.25]},
			"faces": {
				"north": {"uv": [10, 4, 15, 5], "rotation": 180, "texture": "#0"},
				"east": {"uv": [14, 4, 15, 11], "rotation": 90, "texture": "#0"},
				"south": {"uv": [10, 10, 15, 11], "texture": "#0"},
				"west": {"uv": [10, 4, 11, 11], "rotation": 270, "texture": "#0"},
				"up": {"uv": [10, 4, 15, 11], "texture": "#0"},
				"down": {"uv": [10, 4, 15, 11], "texture": "#0"}
			}
		}
	]
}