{
	"credit": "Made with Blockbench",
	"textures": {
		"0": "brewinandchewin:block/coaster/youkaishomecoming/yashouma_dango",
		"particle": "brewinandchewin:block/coaster/youkaishomecoming/yashouma_dango"
	},
	"elements": [
		{
			"from": [6, 0, 5],
			"to": [10, 3, 11],
			"rotation": {"angle": 0, "axis": "y", "origin": [8, 1.5, 8]},
			"faces": {
				"north": {"uv": [8, 0, 12, 3], "texture": "#0"},
				"east": {"uv": [6, 9, 12, 6], "texture": "#0"},
				"south": {"uv": [8, 3, 12, 6], "texture": "#0"},
				"west": {"uv": [0, 9, 6, 6], "texture": "#0"},
				"up": {"uv": [0, 0, 4, 6], "texture": "#0"},
				"down": {"uv": [4, 0, 8, 6], "texture": "#0"}
			}
		}
	]
}