{
	"credit": "Made with Blockbench",
	"textures": {
		"1": "brewinandchewin:block/coaster/bowl",
		"2": "brewinandchewin:block/coaster/farmersrespite/blazing_chili",
		"particle": "brewinandchewin:block/coaster/farmersrespite/blazing_chili"
	},
	"elements": [
		{
			"name": "bowl",
			"from": [5, 0, 5],
			"to": [11, 2, 11],
			"rotation": {"angle": 0, "axis": "y", "origin": [5, 0, 5]},
			"faces": {
				"north": {"uv": [0, 7, 6, 9], "texture": "#1"},
				"east": {"uv": [0, 7, 6, 9], "texture": "#1"},
				"south": {"uv": [0, 7, 6, 9], "texture": "#1"},
				"west": {"uv": [0, 7, 6, 9], "texture": "#1"},
				"up": {"uv": [0, 0, 6, 6], "texture": "#1"},
				"down": {"uv": [0, 10, 6, 16], "texture": "#1"}
			}
		},
		{
			"name": "south",
			"from": [5, 2, 10],
			"to": [11, 7, 10],
			"rotation": {"angle": 45, "axis": "x", "origin": [9, 2, 10]},
			"faces": {
				"north": {"uv": [1, 7, 7, 12], "texture": "#2"},
				"south": {"uv": [7, 7, 1, 12], "texture": "#2"}
			}
		},
		{
			"name": "north",
			"from": [5, 2, 6],
			"to": [11, 7, 6],
			"rotation": {"angle": -45, "axis": "x", "origin": [7, 2, 6]},
			"faces": {
				"north": {"uv": [6, 7, 12, 12], "texture": "#2"},
				"south": {"uv": [12, 7, 6, 12], "texture": "#2"}
			}
		},
		{
			"name": "east",
			"from": [10, 2, 5],
			"to": [15, 2, 11],
			"rotation": {"angle": 45, "axis": "z", "origin": [10, 2, 7]},
			"faces": {
				"up": {"uv": [10, 1, 16, 6], "rotation": 90, "texture": "#2"},
				"down": {"uv": [16, 1, 10, 6], "rotation": 90, "texture": "#2"}
			}
		},
		{
			"name": "west",
			"from": [6, 2, 5],
			"to": [6, 7, 11],
			"rotation": {"angle": 45, "axis": "z", "origin": [6, 2, 9]},
			"faces": {
				"east": {"uv": [5, 1, 11, 6], "texture": "#2"},
				"west": {"uv": [11, 1, 5, 6], "texture": "#2"}
			}
		},
		{
			"from": [6, 2, 6],
			"to": [10, 2, 10],
			"rotation": {"angle": 0, "axis": "y", "origin": [6, 0, 6]},
			"faces": {
				"up": {"uv": [1, 1, 5, 5], "texture": "#2"},
				"down": {"uv": [1, 5, 5, 1], "texture": "#2"}
			}
		}
	],
	"groups": [
		{
			"name": "bowl",
			"origin": [8, 8, 8],
			"color": 0,
			"children": [0]
		},
		1,
		2,
		3,
		4,
		5
	]
}