{
	"credit": "Made with Blockbench",
	"textures": {
		"0": "brewinandchewin:block/coaster/glass_mug",
		"2": "brewinandchewin:block/coaster/farmersrespite/coffee",
		"particle": "brewinandchewin:block/coaster/glass_mug"
	},
	"elements": [
		{
			"from": [5.5, 0, 5.5],
			"to": [10.5, 6, 10.5],
			"rotation": {"angle": 0, "axis": "y", "origin": [5.5, 0, 5.5]},
			"faces": {
				"north": {"uv": [0, 0, 5, 6], "texture": "#0"},
				"east": {"uv": [0, 0, 5, 6], "texture": "#0"},
				"south": {"uv": [0, 0, 5, 6], "texture": "#0"},
				"west": {"uv": [0, 0, 5, 6], "texture": "#0"},
				"down": {"uv": [0, 6, 5, 11], "texture": "#0"}
			}
		},
		{
			"from": [5.25, -0.25, 5.25],
			"to": [10.75, 6.25, 10.75],
			"rotation": {"angle": 0, "axis": "y", "origin": [5.5, 0, 5.5]},
			"faces": {
				"north": {"uv": [6, 0, 11, 6], "texture": "#0"},
				"east": {"uv": [6, 0, 11, 6], "texture": "#0"},
				"south": {"uv": [6, 0, 11, 6], "texture": "#0"},
				"west": {"uv": [6, 0, 11, 6], "texture": "#0"},
				"up": {"uv": [6, 6, 11, 11], "texture": "#0"},
				"down": {"uv": [6, 11, 11, 16], "texture": "#0"}
			}
		},
		{
			"from": [3.5, 1, 7.5],
			"to": [5.5, 4, 8.5],
			"rotation": {"angle": 0, "axis": "y", "origin": [3.5, 1, 6.5]},
			"faces": {
				"north": {"uv": [0, 11, 2, 14], "texture": "#0"},
				"south": {"uv": [2, 11, 0, 14], "texture": "#0"},
				"west": {"uv": [1, 11, 2, 14], "texture": "#0"},
				"up": {"uv": [2, 11, 0, 12], "texture": "#0"},
				"down": {"uv": [0, 13, 2, 14], "texture": "#0"}
			}
		},
		{
			"name": "tea",
			"from": [6, 0.5, 6],
			"to": [10, 5.5, 10],
			"rotation": {"angle": 0, "axis": "y", "origin": [6, 0, 0]},
			"faces": {
				"north": {"uv": [1, 5, 5, 10], "texture": "#2"},
				"east": {"uv": [1, 5, 5, 10], "texture": "#2"},
				"south": {"uv": [1, 5, 5, 10], "texture": "#2"},
				"west": {"uv": [1, 5, 5, 10], "texture": "#2"},
				"up": {"uv": [1, 0, 5, 4], "texture": "#2"},
				"down": {"uv": [1, 11, 5, 15], "texture": "#2"}
			}
		}
	],
	"groups": [
		{
			"name": "glass_cup",
			"origin": [3.5, 1, 6.5],
			"color": 0,
			"children": [0, 1, 2]
		},
		3
	]
}