{
	"credit": "Made with Blockbench",
	"textures": {
		"1": "brewinandchewin:block/coaster/farmersrespite/coffee_cake_slice"
	},
	"elements": [
		{
			"name": "cake",
			"from": [6.5, 0, 5],
			"to": [9.5, 4, 11],
			"rotation": {"angle": 0, "axis": "y", "origin": [7, 1, 7]},
			"faces": {
				"north": {"uv": [10, 0, 7, 4], "texture": "#1"},
				"east": {"uv": [0, 4, 6, 8], "texture": "#1"},
				"south": {"uv": [1, 4, 4, 8], "texture": "#1"},
				"west": {"uv": [6, 4, 0, 8], "texture": "#1"},
				"up": {"uv": [6, 3, 0, 0], "rotation": 90, "texture": "#1"}
			}
		}
	]
}