{
	"credit": "Made with Blockbench",
	"textures": {
		"0": "brewinandchewin:block/coaster/farmersrespite/nether_wart_sourdough",
		"particle": "brewinandchewin:block/coaster/farmersrespite/nether_wart_sourdough"
	},
	"elements": [
		{
			"from": [4, 0, 6],
			"to": [10, 3, 11],
			"rotation": {"angle": 0, "axis": "y", "origin": [4, 0, 6]},
			"faces": {
				"north": {"uv": [7, 6, 13, 9], "texture": "#0"},
				"east": {"uv": [1, 6, 6, 9], "texture": "#0"},
				"south": {"uv": [7, 6, 13, 9], "texture": "#0"},
				"west": {"uv": [1, 6, 6, 9], "texture": "#0"},
				"up": {"uv": [7, 0, 13, 5], "texture": "#0"},
				"down": {"uv": [7, 10, 13, 15], "texture": "#0"}
			}
		}
	]
}