{
	"credit": "Made with Blockbench",
	"textures": {
		"2": "brewinandchewin:block/coaster/farmersrespite/rose_hip_pie_slice",
		"particle": "brewinandchewin:block/coaster/farmersrespite/rose_hip_pie_slice"
	},
	"elements": [
		{
			"name": "cake",
			"from": [6.5, 0, 5],
			"to": [9.5, 3, 11],
			"rotation": {"angle": 0, "axis": "y", "origin": [7, 1, 7]},
			"faces": {
				"north": {"uv": [10, 0, 7, 3], "texture": "#2"},
				"east": {"uv": [0, 4, 6, 7], "texture": "#2"},
				"south": {"uv": [1, 4, 4, 7], "texture": "#2"},
				"west": {"uv": [6, 4, 0, 7], "texture": "#2"},
				"up": {"uv": [6, 3, 0, 0], "rotation": 90, "texture": "#2"}
			}
		}
	]
}