{
	"credit": "Made with Blockbench",
	"textures": {
		"0": "brewinandchewin:block/coaster/farmersrespite/tea_curry",
		"1": "brewinandchewin:block/coaster/bowl",
		"particle": "brewinandchewin:block/coaster/bowl"
	},
	"elements": [
		{
			"name": "bowl",
			"from": [5, 0, 5],
			"to": [11, 2, 11],
			"rotation": {"angle": 0, "axis": "y", "origin": [5, 0, 5]},
			"faces": {
				"north": {"uv": [0, 7, 6, 9], "texture": "#1"},
				"east": {"uv": [0, 7, 6, 9], "texture": "#1"},
				"south": {"uv": [0, 7, 6, 9], "texture": "#1"},
				"west": {"uv": [0, 7, 6, 9], "texture": "#1"},
				"up": {"uv": [0, 0, 6, 6], "texture": "#1"},
				"down": {"uv": [0, 10, 6, 16], "texture": "#1"}
			}
		},
		{
			"name": "south",
			"from": [5, 2, 10],
			"to": [11, 7, 10],
			"rotation": {"angle": 45, "axis": "x", "origin": [9, 2, 10]},
			"faces": {
				"north": {"uv": [8, 0, 14, 5], "texture": "#1"},
				"south": {"uv": [14, 0, 8, 5], "texture": "#1"}
			}
		},
		{
			"name": "north",
			"from": [5, 1.25, 6.75],
			"to": [11, 6.25, 6.75],
			"rotation": {"angle": -45, "axis": "x", "origin": [7, 1.25, 6.75]},
			"faces": {
				"north": {"uv": [8, 1, 14, 6], "texture": "#0"},
				"south": {"uv": [14, 1, 8, 6], "texture": "#0"}
			}
		},
		{
			"name": "east",
			"from": [8.5, 0.5, 5],
			"to": [13.5, 0.5, 11],
			"rotation": {"angle": 45, "axis": "z", "origin": [8.5, 0.5, 7]},
			"faces": {
				"up": {"uv": [8, 7, 14, 12], "rotation": 90, "texture": "#0"},
				"down": {"uv": [14, 7, 8, 12], "rotation": 90, "texture": "#0"}
			}
		},
		{
			"from": [6, 2, 6],
			"to": [10, 2, 10],
			"rotation": {"angle": 0, "axis": "y", "origin": [6, 0, 6]},
			"faces": {
				"up": {"uv": [1, 1, 5, 5], "texture": "#0"},
				"down": {"uv": [1, 5, 5, 1], "texture": "#0"}
			}
		}
	],
	"groups": [
		{
			"name": "bowl",
			"origin": [8, 8, 8],
			"color": 0,
			"children": [0, 1]
		},
		2,
		3,
		4
	]
}