{
	"credit": "Made with Blockbench",
	"textures": {
		"1": "brewinandchewin:block/coaster/shulker_salad_bowl",
		"2": "brewinandchewin:block/coaster/ends_delight/assorted_salad",
		"particle": "brewinandchewin:block/coaster/shulker_salad_bowl"
	},
	"elements": [
		{
			"name": "bowl",
			"from": [5, 0, 5],
			"to": [11, 2, 11],
			"rotation": {"angle": 0, "axis": "y", "origin": [5, 0, 5]},
			"faces": {
				"north": {"uv": [0, 7, 6, 9], "texture": "#1"},
				"east": {"uv": [0, 7, 6, 9], "texture": "#1"},
				"south": {"uv": [0, 7, 6, 9], "texture": "#1"},
				"west": {"uv": [0, 7, 6, 9], "texture": "#1"},
				"up": {"uv": [0, 0, 6, 6], "texture": "#1"},
				"down": {"uv": [0, 10, 6, 16], "texture": "#1"}
			}
		},
		{
			"name": "south",
			"from": [5, 2, 10],
			"to": [11, 7, 10],
			"rotation": {"angle": 45, "axis": "x", "origin": [9, 2, 10]},
			"faces": {
				"north": {"uv": [9, 5, 15, 10], "texture": "#2"},
				"south": {"uv": [15, 5, 9, 10], "texture": "#2"}
			}
		},
		{
			"name": "north",
			"from": [5, 2, 6],
			"to": [11, 7, 6],
			"rotation": {"angle": -45, "axis": "x", "origin": [7, 2, 6]},
			"faces": {
				"north": {"uv": [4, 5, 10, 10], "texture": "#2"},
				"south": {"uv": [10, 5, 4, 10], "texture": "#2"}
			}
		},
		{
			"name": "east",
			"from": [10, 2, 5],
			"to": [15, 2, 11],
			"rotation": {"angle": 45, "axis": "z", "origin": [10, 2, 7]},
			"faces": {
				"up": {"uv": [10, 0, 16, 5], "rotation": 90, "texture": "#2"},
				"down": {"uv": [16, 0, 10, 5], "rotation": 90, "texture": "#2"}
			}
		},
		{
			"name": "west",
			"from": [6, 2, 5],
			"to": [6, 7, 11],
			"rotation": {"angle": 45, "axis": "z", "origin": [6, 2, 9]},
			"faces": {
				"east": {"uv": [4, 0, 10, 5], "texture": "#2"},
				"west": {"uv": [10, 0, 4, 5], "texture": "#2"}
			}
		},
		{
			"name": "leaf",
			"from": [4, 2, 4],
			"to": [12, 2, 12],
			"rotation": {"angle": 0, "axis": "y", "origin": [4, 0, 4]},
			"faces": {
				"up": {"uv": [8, 0, 16, 8], "texture": "#1"},
				"down": {"uv": [8, 8, 16, 0], "texture": "#1"}
			}
		},
		{
			"from": [6, 2, 6],
			"to": [10, 3, 10],
			"rotation": {"angle": 0, "axis": "y", "origin": [6, 0, 6]},
			"faces": {
				"north": {"uv": [0, 10, 4, 11], "texture": "#2"},
				"east": {"uv": [0, 12, 4, 13], "texture": "#2"},
				"south": {"uv": [0, 8, 4, 9], "texture": "#2"},
				"west": {"uv": [0, 6, 4, 7], "texture": "#2"},
				"up": {"uv": [0, 1, 4, 5], "texture": "#2"},
				"down": {"uv": [0, 1, 4, 5], "texture": "#2"}
			}
		}
	],
	"groups": [
		{
			"name": "bowl",
			"origin": [8, 8, 8],
			"color": 0,
			"children": [0, 1, 2, 3, 4, 5]
		},
		6
	]
}