{
	"credit": "Made with Blockbench",
	"textures": {
		"0": "brewinandchewin:block/coaster/ends_delight/chorus_succulent",
		"particle": "brewinandchewin:block/coaster/ends_delight/chorus_succulent"
	},
	"elements": [
		{
			"from": [6.5, 0.5, 10],
			"to": [7.5, 1.5, 11],
			"rotation": {"angle": 0, "axis": "y", "origin": [7, 1, 9.25]},
			"faces": {
				"north": {"uv": [3, 0, 4, 1], "texture": "#0"},
				"east": {"uv": [3, 0, 4, 1], "texture": "#0"},
				"south": {"uv": [3, 0, 4, 1], "texture": "#0"},
				"west": {"uv": [3, 0, 4, 1], "texture": "#0"},
				"up": {"uv": [3, 0, 4, 1], "texture": "#0"},
				"down": {"uv": [3, 0, 4, 1], "texture": "#0"}
			}
		},
		{
			"from": [6, 0, 6],
			"to": [8, 2, 10],
			"rotation": {"angle": 0, "axis": "y", "origin": [7, 1, 9.25]},
			"faces": {
				"north": {"uv": [6, 0, 8, 2], "texture": "#0"},
				"east": {"uv": [3, 0, 5, 4], "rotation": 90, "texture": "#0"},
				"south": {"uv": [3, 0, 5, 2], "texture": "#0"},
				"west": {"uv": [4, 0, 6, 4], "rotation": 270, "texture": "#0"},
				"up": {"uv": [0, 0, 2, 4], "texture": "#0"},
				"down": {"uv": [2, 0, 4, 4], "texture": "#0"}
			}
		},
		{
			"from": [9.75, 0.5, 8],
			"to": [10.5, 1.25, 8.75],
			"rotation": {"angle": 22.5, "axis": "y", "origin": [8.625, 0.875, 8.5]},
			"faces": {
				"north": {"uv": [0, 5, 1, 6], "texture": "#0"},
				"east": {"uv": [0, 5, 1, 6], "texture": "#0"},
				"south": {"uv": [0, 5, 1, 6], "texture": "#0"},
				"west": {"uv": [0, 5, 1, 6], "texture": "#0"},
				"up": {"uv": [0, 5, 1, 6], "texture": "#0"},
				"down": {"uv": [0, 5, 1, 6], "texture": "#0"}
			}
		},
		{
			"from": [9.5, 0, 5],
			"to": [11, 1.5, 8],
			"rotation": {"angle": 22.5, "axis": "y", "origin": [8.625, 0.875, 8.5]},
			"faces": {
				"north": {"uv": [6, 5, 8, 7], "texture": "#0"},
				"east": {"uv": [4, 5, 6, 8], "rotation": 90, "texture": "#0"},
				"south": {"uv": [6, 5, 8, 7], "texture": "#0"},
				"west": {"uv": [4, 5, 6, 8], "rotation": 270, "texture": "#0"},
				"up": {"uv": [0, 5, 2, 8], "texture": "#0"},
				"down": {"uv": [2, 5, 4, 8], "texture": "#0"}
			}
		}
	]
}