{
	"credit": "Made with Blockbench",
	"textures": {
		"0": "brewinandchewin:block/coaster/ends_delight/chorus_fruit_grain",
		"particle": "brewinandchewin:block/coaster/ends_delight/chorus_fruit_grain"
	},
	"elements": [
		{
			"from": [9, 0, 5.5],
			"to": [11, 2, 7.5],
			"rotation": {"angle": 0, "axis": "y", "origin": [10, 1, 6.5]},
			"faces": {
				"north": {"uv": [0, 3, 2, 5], "texture": "#0"},
				"east": {"uv": [0, 2, 2, 4], "texture": "#0"},
				"south": {"uv": [1, 2, 3, 4], "rotation": 90, "texture": "#0"},
				"west": {"uv": [3, 0, 5, 2], "texture": "#0"},
				"up": {"uv": [0, 0, 2, 2], "rotation": 90, "texture": "#0"},
				"down": {"uv": [0, 1, 2, 3], "rotation": 180, "texture": "#0"}
			}
		},
		{
			"from": [5.5, 0, 6],
			"to": [7.5, 2, 8],
			"rotation": {"angle": -22.5, "axis": "y", "origin": [6.5, 1, 7]},
			"faces": {
				"north": {"uv": [1, 3, 3, 5], "texture": "#0"},
				"east": {"uv": [0, 2, 2, 4], "texture": "#0"},
				"south": {"uv": [0, 2, 2, 4], "rotation": 90, "texture": "#0"},
				"west": {"uv": [0, 0, 2, 2], "texture": "#0"},
				"up": {"uv": [2, 0, 4, 2], "rotation": 90, "texture": "#0"},
				"down": {"uv": [1, 3, 3, 5], "rotation": 180, "texture": "#0"}
			}
		},
		{
			"from": [7.5, 0, 9],
			"to": [9.5, 2, 11],
			"rotation": {"angle": 45, "axis": "y", "origin": [8.5, 1, 10]},
			"faces": {
				"north": {"uv": [3, 0, 5, 2], "texture": "#0"},
				"east": {"uv": [1, 0, 3, 2], "texture": "#0"},
				"south": {"uv": [1, 3, 3, 5], "rotation": 90, "texture": "#0"},
				"west": {"uv": [3, 0, 5, 2], "texture": "#0"},
				"up": {"uv": [2, 0, 4, 2], "rotation": 90, "texture": "#0"},
				"down": {"uv": [0, 3, 2, 5], "rotation": 180, "texture": "#0"}
			}
		}
	]
}