{
	"credit": "Made with Blockbench",
	"textures": {
		"0": "brewinandchewin:block/coaster/ends_delight/chorus_flower_pie",
		"particle": "brewinandchewin:block/coaster/ends_delight/chorus_flower_pie"
	},
	"elements": [
		{
			"from": [5, 0, 5],
			"to": [11, 3, 11],
			"rotation": {"angle": 0, "axis": "y", "origin": [7, 1.5, 8]},
			"faces": {
				"north": {"uv": [0, 9, 6, 12], "texture": "#0"},
				"east": {"uv": [6, 6, 12, 9], "texture": "#0"},
				"south": {"uv": [6, 9, 12, 12], "texture": "#0"},
				"west": {"uv": [0, 6, 6, 9], "texture": "#0"},
				"up": {"uv": [0, 0, 6, 6], "texture": "#0"},
				"down": {"uv": [6, 0, 12, 6], "texture": "#0"}
			}
		}
	]
}