{
	"credit": "Made with Blockbench",
	"textures": {
		"0": "brewinandchewin:block/coaster/ends_delight/chorus_cookie",
		"particle": "brewinandchewin:block/coaster/ends_delight/chorus_cookie"
	},
	"elements": [
		{
			"from": [4.91117, 0, 6.62955],
			"to": [7.91117, 1, 9.62955],
			"rotation": {"angle": -22.5, "axis": "y", "origin": [8.53806, 0.5, 8.53806]},
			"faces": {
				"north": {"uv": [1, 6, 5, 7], "texture": "#0"},
				"east": {"uv": [5, 6, 1, 7], "texture": "#0"},
				"south": {"uv": [1, 6, 5, 7], "texture": "#0"},
				"west": {"uv": [5, 6, 1, 7], "texture": "#0"},
				"up": {"uv": [1, 1, 5, 5], "texture": "#0"},
				"down": {"uv": [6, 1, 10, 5], "texture": "#0"}
			}
		},
		{
			"from": [8.25314, 0, 8.83086],
			"to": [11.25314, 1, 11.83086],
			"rotation": {"angle": 22.5, "axis": "y", "origin": [8.53806, 0.5, 8.53806]},
			"faces": {
				"north": {"uv": [5, 6, 1, 7], "texture": "#0"},
				"east": {"uv": [1, 6, 5, 7], "texture": "#0"},
				"south": {"uv": [5, 6, 1, 7], "texture": "#0"},
				"west": {"uv": [1, 6, 5, 7], "texture": "#0"},
				"up": {"uv": [1, 1, 5, 5], "rotation": 270, "texture": "#0"},
				"down": {"uv": [6, 1, 10, 5], "rotation": 90, "texture": "#0"}
			}
		}
	]
}