{
	"credit": "Made with Blockbench",
	"textures": {
		"0": "brewinandchewin:block/coaster/ends_delight/chorus_sauce",
		"1": "brewinandchewin:block/coaster/bowl",
		"particle": "brewinandchewin:block/coaster/ends_delight/chorus_sauce"
	},
	"elements": [
		{
			"name": "bowl",
			"from": [5, 0, 5],
			"to": [11, 2, 11],
			"rotation": {"angle": 0, "axis": "y", "origin": [5, 0, 5]},
			"faces": {
				"north": {"uv": [0, 7, 6, 9], "texture": "#1"},
				"east": {"uv": [0, 7, 6, 9], "texture": "#1"},
				"south": {"uv": [0, 7, 6, 9], "texture": "#1"},
				"west": {"uv": [0, 7, 6, 9], "texture": "#1"},
				"up": {"uv": [0, 0, 6, 6], "texture": "#1"},
				"down": {"uv": [0, 10, 6, 16], "texture": "#1"}
			}
		},
		{
			"from": [6, 2, 6],
			"to": [10, 2, 10],
			"rotation": {"angle": 0, "axis": "y", "origin": [6, 0, 6]},
			"faces": {
				"up": {"uv": [1, 1, 5, 5], "texture": "#0"},
				"down": {"uv": [1, 5, 5, 1], "texture": "#0"}
			}
		},
		{
			"name": "south",
			"from": [5, 2, 10],
			"to": [11, 7, 10],
			"rotation": {"angle": 45, "axis": "x", "origin": [9, 2, 10]},
			"faces": {
				"north": {"uv": [7, 0, 13, 5], "texture": "#0"},
				"south": {"uv": [13, 0, 7, 5], "texture": "#0"}
			}
		}
	],
	"groups": [
		{
			"name": "bowl",
			"origin": [8, 8, 8],
			"color": 0,
			"children": [0]
		},
		1,
		2
	]
}