{
	"credit": "Made with Blockbench",
	"textures": {
		"0": "brewinandchewin:block/coaster/ends_delight/end_barbecue_stick",
		"particle": "brewinandchewin:block/coaster/ends_delight/end_barbecue_stick"
	},
	"elements": [
		{
			"name": "stick",
			"from": [1, 1, 8],
			"to": [15, 2, 9],
			"rotation": {"angle": 0, "axis": "y", "origin": [1, 0, 8]},
			"faces": {
				"north": {"uv": [0, 0, 14, 1], "rotation": 180, "texture": "#0"},
				"east": {"uv": [13, 0, 14, 1], "texture": "#0"},
				"south": {"uv": [0, 0, 14, 1], "texture": "#0"},
				"west": {"uv": [0, 0, 1, 1], "texture": "#0"},
				"up": {"uv": [0, 0, 14, 1], "texture": "#0"},
				"down": {"uv": [0, 0, 14, 1], "texture": "#0"}
			}
		},
		{
			"from": [10.75, 0, 7],
			"to": [13.25, 3, 10],
			"rotation": {"angle": 0, "axis": "z", "origin": [12.25, 1.5, 9.5]},
			"faces": {
				"north": {"uv": [0, 8, 4, 11], "rotation": 270, "texture": "#0"},
				"east": {"uv": [0, 1, 4, 5], "rotation": 90, "texture": "#0"},
				"south": {"uv": [0, 8, 4, 11], "rotation": 90, "texture": "#0"},
				"west": {"uv": [0, 1, 4, 5], "rotation": 90, "texture": "#0"},
				"up": {"uv": [0, 5, 4, 8], "rotation": 90, "texture": "#0"},
				"down": {"uv": [0, 5, 4, 8], "rotation": 90, "texture": "#0"}
			}
		},
		{
			"from": [9.25, 0.25, 7.25],
			"to": [10.75, 2.75, 9.75],
			"rotation": {"angle": 0, "axis": "z", "origin": [9.25, 5.25, 7.25]},
			"faces": {
				"north": {"uv": [4, 7, 8, 9], "rotation": 270, "texture": "#0"},
				"east": {"uv": [4, 1, 8, 5], "rotation": 90, "texture": "#0"},
				"south": {"uv": [4, 7, 8, 9], "rotation": 90, "texture": "#0"},
				"west": {"uv": [4, 1, 8, 5], "rotation": 90, "texture": "#0"},
				"up": {"uv": [4, 5, 8, 7], "rotation": 90, "texture": "#0"},
				"down": {"uv": [4, 5, 8, 7], "rotation": 90, "texture": "#0"}
			}
		},
		{
			"from": [7.25, 0.5, 7],
			"to": [9.25, 2.5, 10],
			"rotation": {"angle": 0, "axis": "y", "origin": [7.75, 2, 7.5]},
			"faces": {
				"north": {"uv": [8, 7, 10, 9], "texture": "#0"},
				"east": {"uv": [8, 4, 10, 7], "rotation": 270, "texture": "#0"},
				"south": {"uv": [8, 7, 10, 9], "texture": "#0"},
				"west": {"uv": [8, 4, 10, 7], "rotation": 270, "texture": "#0"},
				"up": {"uv": [8, 1, 10, 4], "texture": "#0"},
				"down": {"uv": [8, 1, 10, 4], "rotation": 180, "texture": "#0"}
			}
		},
		{
			"from": [4.25, 0, 7],
			"to": [7.25, 3, 10],
			"rotation": {"angle": 0, "axis": "y", "origin": [4.25, 0, 7]},
			"faces": {
				"north": {"uv": [10, 4, 13, 7], "rotation": 270, "texture": "#0"},
				"east": {"uv": [10, 1, 13, 4], "texture": "#0"},
				"south": {"uv": [10, 4, 13, 7], "rotation": 270, "texture": "#0"},
				"west": {"uv": [13, 1, 16, 4], "texture": "#0"},
				"up": {"uv": [13, 4, 16, 7], "rotation": 90, "texture": "#0"},
				"down": {"uv": [13, 4, 16, 7], "rotation": 90, "texture": "#0"}
			}
		}
	]
}