{
	"credit": "Made with Blockbench",
	"textures": {
		"0": "brewinandchewin:block/coaster/ends_delight/ender_sausage",
		"particle": "brewinandchewin:block/coaster/ends_delight/ender_sausage"
	},
	"elements": [
		{
			"from": [5.5, 0, 3],
			"to": [7.5, 2, 11],
			"rotation": {"angle": 0, "axis": "y", "origin": [6.5, 1, 7]},
			"faces": {
				"north": {"uv": [0, 11, 2, 13], "texture": "#0"},
				"east": {"uv": [0, 8, 2, 0], "rotation": 90, "texture": "#0"},
				"south": {"uv": [0, 11, 2, 13], "texture": "#0"},
				"west": {"uv": [0, 8, 2, 0], "rotation": 90, "texture": "#0"},
				"up": {"uv": [0, 0, 2, 8], "texture": "#0"},
				"down": {"uv": [0, 0, 2, 8], "texture": "#0"}
			}
		},
		{
			"from": [6, 0.5, 2.5],
			"to": [7, 1.5, 3],
			"rotation": {"angle": 0, "axis": "y", "origin": [6.5, 1, 7]},
			"faces": {
				"north": {"uv": [0, 9, 1, 10], "texture": "#0"},
				"east": {"uv": [0, 9, 1, 10], "texture": "#0"},
				"south": {"uv": [0, 9, 1, 10], "texture": "#0"},
				"west": {"uv": [0, 9, 1, 10], "texture": "#0"},
				"up": {"uv": [0, 9, 1, 10], "texture": "#0"},
				"down": {"uv": [0, 9, 1, 10], "texture": "#0"}
			}
		},
		{
			"from": [6, 0.5, 11],
			"to": [7, 1.5, 11.5],
			"rotation": {"angle": 0, "axis": "y", "origin": [6.5, 1, 7]},
			"faces": {
				"north": {"uv": [1, 9, 2, 10], "texture": "#0"},
				"east": {"uv": [1, 9, 2, 10], "texture": "#0"},
				"south": {"uv": [1, 9, 2, 10], "texture": "#0"},
				"west": {"uv": [1, 9, 2, 10], "texture": "#0"},
				"up": {"uv": [1, 9, 2, 10], "texture": "#0"},
				"down": {"uv": [1, 9, 2, 10], "texture": "#0"}
			}
		},
		{
			"from": [8.5, 0, 4],
			"to": [10.5, 2, 10],
			"rotation": {"angle": 0, "axis": "y", "origin": [9.5, 1, 7]},
			"faces": {
				"north": {"uv": [3, 9, 5, 11], "texture": "#0"},
				"east": {"uv": [3, 6, 5, 0], "rotation": 90, "texture": "#0"},
				"south": {"uv": [3, 9, 5, 11], "texture": "#0"},
				"west": {"uv": [3, 6, 5, 0], "rotation": 270, "texture": "#0"},
				"up": {"uv": [3, 0, 5, 6], "texture": "#0"},
				"down": {"uv": [3, 0, 5, 6], "texture": "#0"}
			}
		},
		{
			"from": [9, 0.5, 10],
			"to": [10, 1.5, 10.5],
			"rotation": {"angle": 0, "axis": "y", "origin": [9.5, 1, 7]},
			"faces": {
				"north": {"uv": [0, 9, 1, 10], "texture": "#0"},
				"east": {"uv": [0, 9, 1, 10], "texture": "#0"},
				"south": {"uv": [0, 9, 1, 10], "texture": "#0"},
				"west": {"uv": [0, 9, 1, 10], "texture": "#0"},
				"up": {"uv": [0, 9, 1, 10], "texture": "#0"},
				"down": {"uv": [0, 9, 1, 10], "texture": "#0"}
			}
		},
		{
			"from": [9, 0.5, 3.5],
			"to": [10, 1.5, 4],
			"rotation": {"angle": 0, "axis": "y", "origin": [9.5, 1, 7]},
			"faces": {
				"north": {"uv": [1, 9, 2, 10], "texture": "#0"},
				"east": {"uv": [1, 9, 2, 10], "texture": "#0"},
				"south": {"uv": [1, 9, 2, 10], "texture": "#0"},
				"west": {"uv": [1, 9, 2, 10], "texture": "#0"},
				"up": {"uv": [1, 9, 2, 10], "texture": "#0"},
				"down": {"uv": [1, 9, 2, 10], "texture": "#0"}
			}
		}
	]
}