{
	"credit": "Made with Blockbench",
	"textures": {
		"0": "brewinandchewin:block/coaster/ends_delight/ender_pearl_grain",
		"particle": "brewinandchewin:block/coaster/ends_delight/ender_pearl_grain"
	},
	"elements": [
		{
			"from": [8.5, 0, 5],
			"to": [10.5, 2, 7],
			"rotation": {"angle": 0, "axis": "y", "origin": [9.5, 1, 6]},
			"faces": {
				"north": {"uv": [0, 1, 2, 3], "texture": "#0"},
				"east": {"uv": [2, 0, 4, 2], "texture": "#0"},
				"south": {"uv": [3, 0, 5, 2], "rotation": 90, "texture": "#0"},
				"west": {"uv": [4, 0, 6, 2], "texture": "#0"},
				"up": {"uv": [0, 0, 2, 2], "rotation": 90, "texture": "#0"},
				"down": {"uv": [1, 1, 3, 3], "rotation": 180, "texture": "#0"}
			}
		},
		{
			"from": [5, 0, 6],
			"to": [7, 2, 8],
			"rotation": {"angle": -45, "axis": "y", "origin": [6, 1, 7]},
			"faces": {
				"north": {"uv": [0, 1, 2, 3], "texture": "#0"},
				"east": {"uv": [2, 0, 4, 2], "texture": "#0"},
				"south": {"uv": [3, 0, 5, 2], "rotation": 90, "texture": "#0"},
				"west": {"uv": [4, 0, 6, 2], "texture": "#0"},
				"up": {"uv": [0, 0, 2, 2], "rotation": 90, "texture": "#0"},
				"down": {"uv": [1, 1, 3, 3], "rotation": 180, "texture": "#0"}
			}
		},
		{
			"from": [7.5, 0, 8.5],
			"to": [9.5, 2, 10.5],
			"rotation": {"angle": 22.5, "axis": "y", "origin": [8.5, 1, 9.5]},
			"faces": {
				"north": {"uv": [0, 1, 2, 3], "texture": "#0"},
				"east": {"uv": [2, 0, 4, 2], "texture": "#0"},
				"south": {"uv": [3, 0, 5, 2], "rotation": 90, "texture": "#0"},
				"west": {"uv": [4, 0, 6, 2], "texture": "#0"},
				"up": {"uv": [0, 0, 2, 2], "rotation": 90, "texture": "#0"},
				"down": {"uv": [1, 1, 3, 3], "rotation": 180, "texture": "#0"}
			}
		}
	]
}