{
	"credit": "Made with Blockbench",
	"textures": {
		"0": "brewinandchewin:block/coaster/ends_delight/ender_bamboo_rice",
		"1": "brewinandchewin:block/coaster/bamboo_tube",
		"particle": "brewinandchewin:block/coaster/bamboo_tube"
	},
	"elements": [
		{
			"from": [4, 0.05, 7],
			"to": [12, 3.05, 10],
			"rotation": {"angle": 0, "axis": "y", "origin": [8, 1.9875, 8]},
			"faces": {
				"north": {"uv": [0, 4, 8, 8], "texture": "#1"},
				"south": {"uv": [0, 4, 8, 8], "texture": "#1"},
				"down": {"uv": [8, 0, 16, 4], "texture": "#1"}
			}
		},
		{
			"from": [12, 0.05, 7],
			"to": [4, 3.05, 10],
			"rotation": {"angle": 0, "axis": "y", "origin": [8, 1.9875, 8]},
			"faces": {
				"north": {"uv": [0, 4, 8, 8], "texture": "#1"},
				"south": {"uv": [0, 4, 8, 8], "texture": "#1"},
				"down": {"uv": [8, 0, 16, 4], "texture": "#1"}
			}
		},
		{
			"from": [4.5, 0.05, 7],
			"to": [11.5, 2.8, 10],
			"rotation": {"angle": 0, "axis": "y", "origin": [8, 1.9875, 8]},
			"faces": {
				"east": {"uv": [8, 4, 12, 8], "texture": "#1"},
				"west": {"uv": [8, 4, 12, 8], "texture": "#1"}
			}
		},
		{
			"from": [11.5, 0.05, 7],
			"to": [4.5, 2.8, 10],
			"rotation": {"angle": 0, "axis": "y", "origin": [8, 1.9875, 8]},
			"faces": {
				"east": {"uv": [8, 4, 12, 8], "texture": "#1"},
				"west": {"uv": [8, 4, 12, 8], "texture": "#1"}
			}
		},
		{
			"from": [4.5, 2.5, 7],
			"to": [11.5, 2.5, 10],
			"rotation": {"angle": 0, "axis": "y", "origin": [4.5, 3.25, 6]},
			"faces": {
				"up": {"uv": [0, 0, 7, 3], "texture": "#0"},
				"down": {"uv": [0, 0, 7, 3], "texture": "#0"}
			}
		}
	],
	"groups": [
		{
			"name": "group",
			"origin": [8, 8, 8],
			"color": 0,
			"children": [0, 1, 2, 3]
		},
		4
	]
}