{
	"credit": "Made with Blockbench",
	"textures": {
		"0": "brewinandchewin:block/coaster/ends_delight/enderman_gristle",
		"particle": "brewinandchewin:block/coaster/ends_delight/enderman_gristle"
	},
	"elements": [
		{
			"from": [8.5, 0, 8],
			"to": [10, 1.5, 11],
			"rotation": {"angle": 0, "axis": "y", "origin": [8.5, 0, 8]},
			"faces": {
				"north": {"uv": [1, 2, 3, 4], "texture": "#0"},
				"east": {"uv": [0, 1, 3, 3], "texture": "#0"},
				"south": {"uv": [3, 5, 5, 7], "texture": "#0"},
				"west": {"uv": [3, 5, 6, 7], "texture": "#0"},
				"up": {"uv": [3, 4, 5, 7], "texture": "#0"},
				"down": {"uv": [3, 4, 5, 7], "texture": "#0"}
			}
		},
		{
			"from": [5.5, 0, 6],
			"to": [7.5, 2, 10],
			"rotation": {"angle": 0, "axis": "y", "origin": [5.5, 0, 6]},
			"faces": {
				"north": {"uv": [0, 4, 2, 6], "texture": "#0"},
				"east": {"uv": [1, 1, 3, 5], "rotation": 90, "texture": "#0"},
				"south": {"uv": [0, 4, 2, 6], "texture": "#0"},
				"west": {"uv": [3, 3, 1, 7], "rotation": 270, "texture": "#0"},
				"up": {"uv": [1, 0, 3, 4], "texture": "#0"},
				"down": {"uv": [0, 0, 2, 4], "texture": "#0"}
			}
		}
	]
}