{
	"credit": "Made with Blockbench",
	"textures": {
		"0": "brewinandchewin:block/coaster/ends_delight/fried_dragon_egg",
		"particle": "brewinandchewin:block/coaster/ends_delight/fried_dragon_egg"
	},
	"elements": [
		{
			"from": [5, 0.25, 5],
			"to": [11, 0.25, 11],
			"rotation": {"angle": 0, "axis": "y", "origin": [5, 0.25, 5]},
			"faces": {
				"up": {"uv": [7, 7, 1, 1], "texture": "#0"}
			}
		},
		{
			"from": [7, 0, 7],
			"to": [9, 0.75, 9],
			"rotation": {"angle": 0, "axis": "y", "origin": [7, 0, 7]},
			"faces": {
				"north": {"uv": [9, 5, 11, 6], "texture": "#0"},
				"east": {"uv": [8, 3, 9, 5], "rotation": 270, "texture": "#0"},
				"south": {"uv": [9, 2, 11, 3], "texture": "#0"},
				"west": {"uv": [11, 3, 12, 5], "rotation": 90, "texture": "#0"},
				"up": {"uv": [5, 5, 3, 3], "texture": "#0"},
				"down": {"uv": [5, 3, 3, 5], "texture": "#0"}
			}
		}
	]
}