{
	"credit": "Made with Blockbench",
	"textures": {
		"0": "brewinandchewin:block/coaster/ends_delight/raw_dragon_meat",
		"particle": "brewinandchewin:block/coaster/ends_delight/raw_dragon_meat"
	},
	"elements": [
		{
			"from": [5, 0, 5],
			"to": [12, 3, 12],
			"rotation": {"angle": 0, "axis": "y", "origin": [7.5, 1.5, 7.5]},
			"faces": {
				"north": {"uv": [7, 7, 14, 10], "texture": "#0"},
				"east": {"uv": [0, 7, 7, 10], "texture": "#0"},
				"south": {"uv": [7, 7, 14, 10], "texture": "#0"},
				"west": {"uv": [0, 7, 7, 10], "texture": "#0"},
				"up": {"uv": [0, 0, 7, 7], "texture": "#0"},
				"down": {"uv": [0, 0, 7, 7], "texture": "#0"}
			}
		}
	]
}