{
	"credit": "Made with Blockbench",
	"textures": {
		"0": "brewinandchewin:block/coaster/ends_delight/shulker_meat_slice",
		"particle": "brewinandchewin:block/coaster/ends_delight/shulker_meat_slice"
	},
	"elements": [
		{
			"from": [5, 0, 5],
			"to": [10, 1, 10],
			"rotation": {"angle": 0, "axis": "y", "origin": [5, 0, 5]},
			"faces": {
				"north": {"uv": [0, 7, 5, 8], "texture": "#0"},
				"east": {"uv": [0, 8, 5, 9], "texture": "#0"},
				"south": {"uv": [0, 5, 5, 6], "texture": "#0"},
				"west": {"uv": [5, 6, 0, 7], "texture": "#0"},
				"up": {"uv": [0, 0, 5, 5], "texture": "#0"},
				"down": {"uv": [5, 0, 10, 5], "texture": "#0"}
			}
		}
	]
}