{
	"credit": "Made with Blockbench",
	"textures": {
		"0": "brewinandchewin:block/coaster/ends_delight/shulker_omelette",
		"particle": "brewinandchewin:block/coaster/ends_delight/shulker_omelette"
	},
	"elements": [
		{
			"from": [6, 0, 6],
			"to": [10, 2, 11],
			"rotation": {"angle": 0, "axis": "y", "origin": [8, 1.5, 9]},
			"faces": {
				"north": {"uv": [0, 8, 4, 11], "texture": "#0"},
				"east": {"uv": [5, 5, 0, 8], "texture": "#0"},
				"south": {"uv": [4, 8, 8, 11], "texture": "#0"},
				"west": {"uv": [0, 5, 5, 8], "texture": "#0"},
				"up": {"uv": [0, 0, 4, 5], "texture": "#0"},
				"down": {"uv": [4, 0, 8, 5], "texture": "#0"}
			}
		}
	]
}