{
	"credit": "Made with Blockbench",
	"textures": {
		"0": "brewinandchewin:block/coaster/ends_delight/shulker_omelette_mixture",
		"1": "brewinandchewin:block/coaster/bowl",
		"particle": "brewinandchewin:block/coaster/bowl"
	},
	"elements": [
		{
			"name": "bowl",
			"from": [5, 0, 5],
			"to": [11, 2, 11],
			"rotation": {"angle": 0, "axis": "y", "origin": [5, 0, 5]},
			"faces": {
				"north": {"uv": [0, 7, 6, 9], "texture": "#1"},
				"east": {"uv": [0, 7, 6, 9], "texture": "#1"},
				"south": {"uv": [0, 7, 6, 9], "texture": "#1"},
				"west": {"uv": [0, 7, 6, 9], "texture": "#1"},
				"up": {"uv": [0, 0, 6, 6], "texture": "#1"},
				"down": {"uv": [0, 10, 6, 16], "texture": "#1"}
			}
		},
		{
			"name": "south",
			"from": [5, 2, 10],
			"to": [11, 7, 10],
			"rotation": {"angle": 45, "axis": "x", "origin": [9, 2, 10]},
			"faces": {
				"north": {"uv": [8, 6, 14, 11], "texture": "#1"},
				"south": {"uv": [14, 6, 8, 11], "texture": "#1"}
			}
		},
		{
			"name": "north",
			"from": [5, 2, 6],
			"to": [11, 7, 6],
			"rotation": {"angle": -45, "axis": "x", "origin": [7, 2, 6]},
			"faces": {
				"north": {"uv": [10, 6, 16, 11], "texture": "#1"},
				"south": {"uv": [16, 6, 10, 11], "texture": "#1"}
			}
		},
		{
			"name": "east",
			"from": [10, 2, 5],
			"to": [15, 2, 11],
			"rotation": {"angle": 45, "axis": "z", "origin": [10, 2, 7]},
			"faces": {
				"up": {"uv": [10, 6, 16, 11], "rotation": 90, "texture": "#1"},
				"down": {"uv": [16, 6, 10, 11], "rotation": 90, "texture": "#1"}
			}
		},
		{
			"name": "west",
			"from": [6, 2, 5],
			"to": [6, 7, 11],
			"rotation": {"angle": 45, "axis": "z", "origin": [6, 2, 9]},
			"faces": {
				"east": {"uv": [10, 6, 16, 11], "texture": "#1"},
				"west": {"uv": [16, 6, 10, 11], "texture": "#1"}
			}
		},
		{
			"from": [5, 2.01, 5],
			"to": [11, 2.01, 11],
			"rotation": {"angle": 0, "axis": "y", "origin": [5, 0, 5]},
			"faces": {
				"up": {"uv": [0, 0, 6, 6], "texture": "#0"},
				"down": {"uv": [0, 6, 6, 0], "texture": "#0"}
			}
		},
		{
			"from": [6, 1, 4.995],
			"to": [10, 2, 4.995],
			"rotation": {"angle": 0, "axis": "x", "origin": [8, 3, 5]},
			"faces": {
				"north": {"uv": [10, 3, 6, 4], "rotation": 180, "texture": "#0"},
				"south": {"uv": [10, 3, 6, 4], "texture": "#0"}
			}
		},
		{
			"from": [7, 2, 7],
			"to": [9, 2.5, 9],
			"rotation": {"angle": 0, "axis": "y", "origin": [7, 2, 7]},
			"faces": {
				"north": {"uv": [1, 2, 3, 2.5], "rotation": 180, "texture": "#0"},
				"east": {"uv": [2.5, 2, 3, 4], "rotation": 90, "texture": "#0"},
				"south": {"uv": [1, 3.5, 3, 4], "texture": "#0"},
				"west": {"uv": [1, 2, 1.5, 4], "rotation": 270, "texture": "#0"},
				"up": {"uv": [1, 2, 3, 4], "texture": "#0"},
				"down": {"uv": [1, 2, 3, 4], "texture": "#0"}
			}
		}
	],
	"groups": [
		{
			"name": "bowl",
			"origin": [8, 8, 8],
			"color": 0,
			"children": [0, 1, 2, 3, 4]
		},
		5,
		6,
		7
	]
}