{
	"credit": "Made with Blockbench",
	"textures": {
		"0": "brewinandchewin:block/coaster/ends_delight/smoked_dragon_leg",
		"particle": "brewinandchewin:block/coaster/ends_delight/smoked_dragon_leg"
	},
	"elements": [
		{
			"from": [7, 0, 7],
			"to": [12, 5, 13],
			"rotation": {"angle": 0, "axis": "y", "origin": [9.5, 2.5, 6.875]},
			"faces": {
				"north": {"uv": [5, 0, 10, 5], "texture": "#0"},
				"east": {"uv": [0, 5, 5, 11], "rotation": 270, "texture": "#0"},
				"south": {"uv": [0, 0, 5, 5], "texture": "#0"},
				"west": {"uv": [0, 5, 5, 11], "rotation": 90, "texture": "#0"},
				"up": {"uv": [5, 11, 0, 5], "texture": "#0"},
				"down": {"uv": [5, 5, 0, 11], "texture": "#0"}
			}
		},
		{
			"from": [7.5, 0.5, 6],
			"to": [11.5, 4.5, 7],
			"rotation": {"angle": 0, "axis": "y", "origin": [9.5, 2.5, 6.875]},
			"faces": {
				"north": {"uv": [7, 8, 11, 12], "texture": "#0"},
				"east": {"uv": [7, 8, 8, 12], "texture": "#0"},
				"south": {"uv": [7, 8, 11, 12], "texture": "#0"},
				"west": {"uv": [10, 8, 11, 12], "texture": "#0"},
				"up": {"uv": [7, 8, 11, 9], "texture": "#0"},
				"down": {"uv": [11, 11, 7, 12], "texture": "#0"}
			}
		},
		{
			"from": [9, 2, 4],
			"to": [10, 3, 6],
			"rotation": {"angle": 0, "axis": "z", "origin": [9.5, 2.5, 6.875]},
			"faces": {
				"north": {"uv": [13, 11, 14, 12], "rotation": 90, "texture": "#0"},
				"east": {"uv": [13, 9, 14, 11], "rotation": 270, "texture": "#0"},
				"south": {"uv": [13, 9, 14, 10], "rotation": 270, "texture": "#0"},
				"west": {"uv": [13, 9, 14, 11], "rotation": 90, "texture": "#0"},
				"up": {"uv": [13, 9, 14, 11], "rotation": 180, "texture": "#0"},
				"down": {"uv": [13, 9, 14, 11], "texture": "#0"}
			}
		},
		{
			"from": [9.75, 2, 3.25],
			"to": [10.75, 3, 4.25],
			"rotation": {"angle": 0, "axis": "z", "origin": [9.5, 2.5, 6.875]},
			"faces": {
				"north": {"uv": [13, 10, 14, 11], "rotation": 90, "texture": "#0"},
				"east": {"uv": [13, 10, 14, 11], "rotation": 270, "texture": "#0"},
				"south": {"uv": [13, 10, 14, 11], "rotation": 270, "texture": "#0"},
				"west": {"uv": [13, 10, 14, 11], "rotation": 270, "texture": "#0"},
				"up": {"uv": [13, 10, 14, 11], "rotation": 270, "texture": "#0"},
				"down": {"uv": [13, 10, 14, 11], "rotation": 270, "texture": "#0"}
			}
		},
		{
			"from": [8.25, 2, 3.25],
			"to": [9.25, 3, 4.25],
			"rotation": {"angle": 0, "axis": "z", "origin": [9.5, 2.5, 6.875]},
			"faces": {
				"north": {"uv": [13, 10, 14, 11], "rotation": 90, "texture": "#0"},
				"east": {"uv": [13, 10, 14, 11], "rotation": 270, "texture": "#0"},
				"south": {"uv": [13, 10, 14, 11], "rotation": 270, "texture": "#0"},
				"west": {"uv": [13, 10, 14, 11], "rotation": 270, "texture": "#0"},
				"up": {"uv": [13, 10, 14, 11], "rotation": 270, "texture": "#0"},
				"down": {"uv": [13, 10, 14, 11], "rotation": 270, "texture": "#0"}
			}
		}
	],
	"groups": [
		0,
		1,
		{
			"name": "bone",
			"origin": [0, 2.75, -0.75],
			"color": 0,
			"children": [2, 3, 4]
		}
	]
}