{
  "credit": "Made with Blockbench",
  "texture_size": [
    32,
    32
  ],
  "textures": {
    "0": "betternether:item/cincinnasite_shears_hand",
    "particle": "betternether:item/cincinnasite_shears_hand"
  },
  "elements": [
    {
      "from": [
        8,
        1.4,
        8.1
      ],
      "to": [
        8,
        8.4,
        11.1
      ],
      "rotation": {
        "angle": 22.5,
        "axis": "x",
        "origin": [
          6,
          1.4,
          8.1
        ]
      },
      "faces": {
        "north": {
          "uv": [
            0,
            0,
            0,
            3.5
          ],
          "texture": "#0"
        },
        "east": {
          "uv": [
            0,
            0,
            1.5,
            3.5
          ],
          "texture": "#0"
        },
        "south": {
          "uv": [
            0,
            0,
            0,
            3.5
          ],
          "texture": "#0"
        },
        "west": {
          "uv": [
            1.5,
            3.5,
            3,
            7
          ],
          "texture": "#0"
        },
        "up": {
          "uv": [
            0,
            1.5,
            0,
            0
          ],
          "texture": "#0"
        },
        "down": {
          "uv": [
            0,
            0,
            0,
            1.5
          ],
          "texture": "#0"
        }
      }
    },
    {
      "from": [
        7.75,
        1.4,
        7.6
      ],
      "to": [
        7.75,
        8.4,
        10.6
      ],
      "rotation": {
        "angle": 22.5,
        "axis": "x",
        "origin": [
          5.75,
          1.4,
          7.6
        ]
      },
      "faces": {
        "north": {
          "uv": [
            0,
            0,
            0,
            3.5
          ],
          "texture": "#0"
        },
        "east": {
          "uv": [
            0,
            3.5,
            1.5,
            7
          ],
          "texture": "#0"
        },
        "south": {
          "uv": [
            0,
            0,
            0,
            3.5
          ],
          "texture": "#0"
        },
        "west": {
          "uv": [
            3,
            0,
            4.5,
            3.5
          ],
          "texture": "#0"
        },
        "up": {
          "uv": [
            0,
            1.5,
            0,
            0
          ],
          "texture": "#0"
        },
        "down": {
          "uv": [
            0,
            0,
            0,
            1.5
          ],
          "texture": "#0"
        }
      }
    },
    {
      "from": [
        8,
        1.4,
        4.75
      ],
      "to": [
        8,
        8.4,
        7.75
      ],
      "rotation": {
        "angle": 0,
        "axis": "x",
        "origin": [
          6,
          1.4,
          4.75
        ]
      },
      "faces": {
        "north": {
          "uv": [
            0,
            0,
            0,
            3.5
          ],
          "texture": "#0"
        },
        "east": {
          "uv": [
            1.5,
            3.5,
            3,
            7
          ],
          "texture": "#0"
        },
        "south": {
          "uv": [
            0,
            0,
            0,
            3.5
          ],
          "texture": "#0"
        },
        "west": {
          "uv": [
            0,
            0,
            1.5,
            3.5
          ],
          "texture": "#0"
        },
        "up": {
          "uv": [
            0,
            1.5,
            0,
            0
          ],
          "texture": "#0"
        },
        "down": {
          "uv": [
            0,
            0,
            0,
            1.5
          ],
          "texture": "#0"
        }
      }
    },
    {
      "from": [
        7.75,
        1.25,
        5.25
      ],
      "to": [
        7.75,
        8.25,
        8.25
      ],
      "rotation": {
        "angle": 0,
        "axis": "x",
        "origin": [
          5.75,
          1.25,
          5.25
        ]
      },
      "faces": {
        "north": {
          "uv": [
            0,
            0,
            0,
            3.5
          ],
          "texture": "#0"
        },
        "east": {
          "uv": [
            1.5,
            0,
            3,
            3.5
          ],
          "texture": "#0"
        },
        "south": {
          "uv": [
            0,
            0,
            0,
            3.5
          ],
          "texture": "#0"
        },
        "west": {
          "uv": [
            4.5,
            0,
            6,
            3.5
          ],
          "texture": "#0"
        },
        "up": {
          "uv": [
            0,
            1.5,
            0,
            0
          ],
          "texture": "#0"
        },
        "down": {
          "uv": [
            0,
            0,
            0,
            1.5
          ],
          "texture": "#0"
        }
      }
    },
    {
      "from": [
        7,
        0,
        7
      ],
      "to": [
        9,
        2,
        9
      ],
      "rotation": {
        "angle": 0,
        "axis": "y",
        "origin": [
          7,
          0,
          7
        ]
      },
      "faces": {
        "north": {
          "uv": [
            6,
            3,
            7,
            4.5
          ],
          "texture": "#0"
        },
        "east": {
          "uv": [
            6,
            0,
            7.5,
            1.5
          ],
          "texture": "#0"
        },
        "south": {
          "uv": [
            6,
            4.5,
            7,
            6
          ],
          "texture": "#0"
        },
        "west": {
          "uv": [
            6,
            1.5,
            7.5,
            3
          ],
          "texture": "#0"
        },
        "up": {
          "uv": [
            7,
            7.5,
            6,
            6
          ],
          "texture": "#0"
        },
        "down": {
          "uv": [
            1,
            7,
            0,
            8.5
          ],
          "texture": "#0"
        }
      }
    }
  ],
  "display": {
    "thirdperson_righthand": {
      "rotation": [
        0,
        180,
        0
      ],
      "translation": [
        0,
        7,
        0
      ]
    },
    "firstperson_righthand": {
      "rotation": [
        -13,
        -133,
        0
      ],
      "translation": [
        1,
        8,
        -1.75
      ]
    },
    "firstperson_lefthand": {
      "rotation": [
        -13,
        -133,
        0
      ],
      "translation": [
        1,
        8,
        -1.75
      ]
    },
    "ground": {
      "translation": [
        0,
        4.75,
        0
      ]
    },
    "gui": {
      "rotation": [
        30,
        -135,
        0
      ],
      "translation": [
        1,
        5,
        0
      ],
      "scale": [
        1.5,
        1.5,
        1.5
      ]
    }
  },
  "groups": [
    {
      "name": "shears",
      "origin": [
        7,
        0,
        7
      ],
      "color": 0,
      "children": [
        0,
        1,
        2,
        3,
        4
      ]
    }
  ]
}