{
  "credit": "Made with Blockbench",
  "textures": {
    "0": "betternether:item/feather_fern_hand",
    "1": "betternether:item/feather_fern_hand",
    "particle": "betternether:item/feather_fern_hand"
  },
  "elements": [
    {
      "from": [
        6.5,
        1,
        8
      ],
      "to": [
        9.5,
        4,
        11
      ],
      "rotation": {
        "angle": 0,
        "axis": "y",
        "origin": [
          7.5,
          1,
          8
        ]
      },
      "faces": {
        "north": {
          "uv": [
            0,
            0,
            3,
            3
          ],
          "texture": "#0"
        },
        "east": {
          "uv": [
            0,
            3,
            3,
            6
          ],
          "texture": "#0"
        },
        "south": {
          "uv": [
            3,
            0,
            6,
            3
          ],
          "texture": "#0"
        },
        "west": {
          "uv": [
            3,
            3,
            6,
            6
          ],
          "texture": "#0"
        },
        "up": {
          "uv": [
            3,
            9,
            0,
            6
          ],
          "texture": "#0"
        },
        "down": {
          "uv": [
            9,
            0,
            6,
            3
          ],
          "texture": "#0"
        }
      }
    },
    {
      "name": "cube_outline",
      "from": [
        9.7,
        4.2,
        11.2
      ],
      "to": [
        6.3,
        0.8,
        7.8
      ],
      "rotation": {
        "angle": 0,
        "axis": "y",
        "origin": [
          7.5,
          1,
          8
        ]
      },
      "faces": {
        "north": {
          "uv": [
            0,
            0,
            3,
            3
          ],
          "texture": "#1"
        },
        "east": {
          "uv": [
            0,
            3,
            3,
            6
          ],
          "texture": "#1"
        },
        "south": {
          "uv": [
            3,
            0,
            6,
            3
          ],
          "texture": "#1"
        },
        "west": {
          "uv": [
            3,
            3,
            6,
            6
          ],
          "texture": "#1"
        },
        "up": {
          "uv": [
            3,
            9,
            0,
            6
          ],
          "texture": "#1"
        },
        "down": {
          "uv": [
            9,
            0,
            6,
            3
          ],
          "texture": "#1"
        }
      }
    }
  ],
  "display": {
    "thirdperson_righthand": {
      "translation": [
        0,
        4.5,
        -1
      ],
      "scale": [
        0.8,
        0.8,
        0.8
      ]
    },
    "thirdperson_lefthand": {
      "translation": [
        0,
        4.5,
        -1
      ],
      "scale": [
        0.8,
        0.8,
        0.8
      ]
    },
    "firstperson_righthand": {
      "rotation": [
        168.42,
        76.25,
        170.38
      ],
      "translation": [
        0.75,
        7,
        1.25
      ],
      "scale": [
        0.8,
        0.8,
        0.8
      ]
    },
    "firstperson_lefthand": {
      "rotation": [
        168.42,
        76.25,
        170.38
      ],
      "translation": [
        0.75,
        7,
        1.25
      ],
      "scale": [
        0.8,
        0.8,
        0.8
      ]
    }
  }
}