{
  "format_version": "1.21.6",
  "credit": "Made with Blockbench",
  "texture_size": [
    32,
    32
  ],
  "textures": {
    "1": "betternether:item/nether_ruby_hand",
    "2": "item/emetexture",
    "3": "item/shine_blink2",
    "4": "item/shine_blink",
    "particle": "item/emetexture"
  },
  "elements": [
    {
      "from": [
        6,
        -0.5,
        6.5
      ],
      "to": [
        10,
        5.5,
        7.5
      ],
      "light_emission": 15,
      "rotation": {
        "angle": 0,
        "axis": "y",
        "origin": [
          8,
          2.5,
          8.5
        ]
      },
      "faces": {
        "north": {
          "uv": [
            0,
            3.5,
            2,
            6.5
          ],
          "texture": "#1"
        },
        "east": {
          "uv": [
            3.5,
            6.5,
            4,
            9.5
          ],
          "texture": "#1"
        },
        "south": {
          "uv": [
            3.5,
            0,
            5.5,
            3
          ],
          "texture": "#1"
        },
        "west": {
          "uv": [
            4,
            6.5,
            4.5,
            9.5
          ],
          "texture": "#1"
        },
        "up": {
          "uv": [
            2,
            7,
            0,
            6.5
          ],
          "texture": "#1"
        },
        "down": {
          "uv": [
            10,
            6,
            8,
            6.5
          ],
          "texture": "#1"
        }
      }
    },
    {
      "from": [
        6,
        -0.5,
        9.5
      ],
      "to": [
        10,
        5.5,
        10.5
      ],
      "light_emission": 15,
      "rotation": {
        "angle": 0,
        "axis": "y",
        "origin": [
          8,
          2.5,
          8.5
        ]
      },
      "faces": {
        "north": {
          "uv": [
            3.5,
            0,
            5.5,
            3
          ],
          "texture": "#1"
        },
        "east": {
          "uv": [
            3.5,
            6.5,
            4,
            9.5
          ],
          "texture": "#1"
        },
        "south": {
          "uv": [
            2,
            3.5,
            0,
            6.5
          ],
          "texture": "#1"
        },
        "west": {
          "uv": [
            4,
            6.5,
            4.5,
            9.5
          ],
          "texture": "#1"
        },
        "up": {
          "uv": [
            2,
            6.5,
            0,
            7
          ],
          "texture": "#1"
        },
        "down": {
          "uv": [
            10,
            6,
            8,
            6.5
          ],
          "texture": "#1"
        }
      }
    },
    {
      "from": [
        4.5,
        -1,
        7
      ],
      "to": [
        11.5,
        6,
        10
      ],
      "light_emission": 15,
      "rotation": {
        "angle": 0,
        "axis": "y",
        "origin": [
          8,
          2.5,
          8
        ]
      },
      "faces": {
        "north": {
          "uv": [
            0,
            0,
            3.5,
            3.5
          ],
          "texture": "#1"
        },
        "east": {
          "uv": [
            2,
            3.5,
            3.5,
            7
          ],
          "texture": "#1"
        },
        "south": {
          "uv": [
            3.5,
            0,
            0,
            3.5
          ],
          "texture": "#1"
        },
        "west": {
          "uv": [
            3.5,
            3,
            5,
            6.5
          ],
          "texture": "#1"
        },
        "up": {
          "uv": [
            8.5,
            4.5,
            5,
            3
          ],
          "texture": "#1"
        },
        "down": {
          "uv": [
            8.5,
            4.5,
            5,
            6
          ],
          "texture": "#1"
        }
      }
    },
    {
      "from": [
        5.5,
        6,
        7
      ],
      "to": [
        10.5,
        7,
        10
      ],
      "light_emission": 15,
      "rotation": {
        "angle": 0,
        "axis": "y",
        "origin": [
          8.5,
          2.5,
          8
        ]
      },
      "faces": {
        "north": {
          "uv": [
            8.5,
            5,
            11,
            5.5
          ],
          "texture": "#1"
        },
        "east": {
          "uv": [
            8.5,
            8.5,
            10,
            9
          ],
          "texture": "#1"
        },
        "south": {
          "uv": [
            11,
            5,
            8.5,
            5.5
          ],
          "texture": "#1"
        },
        "west": {
          "uv": [
            0,
            9,
            1.5,
            9.5
          ],
          "texture": "#1"
        },
        "up": {
          "uv": [
            11,
            4.5,
            8.5,
            3
          ],
          "texture": "#1"
        },
        "down": {
          "uv": [
            7,
            8.5,
            4.5,
            10
          ],
          "texture": "#1"
        }
      }
    },
    {
      "from": [
        5.5,
        -2,
        7
      ],
      "to": [
        10.5,
        -1,
        10
      ],
      "light_emission": 15,
      "rotation": {
        "angle": 0,
        "axis": "y",
        "origin": [
          8.5,
          2.5,
          8
        ]
      },
      "faces": {
        "north": {
          "uv": [
            8.5,
            4.5,
            11,
            5
          ],
          "texture": "#1"
        },
        "east": {
          "uv": [
            1.5,
            8.5,
            3,
            9
          ],
          "texture": "#1"
        },
        "south": {
          "uv": [
            11,
            4.5,
            8.5,
            5
          ],
          "texture": "#1"
        },
        "west": {
          "uv": [
            7,
            8.5,
            8.5,
            9
          ],
          "texture": "#1"
        },
        "up": {
          "uv": [
            11,
            1.5,
            8.5,
            0
          ],
          "texture": "#1"
        },
        "down": {
          "uv": [
            11,
            1.5,
            8.5,
            3
          ],
          "texture": "#1"
        }
      }
    },
    {
      "from": [
        7.5,
        3,
        6.49
      ],
      "to": [
        8.5,
        4,
        6.49
      ],
      "rotation": {
        "angle": 0,
        "axis": "y",
        "origin": [
          6.5,
          3,
          4.5
        ]
      },
      "faces": {
        "north": {
          "uv": [
            4.5,
            6.5,
            5,
            7
          ],
          "texture": "#1"
        },
        "east": {
          "uv": [
            0,
            0,
            0,
            0.5
          ],
          "texture": "#1"
        },
        "south": {
          "uv": [
            4.5,
            6.5,
            5,
            7
          ],
          "texture": "#1"
        },
        "west": {
          "uv": [
            0,
            0,
            0,
            0.5
          ],
          "texture": "#1"
        },
        "up": {
          "uv": [
            0.5,
            0,
            0,
            0
          ],
          "texture": "#1"
        },
        "down": {
          "uv": [
            0,
            0,
            0.5,
            0
          ],
          "texture": "#1"
        }
      }
    },
    {
      "from": [
        7.5,
        3,
        10.51
      ],
      "to": [
        8.5,
        4,
        10.51
      ],
      "rotation": {
        "angle": 0,
        "axis": "y",
        "origin": [
          6.5,
          3,
          7
        ]
      },
      "faces": {
        "north": {
          "uv": [
            4.5,
            6.5,
            5,
            7
          ],
          "texture": "#1"
        },
        "east": {
          "uv": [
            0,
            0,
            0,
            0.5
          ],
          "texture": "#1"
        },
        "south": {
          "uv": [
            4.5,
            6.5,
            5,
            7
          ],
          "texture": "#1"
        },
        "west": {
          "uv": [
            0,
            0,
            0,
            0.5
          ],
          "texture": "#1"
        },
        "up": {
          "uv": [
            0.5,
            0,
            0,
            0
          ],
          "texture": "#1"
        },
        "down": {
          "uv": [
            0,
            0,
            0.5,
            0
          ],
          "texture": "#1"
        }
      }
    },
    {
      "from": [
        14,
        1,
        2
      ],
      "to": [
        16,
        3,
        2
      ],
      "rotation": {
        "angle": 0,
        "axis": "y",
        "origin": [
          14,
          1,
          2
        ]
      },
      "faces": {
        "north": {
          "uv": [
            8,
            0,
            0,
            8
          ],
          "texture": "#3"
        },
        "east": {
          "uv": [
            0,
            0,
            0,
            1
          ],
          "texture": "#3"
        },
        "south": {
          "uv": [
            0,
            1,
            1,
            2
          ],
          "texture": "#3"
        },
        "west": {
          "uv": [
            0,
            0,
            0,
            1
          ],
          "texture": "#3"
        },
        "up": {
          "uv": [
            1,
            0,
            0,
            0
          ],
          "texture": "#3"
        },
        "down": {
          "uv": [
            0,
            0,
            1,
            0
          ],
          "texture": "#3"
        }
      }
    },
    {
      "from": [
        4,
        7,
        4
      ],
      "to": [
        6,
        9,
        4
      ],
      "rotation": {
        "angle": 0,
        "axis": "y",
        "origin": [
          4,
          7,
          4
        ]
      },
      "faces": {
        "north": {
          "uv": [
            0,
            0,
            8,
            8
          ],
          "texture": "#4"
        },
        "east": {
          "uv": [
            0,
            0,
            0,
            1
          ],
          "texture": "#4"
        },
        "south": {
          "uv": [
            0,
            1,
            1,
            2
          ],
          "texture": "#4"
        },
        "west": {
          "uv": [
            0,
            0,
            0,
            1
          ],
          "texture": "#4"
        },
        "up": {
          "uv": [
            1,
            0,
            0,
            0
          ],
          "texture": "#4"
        },
        "down": {
          "uv": [
            1,
            0,
            0,
            0
          ],
          "texture": "#4"
        }
      }
    },
    {
      "from": [
        11,
        8,
        7
      ],
      "to": [
        13,
        10,
        7
      ],
      "rotation": {
        "angle": 0,
        "axis": "y",
        "origin": [
          11,
          8,
          7
        ]
      },
      "faces": {
        "north": {
          "uv": [
            0,
            0,
            8,
            8
          ],
          "texture": "#4"
        },
        "east": {
          "uv": [
            0,
            0,
            0,
            1
          ],
          "texture": "#4"
        },
        "south": {
          "uv": [
            0,
            1,
            1,
            2
          ],
          "texture": "#4"
        },
        "west": {
          "uv": [
            0,
            0,
            0,
            1
          ],
          "texture": "#4"
        },
        "up": {
          "uv": [
            1,
            0,
            0,
            0
          ],
          "texture": "#4"
        },
        "down": {
          "uv": [
            1,
            0,
            0,
            0
          ],
          "texture": "#4"
        }
      }
    },
    {
      "name": "cube_outline",
      "from": [
        10.7,
        -0.8,
        10.2
      ],
      "to": [
        5.3,
        -2.2,
        6.8
      ],
      "rotation": {
        "angle": 0,
        "axis": "y",
        "origin": [
          8.5,
          2.5,
          8
        ]
      },
      "faces": {
        "north": {
          "uv": [
            11,
            4.5,
            8.5,
            5
          ],
          "rotation": 180,
          "texture": "#2"
        },
        "east": {
          "uv": [
            7,
            8.5,
            8.5,
            9
          ],
          "rotation": 180,
          "texture": "#2"
        },
        "south": {
          "uv": [
            8.5,
            4.5,
            11,
            5
          ],
          "rotation": 180,
          "texture": "#2"
        },
        "west": {
          "uv": [
            1.5,
            8.5,
            3,
            9
          ],
          "rotation": 180,
          "texture": "#2"
        },
        "up": {
          "uv": [
            11,
            1.5,
            8.5,
            3
          ],
          "rotation": 180,
          "texture": "#2"
        },
        "down": {
          "uv": [
            11.5,
            13,
            9,
            11.5
          ],
          "rotation": 180,
          "texture": "#2"
        }
      }
    },
    {
      "name": "cube_outline",
      "from": [
        10.7,
        7.2,
        10.2
      ],
      "to": [
        5.3,
        5.8,
        6.8
      ],
      "rotation": {
        "angle": 0,
        "axis": "y",
        "origin": [
          8.5,
          2.5,
          8
        ]
      },
      "faces": {
        "north": {
          "uv": [
            11,
            5,
            8.5,
            5.5
          ],
          "rotation": 180,
          "texture": "#2"
        },
        "east": {
          "uv": [
            5.45,
            11.2,
            6.95,
            11.7
          ],
          "rotation": 180,
          "texture": "#2"
        },
        "south": {
          "uv": [
            8.5,
            5,
            11,
            5.5
          ],
          "rotation": 180,
          "texture": "#2"
        },
        "west": {
          "uv": [
            8.5,
            8.5,
            10,
            9
          ],
          "rotation": 180,
          "texture": "#2"
        },
        "up": {
          "uv": [
            6,
            11.5,
            3.5,
            13
          ],
          "rotation": 180,
          "texture": "#2"
        },
        "down": {
          "uv": [
            11,
            4.5,
            8.5,
            3
          ],
          "rotation": 180,
          "texture": "#2"
        }
      }
    },
    {
      "name": "cube_outline",
      "from": [
        11.7,
        6.2,
        10.2
      ],
      "to": [
        4.3,
        -1.2,
        6.8
      ],
      "rotation": {
        "angle": 0,
        "axis": "y",
        "origin": [
          8,
          2.5,
          8
        ]
      },
      "faces": {
        "north": {
          "uv": [
            3.5,
            0,
            0,
            3.5
          ],
          "rotation": 180,
          "texture": "#2"
        },
        "east": {
          "uv": [
            3.5,
            3,
            5,
            6.5
          ],
          "rotation": 180,
          "texture": "#2"
        },
        "south": {
          "uv": [
            0,
            0,
            3.5,
            3.5
          ],
          "rotation": 180,
          "texture": "#2"
        },
        "west": {
          "uv": [
            2,
            3.5,
            3.5,
            7
          ],
          "rotation": 180,
          "texture": "#2"
        },
        "up": {
          "uv": [
            12.75,
            11.5,
            10.25,
            12.5
          ],
          "rotation": 180,
          "texture": "#2"
        },
        "down": {
          "uv": [
            8,
            13.5,
            4.5,
            12
          ],
          "rotation": 180,
          "texture": "#2"
        }
      }
    }
  ],
  "display": {
    "thirdperson_righthand": {
      "translation": [
        -1.25,
        3.25,
        1
      ],
      "scale": [
        0.5,
        0.5,
        0.5
      ]
    },
    "thirdperson_lefthand": {
      "translation": [
        -1.25,
        3.25,
        1
      ],
      "scale": [
        0.5,
        0.5,
        0.5
      ]
    },
    "firstperson_righthand": {
      "rotation": [
        168.42,
        76.25,
        170.38
      ],
      "translation": [
        0.75,
        5.5,
        0.25
      ],
      "scale": [
        0.6,
        0.6,
        0.6
      ]
    },
    "firstperson_lefthand": {
      "rotation": [
        168.42,
        76.25,
        170.38
      ],
      "translation": [
        0.75,
        5.5,
        0.25
      ],
      "scale": [
        0.6,
        0.6,
        0.6
      ]
    }
  },
  "groups": [
    {
      "name": "emerald",
      "origin": [
        6,
        3,
        6.5
      ],
      "color": 0,
      "children": [
        0,
        1,
        2,
        3,
        4,
        5,
        6,
        7,
        8,
        9,
        10,
        11,
        12
      ]
    }
  ]
}