{
	"credit": "Made with Blockbench",
	"textures": {
		"0": "brewinandchewin:block/coaster/bamboo_tube",
		"particle": "brewinandchewin:block/coaster/bamboo_tube"
	},
	"elements": [
		{
			"from": [4, 0.05, 6],
			"to": [12, 4.05, 10],
			"faces": {
				"north": {"uv": [0, 4, 8, 8], "texture": "#0"},
				"south": {"uv": [0, 4, 8, 8], "texture": "#0"},
				"down": {"uv": [8, 0, 16, 4], "texture": "#0"}
			}
		},
		{
			"from": [12, 0.05, 6],
			"to": [4, 4.05, 10],
			"rotation": {"angle": 0, "axis": "y", "origin": [8, 0, 0]},
			"faces": {
				"north": {"uv": [0, 4, 8, 8], "texture": "#0"},
				"south": {"uv": [0, 4, 8, 8], "texture": "#0"},
				"down": {"uv": [8, 0, 16, 4], "texture": "#0"}
			}
		},
		{
			"from": [4.5, 0.05, 6],
			"to": [11.5, 3.8, 10],
			"rotation": {"angle": 0, "axis": "y", "origin": [0.5, 0, 0]},
			"faces": {
				"east": {"uv": [8, 4, 12, 8], "texture": "#0"},
				"west": {"uv": [8, 4, 12, 8], "texture": "#0"}
			}
		},
		{
			"from": [11.5, 0.05, 6],
			"to": [4.5, 3.8, 10],
			"rotation": {"angle": 0, "axis": "y", "origin": [7.5, 0, 0]},
			"faces": {
				"east": {"uv": [8, 4, 12, 8], "texture": "#0"},
				"west": {"uv": [8, 4, 12, 8], "texture": "#0"}
			}
		},
		{
			"from": [4, 0.01, 7],
			"to": [14, 0.01, 13],
			"rotation": {"angle": 22.5, "axis": "y", "origin": [9, 0, 10]},
			"faces": {
				"up": {"uv": [6, 10, 16, 16], "texture": "#0"},
				"down": {"uv": [6, 10, 16, 16], "texture": "#0"}
			}
		}
	],
	"groups": [
		{
			"name": "group",
			"origin": [8, 8, 8],
			"color": 0,
			"children": [0, 1, 2, 3]
		},
		4
	]
}