{
	"credit": "Made with Blockbench",
	"textures": {
		"0": "brewinandchewin:block/coaster/bamboo_cup",
		"particle": "brewinandchewin:block/coaster/bamboo_cup"
	},
	"elements": [
		{
			"from": [6, -0.25, 6],
			"to": [10.5, 5.25, 10.5],
			"rotation": {"angle": 0, "axis": "y", "origin": [8.25, 3, 8.25]},
			"faces": {
				"north": {"uv": [0, 0, 4, 5], "texture": "#0"},
				"east": {"uv": [5, 0, 9, 5], "texture": "#0"},
				"south": {"uv": [5, 0, 9, 5], "texture": "#0"},
				"west": {"uv": [5, 0, 9, 5], "texture": "#0"},
				"up": {"uv": [0, 5, 4, 9], "texture": "#0"},
				"down": {"uv": [0, 9, 4, 13], "texture": "#0"}
			}
		},
		{
			"from": [6.25, 4.25, 7],
			"to": [10.25, 5.25, 7],
			"rotation": {"angle": 0, "axis": "y", "origin": [6.25, 4.25, 7.25]},
			"faces": {
				"north": {"uv": [0, 0, 4, 1], "texture": "#0"},
				"south": {"uv": [0, 0, 4, 1], "rotation": 180, "texture": "#0"}
			}
		},
		{
			"from": [6.25, 4.25, 9.5],
			"to": [10.25, 5.25, 9.5],
			"rotation": {"angle": 0, "axis": "y", "origin": [6.25, 4.25, 9.75]},
			"faces": {
				"north": {"uv": [0, 8, 4, 9], "texture": "#0"},
				"south": {"uv": [0, 8, 4, 9], "rotation": 180, "texture": "#0"}
			}
		},
		{
			"from": [7, 4.25, 6.25],
			"to": [7, 5.25, 10.25],
			"rotation": {"angle": 0, "axis": "y", "origin": [7.25, 4.25, 10.25]},
			"faces": {
				"east": {"uv": [0, 5, 4, 6], "rotation": 180, "texture": "#0"},
				"west": {"uv": [0, 5, 4, 6], "texture": "#0"}
			}
		},
		{
			"from": [9.5, 4.25, 6.25],
			"to": [9.5, 5.25, 10.25],
			"rotation": {"angle": 0, "axis": "y", "origin": [9.75, 4.25, 10.25]},
			"faces": {
				"east": {"uv": [5, 0, 9, 1], "rotation": 180, "texture": "#0"},
				"west": {"uv": [5, 0, 9, 1], "texture": "#0"}
			}
		}
	],
	"groups": [
		{
			"name": "group",
			"origin": [8, 8, 8],
			"color": 0,
			"children": [0, 1, 2, 3, 4]
		}
	]
}