{
	"credit": "Made with Blockbench",
	"textures": {
		"0": "brewinandchewin:block/coaster/burger_bread",
		"particle": "brewinandchewin:block/coaster/burger_bread"
	},
	"elements": [
		{
			"name": "top",
			"from": [6, 1, 6],
			"to": [11, 3, 11],
			"rotation": {"angle": 0, "axis": "y", "origin": [0, 1, 0]},
			"faces": {
				"north": {"uv": [6, 0, 11, 2], "texture": "#0"},
				"east": {"uv": [6, 0, 11, 2], "texture": "#0"},
				"south": {"uv": [6, 0, 11, 2], "texture": "#0"},
				"west": {"uv": [6, 0, 11, 2], "texture": "#0"},
				"up": {"uv": [0, 0, 5, 5], "texture": "#0"},
				"down": {"uv": [0, 0, 5, 5], "texture": "#0"}
			}
		},
		{
			"name": "bottom",
			"from": [6, 0, 6],
			"to": [11, 1, 11],
			"faces": {
				"north": {"uv": [0, 6, 5, 7], "texture": "#0"},
				"east": {"uv": [0, 6, 5, 7], "texture": "#0"},
				"south": {"uv": [0, 6, 5, 7], "texture": "#0"},
				"west": {"uv": [0, 6, 5, 7], "texture": "#0"},
				"up": {"uv": [0, 0, 5, 5], "texture": "#0"},
				"down": {"uv": [0, 0, 5, 5], "texture": "#0"}
			}
		}
	],
	"groups": [
		{
			"name": "burger_bread",
			"origin": [0, 2.5, 0],
			"color": 0,
			"children": [0, 1]
		}
	]
}