{
	"credit": "Made with Blockbench",
	"textures": {
		"0": "brewinandchewin:block/coaster/glass_bottle",
		"particle": "brewinandchewin:block/coaster/glass_bottle"
	},
	"elements": [
		{
			"from": [6, 0, 6],
			"to": [10, 4, 10],
			"rotation": {"angle": 0, "axis": "y", "origin": [6, 0, 6]},
			"faces": {
				"north": {"uv": [0, 2, 4, 6], "texture": "#0"},
				"east": {"uv": [0, 2, 4, 6], "texture": "#0"},
				"south": {"uv": [0, 2, 4, 6], "texture": "#0"},
				"west": {"uv": [0, 2, 4, 6], "texture": "#0"},
				"up": {"uv": [5, 2, 9, 6], "texture": "#0"},
				"down": {"uv": [0, 7, 4, 11], "texture": "#0"}
			}
		},
		{
			"from": [7, 4, 7],
			"to": [9, 6, 9],
			"rotation": {"angle": 0, "axis": "y", "origin": [7, 4, 7]},
			"faces": {
				"north": {"uv": [1, 0, 3, 2], "texture": "#0"},
				"east": {"uv": [1, 0, 3, 2], "texture": "#0"},
				"south": {"uv": [1, 0, 3, 2], "texture": "#0"},
				"west": {"uv": [1, 0, 3, 2], "texture": "#0"},
				"up": {"uv": [4, 0, 6, 2], "texture": "#0"}
			}
		}
	]
}