{
	"credit": "Made with Blockbench",
	"textures": {
		"0": "brewinandchewin:block/coaster/glass_teacup",
		"particle": "brewinandchewin:block/coaster/glass_teacup"
	},
	"elements": [
		{
			"from": [5.5, 0.85, 5.5],
			"to": [10.5, 5.85, 10.5],
			"rotation": {"angle": 0, "axis": "y", "origin": [6.25, 2.75, 8]},
			"faces": {
				"north": {"uv": [0, 0, 5, 5], "texture": "#0"},
				"east": {"uv": [0, 0, 5, 5], "texture": "#0"},
				"south": {"uv": [0, 0, 5, 5], "texture": "#0"},
				"west": {"uv": [0, 0, 5, 5], "texture": "#0"},
				"down": {"uv": [0, 5, 5, 10], "texture": "#0"}
			}
		},
		{
			"from": [5.25, 0.75, 5.25],
			"to": [10.75, 6, 10.75],
			"rotation": {"angle": 0, "axis": "y", "origin": [6.25, 2.75, 8]},
			"faces": {
				"north": {"uv": [6, 0, 11, 5], "texture": "#0"},
				"east": {"uv": [6, 0, 11, 5], "texture": "#0"},
				"south": {"uv": [6, 0, 11, 5], "texture": "#0"},
				"west": {"uv": [6, 0, 11, 5], "texture": "#0"},
				"up": {"uv": [6, 5, 11, 10], "texture": "#0"},
				"down": {"uv": [6, 10, 11, 15], "texture": "#0"}
			}
		},
		{
			"from": [6, 0.25, 6],
			"to": [10, 0.75, 10],
			"rotation": {"angle": 0, "axis": "y", "origin": [8, 1.875, 8]},
			"faces": {
				"north": {"uv": [12, 0, 16, 1], "texture": "#0"},
				"east": {"uv": [12, 0, 16, 1], "texture": "#0"},
				"south": {"uv": [12, 0, 16, 1], "texture": "#0"},
				"west": {"uv": [12, 0, 16, 1], "texture": "#0"},
				"up": {"uv": [12, 0, 16, 4], "texture": "#0"},
				"down": {"uv": [12, 0, 16, 4], "texture": "#0"}
			}
		},
		{
			"from": [3.5, 1.75, 7.5],
			"to": [5.5, 4.75, 8.5],
			"rotation": {"angle": 0, "axis": "y", "origin": [6.25, 3.5, 8]},
			"faces": {
				"north": {"uv": [0, 11, 2, 14], "texture": "#0"},
				"south": {"uv": [2, 11, 0, 14], "texture": "#0"},
				"west": {"uv": [1, 11, 2, 14], "texture": "#0"},
				"up": {"uv": [2, 11, 0, 12], "texture": "#0"},
				"down": {"uv": [0, 13, 2, 14], "texture": "#0"}
			}
		}
	],
	"groups": [
		{
			"name": "glass_teacup",
			"origin": [3.5, 1, 6.5],
			"color": 0,
			"children": [0, 1, 2, 3]
		}
	]
}