{
	"credit": "Made with Blockbench",
	"textures": {
		"1": "brewinandchewin:block/coaster/goblet_huge",
		"particle": "brewinandchewin:block/coaster/goblet_huge"
	},
	"elements": [
		{
			"from": [4.5, 3, 4.5],
			"to": [11.5, 10, 11.5],
			"rotation": {"angle": 0, "axis": "y", "origin": [4.5, 3, 4.5]},
			"faces": {
				"north": {"uv": [0, 7, 7, 14], "texture": "#1"},
				"east": {"uv": [0, 7, 7, 14], "texture": "#1"},
				"south": {"uv": [0, 7, 7, 14], "texture": "#1"},
				"west": {"uv": [0, 7, 7, 14], "texture": "#1"},
				"up": {"uv": [7, 7, 0, 0], "texture": "#1"},
				"down": {"uv": [7, 7, 0, 14], "texture": "#1"}
			}
		},
		{
			"from": [7, 1, 7],
			"to": [9, 3, 9],
			"rotation": {"angle": 0, "axis": "y", "origin": [7, -1, 7]},
			"faces": {
				"north": {"uv": [6, 0, 8, 3], "texture": "#1"},
				"east": {"uv": [8, 1, 10, 3], "texture": "#1"},
				"south": {"uv": [7, 0, 9, 3], "texture": "#1"},
				"west": {"uv": [8, 0, 10, 2], "texture": "#1"}
			}
		},
		{
			"from": [5.5, 0, 5.5],
			"to": [10.5, 1, 10.5],
			"rotation": {"angle": 0, "axis": "y", "origin": [1, -11, 1]},
			"faces": {
				"north": {"uv": [11, 0, 16, 1], "texture": "#1"},
				"east": {"uv": [11, 1, 16, 2], "texture": "#1"},
				"south": {"uv": [11, 0, 16, 1], "texture": "#1"},
				"west": {"uv": [11, 1, 16, 2], "texture": "#1"},
				"up": {"uv": [7, 3, 12, 8], "texture": "#1"},
				"down": {"uv": [7, 8, 12, 13], "texture": "#1"}
			}
		}
	],
	"groups": [
		{
			"name": "goblet_huge",
			"origin": [8, 8, 8],
			"color": 0,
			"children": [0, 1, 2]
		}
	]
}