{
	"credit": "Made with Blockbench",
	"textures": {
		"0": "brewinandchewin:block/coaster/sandwich_bread",
		"particle": "brewinandchewin:block/coaster/sandwich_bread"
	},
	"elements": [
		{
			"name": "top",
			"from": [4, 1, 6],
			"to": [12, 3, 11],
			"rotation": {"angle": 0, "axis": "y", "origin": [4, 1, 6]},
			"faces": {
				"north": {"uv": [0, 6, 8, 8], "texture": "#0"},
				"east": {"uv": [9, 0, 14, 2], "texture": "#0"},
				"south": {"uv": [0, 6, 8, 8], "texture": "#0"},
				"west": {"uv": [9, 0, 14, 2], "texture": "#0"},
				"up": {"uv": [0, 0, 8, 5], "texture": "#0"},
				"down": {"uv": [0, 10, 8, 15], "texture": "#0"}
			}
		},
		{
			"name": "bottom",
			"from": [4, 0, 6],
			"to": [12, 1, 11],
			"faces": {
				"north": {"uv": [0, 8, 8, 9], "texture": "#0"},
				"east": {"uv": [9, 2, 14, 3], "texture": "#0"},
				"south": {"uv": [0, 8, 8, 9], "texture": "#0"},
				"west": {"uv": [9, 2, 14, 3], "texture": "#0"},
				"up": {"uv": [0, 10, 8, 15], "texture": "#0"},
				"down": {"uv": [0, 10, 8, 15], "texture": "#0"}
			}
		}
	],
	"groups": [
		{
			"name": "sandwich_bread",
			"origin": [4, 2, 6],
			"color": 0,
			"children": [0, 1]
		}
	]
}