{
	"credit": "Made with Blockbench",
	"textures": {
		"0": "brewinandchewin:block/coaster/soda_can",
		"particle": "brewinandchewin:block/coaster/soda_can"
	},
	"elements": [
		{
			"from": [5, 1, 5],
			"to": [11, 8, 11],
			"rotation": {"angle": 0, "axis": "y", "origin": [8, 2.5, 8]},
			"faces": {
				"north": {"uv": [0, 0, 6, 7], "texture": "#0"},
				"east": {"uv": [0, 0, 6, 7], "texture": "#0"},
				"south": {"uv": [0, 0, 6, 7], "texture": "#0"},
				"west": {"uv": [0, 0, 6, 7], "texture": "#0"},
				"down": {"uv": [6, 6, 12, 12], "texture": "#0"}
			}
		},
		{
			"from": [11, 1, 5],
			"to": [5, 8, 11],
			"rotation": {"angle": 0, "axis": "y", "origin": [8, 2.5, 8]},
			"faces": {
				"north": {"uv": [0, 0, 6, 7], "texture": "#0"},
				"east": {"uv": [0, 0, 6, 7], "texture": "#0"},
				"south": {"uv": [0, 0, 6, 7], "texture": "#0"},
				"west": {"uv": [0, 0, 6, 7], "texture": "#0"},
				"down": {"uv": [6, 6, 12, 12], "texture": "#0"}
			}
		},
		{
			"from": [6, 0, 6],
			"to": [10, 1, 10],
			"rotation": {"angle": 0, "axis": "y", "origin": [8, 2.5, 8]},
			"faces": {
				"north": {"uv": [1, 14, 5, 15], "texture": "#0"},
				"east": {"uv": [1, 14, 5, 15], "texture": "#0"},
				"south": {"uv": [1, 14, 5, 15], "texture": "#0"},
				"west": {"uv": [1, 14, 5, 15], "texture": "#0"},
				"down": {"uv": [7, 12, 11, 16], "texture": "#0"}
			}
		},
		{
			"from": [6, 1, 5],
			"to": [5, 8, 6],
			"rotation": {"angle": 0, "axis": "y", "origin": [8, 2.5, 8]},
			"faces": {
				"south": {"uv": [5, 7, 6, 14], "texture": "#0"},
				"west": {"uv": [0, 7, 1, 14], "texture": "#0"}
			}
		},
		{
			"from": [5, 1, 5],
			"to": [6, 8, 6],
			"rotation": {"angle": 0, "axis": "y", "origin": [8, 2.5, 8]},
			"faces": {
				"east": {"uv": [0, 7, 1, 14], "texture": "#0"},
				"south": {"uv": [5, 7, 6, 14], "texture": "#0"}
			}
		},
		{
			"from": [10, 1, 6],
			"to": [11, 8, 5],
			"rotation": {"angle": 0, "axis": "y", "origin": [8, 2.5, 8]},
			"faces": {
				"north": {"uv": [0, 7, 1, 14], "texture": "#0"},
				"west": {"uv": [5, 7, 6, 14], "texture": "#0"}
			}
		},
		{
			"from": [10, 1, 5],
			"to": [11, 8, 6],
			"rotation": {"angle": 0, "axis": "y", "origin": [8, 2.5, 8]},
			"faces": {
				"south": {"uv": [0, 7, 1, 14], "texture": "#0"},
				"west": {"uv": [5, 7, 6, 14], "texture": "#0"}
			}
		},
		{
			"from": [11, 1, 10],
			"to": [10, 8, 11],
			"rotation": {"angle": 0, "axis": "y", "origin": [8, 2.5, 8]},
			"faces": {
				"north": {"uv": [5, 7, 6, 14], "texture": "#0"},
				"east": {"uv": [0, 7, 1, 14], "texture": "#0"}
			}
		},
		{
			"from": [10, 1, 10],
			"to": [11, 8, 11],
			"rotation": {"angle": 0, "axis": "y", "origin": [8, 2.5, 8]},
			"faces": {
				"north": {"uv": [5, 7, 6, 14], "texture": "#0"},
				"west": {"uv": [0, 7, 1, 14], "texture": "#0"}
			}
		},
		{
			"from": [5, 1, 11],
			"to": [6, 8, 10],
			"rotation": {"angle": 0, "axis": "y", "origin": [8, 2.5, 8]},
			"faces": {
				"east": {"uv": [5, 7, 6, 14], "texture": "#0"},
				"south": {"uv": [0, 7, 1, 14], "texture": "#0"}
			}
		},
		{
			"from": [5, 1, 10],
			"to": [6, 8, 11],
			"rotation": {"angle": 0, "axis": "y", "origin": [8, 2.5, 8]},
			"faces": {
				"north": {"uv": [0, 7, 1, 14], "texture": "#0"},
				"east": {"uv": [5, 7, 6, 14], "texture": "#0"}
			}
		},
		{
			"from": [5, 7.75, 5],
			"to": [11, 7.75, 11],
			"rotation": {"angle": 0, "axis": "y", "origin": [5, 7, 5]},
			"faces": {
				"up": {"uv": [6, 0, 12, 6], "texture": "#0"}
			}
		}
	],
	"groups": [
		{
			"name": "soda_can",
			"origin": [8, 8, 8],
			"color": 0,
			"children": [0, 1, 2, 3, 4, 5, 6, 7, 8, 9, 10, 11]
		}
	]
}