{
	"credit": "Made with Blockbench",
	"textures": {
		"1": "brewinandchewin:block/coaster/tubularis",
		"particle": "brewinandchewin:block/coaster/tubularis"
	},
	"elements": [
		{
			"from": [8.5, 2, 7.5],
			"to": [9, 9, 8],
			"rotation": {"angle": -22.5, "axis": "x", "origin": [9, 5.5, 8]},
			"faces": {
				"north": {"uv": [0, 0, 1, 7], "texture": "#1"},
				"east": {"uv": [0, 0, 1, 7], "texture": "#1"},
				"south": {"uv": [0, 0, 1, 7], "texture": "#1"},
				"west": {"uv": [0, 0, 1, 7], "texture": "#1"},
				"up": {"uv": [2, 1, 3, 2], "texture": "#1"},
				"down": {"uv": [2, 0, 3, 1], "texture": "#1"}
			}
		}
	]
}