{
	"credit": "Made by pikachurro",
	"texture_size": [32, 32],
	"textures": {
		"2": "item/glass_bottle"
	},
	"elements": [
		{
			"from": [4, 0, 3.5],
			"to": [13, 7, 12.5],
			"rotation": {"angle": 0, "axis": "y", "origin": [8.5, 7.49375, 8]},
			"faces": {
				"north": {"uv": [4.5, 0, 9, 3.5], "texture": "#2"},
				"east": {"uv": [4.5, 3.5, 9, 7], "texture": "#2"},
				"south": {"uv": [4.5, 7, 9, 10.5], "texture": "#2"},
				"west": {"uv": [0, 9, 4.5, 12.5], "texture": "#2"},
				"up": {"uv": [4.5, 4.5, 0, 0], "texture": "#2"},
				"down": {"uv": [4.5, 4.5, 0, 9], "texture": "#2"}
			}
		},
		{
			"from": [5, 7, 4.5],
			"to": [12, 8, 11.5],
			"rotation": {"angle": 0, "axis": "y", "origin": [8.5, 7.49375, 8]},
			"faces": {
				"north": {"uv": [12.5, 1.5, 16, 2], "texture": "#2"},
				"east": {"uv": [12.5, 2, 16, 2.5], "texture": "#2"},
				"south": {"uv": [12.5, 2.5, 16, 3], "texture": "#2"},
				"west": {"uv": [12.5, 3, 16, 3.5], "texture": "#2"},
				"up": {"uv": [12.5, 3.5, 9, 0], "texture": "#2"},
				"down": {"uv": [12.5, 3.5, 9, 7], "texture": "#2"}
			}
		},
		{
			"from": [6, 8, 5.5],
			"to": [11, 9, 10.5],
			"rotation": {"angle": 0, "axis": "y", "origin": [8.5, 7.49375, 8]},
			"faces": {
				"north": {"uv": [12.5, 5.5, 15, 6], "texture": "#2"},
				"east": {"uv": [12.5, 6, 15, 6.5], "texture": "#2"},
				"south": {"uv": [12.5, 6.5, 15, 7], "texture": "#2"},
				"west": {"uv": [11, 12.5, 13.5, 13], "texture": "#2"},
				"up": {"uv": [11.5, 9.5, 9, 7], "texture": "#2"},
				"down": {"uv": [11.5, 9.5, 9, 12], "texture": "#2"}
			}
		},
		{
			"from": [7, 9, 6.5],
			"to": [10, 11, 9.5],
			"rotation": {"angle": 0, "axis": "y", "origin": [8.5, 7.49375, 8]},
			"faces": {
				"north": {"uv": [1.5, 12.5, 3, 13.5], "texture": "#2"},
				"east": {"uv": [3, 12.5, 4.5, 13.5], "texture": "#2"},
				"south": {"uv": [12.5, 3.5, 14, 4.5], "texture": "#2"},
				"west": {"uv": [12.5, 4.5, 14, 5.5], "texture": "#2"},
				"up": {"uv": [8.5, 12, 7, 10.5], "texture": "#2"},
				"down": {"uv": [11, 12, 9.5, 13.5], "texture": "#2"}
			}
		},
		{
			"from": [6, 11, 5.5],
			"to": [11, 12, 10.5],
			"rotation": {"angle": 0, "axis": "y", "origin": [8.5, 7.49375, 8]},
			"faces": {
				"north": {"uv": [11.5, 9.5, 14, 10], "texture": "#2"},
				"east": {"uv": [11.5, 10.5, 14, 11], "texture": "#2"},
				"south": {"uv": [11.5, 11.5, 14, 12], "texture": "#2"},
				"west": {"uv": [7, 12, 9.5, 12.5], "texture": "#2"},
				"up": {"uv": [7, 13, 4.5, 10.5], "texture": "#2"},
				"down": {"uv": [14, 7, 11.5, 9.5], "texture": "#2"}
			}
		},
		{
			"from": [7.025, 10, 6.525],
			"to": [9.975, 13, 9.475],
			"rotation": {"angle": 0, "axis": "y", "origin": [8.5, 7.49375, 8]},
			"faces": {
				"north": {"uv": [4.5, 13, 6, 14.5], "texture": "#2"},
				"east": {"uv": [6, 13, 7.5, 14.5], "texture": "#2"},
				"south": {"uv": [7.5, 13, 9, 14.5], "texture": "#2"},
				"west": {"uv": [11, 13, 12.475, 14.5], "texture": "#2"},
				"up": {"uv": [1.5, 14, 0, 12.5], "texture": "#2"},
				"down": {"uv": [14, 0, 12.5, 1.5], "texture": "#2"}
			}
		}
	],
	"gui_light": "front",
	"display": {
		"thirdperson_righthand": {
			"translation": [0, 1.75, 0],
			"scale": [0.44, 0.44, 0.44]
		},
		"thirdperson_lefthand": {
			"translation": [0.25, 1.75, 0],
			"scale": [0.44, 0.44, 0.44]
		},
		"firstperson_righthand": {
			"rotation": [-15, 45, 15],
			"translation": [1.5, 3.75, 1.25],
			"scale": [0.44, 0.44, 0.44]
		},
		"firstperson_lefthand": {
			"rotation": [-15, 45, 15],
			"translation": [1.5, 3.75, 1.25],
			"scale": [0.44, 0.44, 0.44]
		},
		"ground": {
			"translation": [0, 3, 0],
			"scale": [0.44, 0.44, 0.44]
		},
		"gui": {
			"rotation": [0, -45, 0],
			"translation": [0, 1.5, 0]
		},
		"head": {
			"translation": [0, 12.75, 0],
			"scale": [0.44, 0.44, 0.44]
		}
	},
	"groups": [
		{
			"name": "bottle",
			"origin": [0, 0, 0],
			"color": 0,
			"nbt": "{}",
			"children": [0, 1, 2, 3, 4, 5]
		}
	]
}