{
	"credit": "Made by pikachurro",
	"texture_size": [32, 32],
	"textures": {
		"2": "item/potion_overlay",
		"particle": "item/lingering_potion"
	},
	"elements": [
		{
			"from": [5, 0, 4.5],
			"to": [12, 7, 11.5],
			"rotation": {"angle": 0, "axis": "y", "origin": [8.5, 7.49375, 8]},
			"faces": {
				"north": {"uv": [4.5, 0, 8, 3.5], "texture": "#particle"},
				"east": {"uv": [4.5, 3.5, 8, 7], "texture": "#particle"},
				"south": {"uv": [4.5, 7, 8, 10.5], "texture": "#particle"},
				"west": {"uv": [0, 9, 3.5, 12.5], "texture": "#particle"},
				"up": {"uv": [3.5, 3.5, 0, 0], "texture": "#particle"},
				"down": {"uv": [3.5, 4.5, 0, 8], "texture": "#particle"}
			}
		},
		{
			"from": [5, 7, 4.5],
			"to": [12, 8, 11.5],
			"rotation": {"angle": 0, "axis": "y", "origin": [8.5, 7.49375, 8]},
			"faces": {
				"north": {"uv": [12.5, 1.5, 16, 2], "texture": "#particle"},
				"east": {"uv": [12.5, 2, 16, 2.5], "texture": "#particle"},
				"south": {"uv": [12.5, 2.5, 16, 3], "texture": "#particle"},
				"west": {"uv": [12.5, 3, 16, 3.5], "texture": "#particle"},
				"up": {"uv": [12.5, 3.5, 9, 0], "texture": "#particle"},
				"down": {"uv": [12.5, 3.5, 9, 7], "texture": "#particle"}
			}
		},
		{
			"from": [7, 7, 6.5],
			"to": [10, 9, 9.5],
			"rotation": {"angle": 0, "axis": "y", "origin": [8.5, 5.49375, 8]},
			"faces": {
				"north": {"uv": [1.5, 12.5, 3, 13.5], "texture": "#particle"},
				"east": {"uv": [3, 12.5, 4.5, 13.5], "texture": "#particle"},
				"south": {"uv": [12.5, 3.5, 14, 4.5], "texture": "#particle"},
				"west": {"uv": [12.5, 4.5, 14, 5.5], "texture": "#particle"},
				"up": {"uv": [8.5, 12, 7, 10.5], "texture": "#particle"},
				"down": {"uv": [11, 12, 9.5, 13.5], "texture": "#particle"}
			}
		},
		{
			"from": [6, 9, 5.5],
			"to": [11, 10, 10.5],
			"rotation": {"angle": 0, "axis": "y", "origin": [8.5, 5.49375, 8]},
			"faces": {
				"north": {"uv": [11.5, 9.5, 14, 10], "texture": "#particle"},
				"east": {"uv": [11.5, 10.5, 14, 11], "texture": "#particle"},
				"south": {"uv": [11.5, 11.5, 14, 12], "texture": "#particle"},
				"west": {"uv": [7, 12, 9.5, 12.5], "texture": "#particle"},
				"up": {"uv": [7, 13, 4.5, 10.5], "texture": "#particle"},
				"down": {"uv": [14, 7, 11.5, 9.5], "texture": "#particle"}
			}
		},
		{
			"from": [7, 9, 9.5],
			"to": [10, 10, 9.5],
			"rotation": {"angle": 0, "axis": "y", "origin": [8.5, 5.49375, 8]},
			"faces": {
				"north": {"uv": [11.5, 9.5, 13, 10], "texture": "#particle"},
				"east": {"uv": [12.5, 10.5, 14, 11], "texture": "#particle"},
				"south": {"uv": [12.5, 11.5, 14, 12], "texture": "#particle"},
				"west": {"uv": [6.5, 12, 8, 12.5], "texture": "#particle"},
				"up": {"uv": [6.5, 10, 6, 10.5], "texture": "#particle"},
				"down": {"uv": [15, 7, 14, 9.5], "texture": "#particle"}
			}
		},
		{
			"from": [7, 9, 6.5],
			"to": [10, 10, 6.5],
			"rotation": {"angle": 0, "axis": "y", "origin": [8.5, 5.49375, 5]},
			"faces": {
				"north": {"uv": [11.5, 9.5, 14, 10], "texture": "#particle"},
				"east": {"uv": [11.5, 10.5, 14, 11], "texture": "#particle"},
				"south": {"uv": [11.5, 11.5, 13, 12], "texture": "#particle"},
				"west": {"uv": [7, 12, 8, 12.5], "texture": "#particle"},
				"up": {"uv": [7, 13, 4.5, 10.5], "texture": "#particle"},
				"down": {"uv": [14, 7, 11.5, 9.5], "texture": "#particle"}
			}
		},
		{
			"from": [8.075, 7, 6.525],
			"to": [9.025, 12, 9.475],
			"rotation": {"angle": 22.5, "axis": "z", "origin": [8.5, 6.49375, 8]},
			"faces": {
				"north": {"uv": [4.5, 13, 6, 14.5], "texture": "#particle"},
				"east": {"uv": [6, 13, 7.5, 14.5], "texture": "#particle"},
				"south": {"uv": [7.5, 13, 9, 14.5], "texture": "#particle"},
				"west": {"uv": [11, 13, 12.475, 14.5], "texture": "#particle"},
				"up": {"uv": [1.5, 14, 0, 12.5], "texture": "#particle"},
				"down": {"uv": [14, 0, 12.5, 1.5], "texture": "#particle"}
			}
		},
		{
			"from": [7.975, 7, 6.525],
			"to": [8.925, 12, 9.475],
			"rotation": {"angle": -22.5, "axis": "z", "origin": [8.5, 6.49375, 8]},
			"faces": {
				"north": {"uv": [4.5, 13, 6, 14.5], "texture": "#particle"},
				"east": {"uv": [6, 13, 7.5, 14.5], "texture": "#particle"},
				"south": {"uv": [7.5, 13, 9, 14.5], "texture": "#particle"},
				"west": {"uv": [11, 13, 12.475, 14.5], "texture": "#particle"},
				"up": {"uv": [1.5, 14, 0, 12.5], "texture": "#particle"},
				"down": {"uv": [14, 0, 12.5, 1.5], "texture": "#particle"}
			}
		},
		{
			"from": [5.025, 0.025, 4.525],
			"to": [11.975, 6.95, 11.475],
			"rotation": {"angle": 0, "axis": "y", "origin": [8.5, 7.49375, 8]},
			"faces": {
				"north": {"uv": [4.5, 0, 7.975, 3.4625], "texture": "#2", "tintindex": 0},
				"east": {"uv": [4.5, 3.5, 7.975, 6.9625], "texture": "#2", "tintindex": 0},
				"south": {"uv": [4.5, 7, 7.975, 10.4625], "texture": "#2", "tintindex": 0},
				"west": {"uv": [0, 9, 3.475, 12.4625], "texture": "#2", "tintindex": 0},
				"up": {"uv": [3.475, 3.475, 0, 0], "texture": "#2", "tintindex": 0},
				"down": {"uv": [3.475, 4.5, 0, 7.975], "texture": "#2", "tintindex": 0}
			}
		},
		{
			"from": [5.025, 6.95, 4.525],
			"to": [11.975, 7.975, 11.475],
			"rotation": {"angle": 0, "axis": "y", "origin": [8.5, 7.49375, 8]},
			"faces": {
				"north": {"uv": [5, 0.5, 8.25, 1], "texture": "#2", "tintindex": 0},
				"east": {"uv": [5, 4, 8.25, 4.5], "texture": "#2", "tintindex": 0},
				"south": {"uv": [5, 7.5, 8.475, 8.1125], "texture": "#2", "tintindex": 0},
				"west": {"uv": [0.5, 9.5, 3.975, 10.1125], "texture": "#2", "tintindex": 0},
				"up": {"uv": [3.75, 3.75, 0.5, 0.5], "texture": "#2", "tintindex": 0},
				"down": {"uv": [3.75, 5, 0.5, 8.25], "texture": "#2", "tintindex": 0}
			}
		}
	],
	"gui_light": "front",
	"display": {
		"thirdperson_righthand": {
			"translation": [0, 1.75, 0],
			"scale": [0.44, 0.44, 0.44]
		},
		"thirdperson_lefthand": {
			"translation": [0.25, 1.75, 0],
			"scale": [0.44, 0.44, 0.44]
		},
		"firstperson_righthand": {
			"rotation": [-10.78, -12.83, 1.86],
			"translation": [1.5, 3.75, 1.25],
			"scale": [0.44, 0.44, 0.44]
		},
		"firstperson_lefthand": {
			"rotation": [-10.71, -9.04, 2.55],
			"translation": [1.5, 3.75, 1.25],
			"scale": [0.44, 0.44, 0.44]
		},
		"ground": {
			"translation": [0, 3, 0],
			"scale": [0.44, 0.44, 0.44]
		},
		"gui": {
			"rotation": [0, -45, 0],
			"translation": [-0.5, 1.75, 0]
		},
		"head": {
			"translation": [0, 12.75, 0],
			"scale": [0.66, 0.66, 0.66]
		}
	},
	"groups": [
		{
			"name": "bottle",
			"origin": [0, 0, 0],
			"color": 0,
			"nbt": "{}",
			"children": [0, 1, 2, 3, 4, 5, 6, 7]
		},
		8,
		9
	]
}