{
	"credit": "Made by pikachurro",
	"texture_size": [32, 32],
	"textures": {
		"2": "item/potion_overlay",
		"3": "item/splash_potion",
		"particle": "item/splash_potion"
	},
	"elements": [
		{
			"from": [5, 1, 4.25],
			"to": [12.25, 7, 11.75],
			"rotation": {"angle": 0, "axis": "y", "origin": [8.5, 7.49375, 8]},
			"faces": {
				"north": {"uv": [4.5, 0, 9, 3.5], "texture": "#3"},
				"east": {"uv": [4.5, 3.5, 9, 7], "texture": "#3"},
				"south": {"uv": [4.5, 7, 9, 10.5], "texture": "#3"},
				"west": {"uv": [0, 9, 4.5, 12.5], "texture": "#3"},
				"up": {"uv": [4.375, 4.5, 0, 0], "texture": "#3"},
				"down": {"uv": [4.5, 4.5, 0, 9], "texture": "#3"}
			}
		},
		{
			"from": [5.25, 7, 4.75],
			"to": [11.75, 8, 11.25],
			"rotation": {"angle": 0, "axis": "y", "origin": [8.5, 7.49375, 8]},
			"faces": {
				"north": {"uv": [12.5, 1.5, 16, 2], "texture": "#3"},
				"east": {"uv": [12.5, 2, 16, 2.5], "texture": "#3"},
				"south": {"uv": [12.5, 2.5, 16, 3], "texture": "#3"},
				"west": {"uv": [12.5, 3, 16, 3.5], "texture": "#3"},
				"up": {"uv": [12.5, 3.5, 9, 0], "texture": "#3"},
				"down": {"uv": [12.5, 3.5, 9, 7], "texture": "#3"}
			}
		},
		{
			"from": [5.75, 6.75, 5.5],
			"to": [10.75, 9.75, 10.5],
			"rotation": {"angle": 22.5, "axis": "z", "origin": [8.25, 8.24375, 8]},
			"faces": {
				"north": {"uv": [12.5, 5.5, 15, 6], "texture": "#3"},
				"east": {"uv": [12.5, 6, 15, 6.5], "texture": "#3"},
				"south": {"uv": [12.5, 6.5, 15, 7], "texture": "#3"},
				"west": {"uv": [11, 12.5, 13.5, 13], "texture": "#3"},
				"up": {"uv": [11.5, 9.5, 9, 7], "texture": "#3"},
				"down": {"uv": [11.5, 9.5, 9, 12], "texture": "#3"}
			}
		},
		{
			"from": [6.75, 9.75, 6.5],
			"to": [9.75, 11.75, 9.5],
			"rotation": {"angle": 22.5, "axis": "z", "origin": [8.25, 8.24375, 8]},
			"faces": {
				"north": {"uv": [1.5, 12.5, 3, 13.5], "texture": "#3"},
				"east": {"uv": [3, 12.5, 4.5, 13.5], "texture": "#3"},
				"south": {"uv": [12.5, 3.5, 14, 4.5], "texture": "#3"},
				"west": {"uv": [12.5, 4.5, 14, 5.5], "texture": "#3"},
				"up": {"uv": [8.5, 12, 7, 10.5], "texture": "#3"},
				"down": {"uv": [11, 12, 9.5, 13.5], "texture": "#3"}
			}
		},
		{
			"from": [5.75, 11.75, 5.5],
			"to": [10.75, 12.75, 10.5],
			"rotation": {"angle": 22.5, "axis": "z", "origin": [8.25, 8.24375, 8]},
			"faces": {
				"north": {"uv": [11.5, 9.5, 14, 10], "texture": "#3"},
				"east": {"uv": [11.5, 10.5, 14, 11], "texture": "#3"},
				"south": {"uv": [11.5, 11.5, 14, 12], "texture": "#3"},
				"west": {"uv": [7, 12, 9.5, 12.5], "texture": "#3"},
				"up": {"uv": [7, 13, 4.5, 10.5], "texture": "#3"},
				"down": {"uv": [14, 7, 11.5, 9.5], "texture": "#3"}
			}
		},
		{
			"from": [6.775, 10.75, 6.525],
			"to": [9.725, 13.75, 9.475],
			"rotation": {"angle": 22.5, "axis": "z", "origin": [8.25, 8.24375, 8]},
			"faces": {
				"north": {"uv": [4.5, 13, 6, 14.5], "texture": "#3"},
				"east": {"uv": [6, 13, 7.5, 14.5], "texture": "#3"},
				"south": {"uv": [7.5, 13, 9, 14.5], "texture": "#3"},
				"west": {"uv": [11, 13, 12.475, 14.5], "texture": "#3"},
				"up": {"uv": [1.5, 14, 0, 12.5], "texture": "#3"},
				"down": {"uv": [14, 0, 12.5, 1.5], "texture": "#3"}
			}
		},
		{
			"from": [5.025, 1.025, 4.275],
			"to": [12.225, 6.95, 11.725],
			"rotation": {"angle": 0, "axis": "y", "origin": [8.5, 7.49375, 8]},
			"faces": {
				"north": {"uv": [4.5, 0, 9, 3.5], "texture": "#2", "tintindex": 0},
				"east": {"uv": [4.5, 3.5, 9, 7], "texture": "#2", "tintindex": 0},
				"south": {"uv": [4.5, 7, 8.975, 10.4625], "texture": "#2", "tintindex": 0},
				"west": {"uv": [0, 9, 4.475, 12.4625], "texture": "#2", "tintindex": 0},
				"up": {"uv": [4.35, 4.475, 0, 0], "texture": "#2", "tintindex": 0},
				"down": {"uv": [4.5, 4.5, 0, 9], "texture": "#2", "tintindex": 0}
			}
		},
		{
			"from": [5.275, 6.75, 4.775],
			"to": [11.725, 7.975, 11.225],
			"rotation": {"angle": 0, "axis": "y", "origin": [8.5, 7.49375, 8]},
			"faces": {
				"north": {"uv": [5, 0.5, 8.25, 1], "texture": "#2", "tintindex": 0},
				"east": {"uv": [5, 4, 8.25, 4.5], "texture": "#2", "tintindex": 0},
				"south": {"uv": [5, 7.5, 8.475, 8.1125], "texture": "#2", "tintindex": 0},
				"west": {"uv": [0.5, 9.5, 3.975, 10.1125], "texture": "#2", "tintindex": 0},
				"up": {"uv": [3.75, 3.75, 0.5, 0.5], "texture": "#2", "tintindex": 0},
				"down": {"uv": [3.75, 5, 0.5, 8.25], "texture": "#2", "tintindex": 0}
			}
		}
	],
	"gui_light": "front",
	"display": {
		"thirdperson_righthand": {
			"translation": [0, 1.75, 0],
			"scale": [0.44, 0.44, 0.44]
		},
		"thirdperson_lefthand": {
			"translation": [0.25, 1.75, 0],
			"scale": [0.44, 0.44, 0.44]
		},
		"firstperson_righthand": {
			"rotation": [-163.87, 48.83, 171.98],
			"translation": [1.5, 3.75, 1.25],
			"scale": [0.44, 0.44, 0.44]
		},
		"firstperson_lefthand": {
			"rotation": [42.82, -74.45, 37.38],
			"translation": [1.5, 3.75, 1.25],
			"scale": [0.44, 0.44, 0.44]
		},
		"ground": {
			"translation": [0, 3, 0],
			"scale": [0.44, 0.44, 0.44]
		},
		"gui": {
			"rotation": [180, 45, 180],
			"translation": [0, 0.75, 0]
		},
		"head": {
			"translation": [0, 12.75, 0],
			"scale": [0.66, 0.66, 0.66]
		}
	},
	"groups": [
		{
			"name": "bottle",
			"origin": [0, 0, 0],
			"color": 0,
			"nbt": "{}",
			"children": [0, 1, 2, 3, 4, 5]
		},
		6,
		7
	]
}